titulo,ano,orgao,instituicao,nivel,link
Administrador,2015,DPE/RR,FCC,Superior,https://www.pciconcursos.com.br/provas/download/administrador-dpe-rr-fcc-2015
Administrador,2013,Sergipe Gás S/A,FCC,Superior,https://www.pciconcursos.com.br/provas/download/administrador-sergipe-gas-s-a-fcc-2013
Administrador,2010,DNOCS,FCC,Superior,https://www.pciconcursos.com.br/provas/download/administrador-dnocs-fcc-2010
Administrador,2005,Pref. Santos/SP,FCC,Superior,https://www.pciconcursos.com.br/provas/download/administrador-prefeitura-santos-sp-fcc-2005
Administrador,2005,UFT,FCC,Superior,https://www.pciconcursos.com.br/provas/download/administrador-uft-fcc-2005
Administrador,2005,Pref. Santos/SP,FCC,Superior,https://www.pciconcursos.com.br/provas/download/prova-administrador-prefeitura-santos-sp-fcc-2005-98
Advogado,2016,CREMESP,FCC,Superior,https://www.pciconcursos.com.br/provas/download/advogado-cremesp-fcc-2016
Advogado,2014,SABESP,FCC,Superior,https://www.pciconcursos.com.br/provas/download/advogado-sabesp-fcc-2014
Advogado,2011,Nossa Caixa,FCC,Superior,https://www.pciconcursos.com.br/provas/download/advogado-nossa-caixa-fcc-2011
Advogado,2007,PBGÁS,FCC,Superior,https://www.pciconcursos.com.br/provas/download/advogado-pbgas-fcc-2007
Advogado,2006,Pref. Santos/SP,FCC,Superior,https://www.pciconcursos.com.br/provas/download/advogado-prefeitura-santos-sp-fcc-2006
Advogado,2005,Pref. Santos/SP,FCC,Superior,https://www.pciconcursos.com.br/provas/download/advogado-prefeitura-santos-sp-fcc-2005
Advogado,2005,CEAL,FCC,Superior,https://www.pciconcursos.com.br/provas/download/advogado-ceal-fcc-2005
Advogado I,2012,SABESP,FCC,Superior,https://www.pciconcursos.com.br/provas/download/advogado-i-sabesp-fcc-2012
Advogado Júnior,2016,Metrô SP,FCC,Superior,https://www.pciconcursos.com.br/provas/download/advogado-junior-metro-sp-fcc-2016
Advogado Júnior,2016,Metrô SP,FCC,Superior,https://www.pciconcursos.com.br/provas/download/advogado-junior-metro-sp-fcc-2016-89
Advogado Júnior,2014,METRÔ/SP,FCC,Superior,https://www.pciconcursos.com.br/provas/download/advogado-junior-metro-sp-fcc-2014
Advogado Júnior,2012,Metrô/SP,FCC,Superior,https://www.pciconcursos.com.br/provas/download/advogado-junior-metro-sp-fcc-2012
Advogado Trainee,2010,METRÔ/SP,FCC,Superior,https://www.pciconcursos.com.br/provas/download/advogado-trainee-metro-sp-fcc-2010
Advogado Trainee,2008,METRÔ/SP,FCC,Superior,https://www.pciconcursos.com.br/provas/download/advogado-trainee-metro-sp-fcc-2008
Advogado Trainee,2008,METRÔ/SP,FCC,Superior,https://www.pciconcursos.com.br/provas/download/prova-advogado-trainee-metro-sp-fcc-2008-65
Agente da Fiscalização Financeira,2008,TCE/SP,FCC,Superior,https://www.pciconcursos.com.br/provas/download/agente-da-fiscalizacao-financeira-tce-sp-fcc-2008
Agente da Fiscalização Financeira - Administração,2005,TCE/SP,FCC,Superior,https://www.pciconcursos.com.br/provas/download/agente-da-fiscalizacao-financeira-administracao-tce-sp-fcc-2005
Agente da Fiscalização Financeira - Administração Geral/ Administração,2005,TCE/SP,FCC,Superior,https://www.pciconcursos.com.br/provas/download/agente-da-fiscalizacao-financeira-administracao-geral-administracao-tce-sp-fcc-2005
Agente da Fiscalização Financeira - Administração Geral/ Contabilidade,2005,TCE/SP,FCC,Superior,https://www.pciconcursos.com.br/provas/download/agente-da-fiscalizacao-financeira-administracao-geral-contabilidade-tce-sp-fcc-2005
Agente da Fiscalização Financeira - Administração Geral/ Economia,2005,TCE/SP,FCC,Superior,https://www.pciconcursos.com.br/provas/download/agente-da-fiscalizacao-financeira-administracao-geral-economia-tce-sp-fcc-2005
Agente da Fiscalização Financeira - Direito,2005,TCE/SP,FCC,Superior,https://www.pciconcursos.com.br/provas/download/agente-da-fiscalizacao-financeira-direito-tce-sp-fcc-2005
Agente da Fiscalização Financeira - Economia,2005,TCE/SP,FCC,Superior,https://www.pciconcursos.com.br/provas/download/agente-da-fiscalizacao-financeira-economia-tce-sp-fcc-2005
Agente da Fiscalização Financeira - Engenharia Civil,2005,TCE/SP,FCC,Superior,https://www.pciconcursos.com.br/provas/download/agente-da-fiscalizacao-financeira-engenharia-civil-tce-sp-fcc-2005
Agente da Fiscalização Financeira Informática - Produção e Banco de Dados,2009,TCE/SP,FCC,Superior,https://www.pciconcursos.com.br/provas/download/agente-da-fiscalizacao-financeira-informatica-producao-e-banco-de-dados-tce-sp-fcc-2009
"Agente da Fiscalização Financeira Informática - Redes, Telecomunicações e Segurança",2009,TCE/SP,FCC,Superior,https://www.pciconcursos.com.br/provas/download/agente-da-fiscalizacao-financeira-informatica-redes-telecomunicacoes-e-seguranca-tce-sp-fcc-2009
Agente da Fiscalização Financeira Informática - Suporte de Web,2009,TCE/SP,FCC,Superior,https://www.pciconcursos.com.br/provas/download/agente-da-fiscalizacao-financeira-informatica-suporte-de-web-tce-sp-fcc-2009
Agente da Fiscalização Financeira Informática - Suporte Técnico,2009,TCE/SP,FCC,Superior,https://www.pciconcursos.com.br/provas/download/agente-da-fiscalizacao-financeira-informatica-suporte-tecnico-tce-sp-fcc-2009
Agente de Cerimonial,2019,Pref. São José do Rio Preto/SP,FCC,Superior,https://www.pciconcursos.com.br/provas/download/agente-de-cerimonial-prefeitura-sao-jose-do-rio-preto-sp-fcc-2019
Agente de Defensoria - Administrador,2009,DPE/SP,FCC,Superior,https://www.pciconcursos.com.br/provas/download/agente-de-defensoria-administrador-dpe-sp-fcc-2009
Agente de Defensoria - Administrador de Banco de Dados,2009,DPE/SP,FCC,Superior,https://www.pciconcursos.com.br/provas/download/agente-de-defensoria-administrador-de-banco-de-dados-dpe-sp-fcc-2009
Agente de Defensoria - Analista de Sistemas,2009,DPE/SP,FCC,Superior,https://www.pciconcursos.com.br/provas/download/agente-de-defensoria-analista-de-sistemas-dpe-sp-fcc-2009
Agente de Defensoria - Arquiteto,2009,DPE/SP,FCC,Superior,https://www.pciconcursos.com.br/provas/download/agente-de-defensoria-arquiteto-dpe-sp-fcc-2009
Agente de Defensoria - Assistente Social,2009,DPE/SP,FCC,Superior,https://www.pciconcursos.com.br/provas/download/prova-agente-de-defensoria-assistente-social-dpe-sp-fcc-2009-36
Agente de Defensoria - Assistente Social,2009,DPE/SP,FCC,Superior,https://www.pciconcursos.com.br/provas/download/agente-de-defensoria-assistente-social-dpe-sp-fcc-2009
Agente de Defensoria - Cientista Social/ Sociólogo,2009,DPE/SP,FCC,Superior,https://www.pciconcursos.com.br/provas/download/agente-de-defensoria-cientista-social-sociologo-dpe-sp-fcc-2009
Agente de Defensoria - Comunicação Social,2009,DPE/SP,FCC,Superior,https://www.pciconcursos.com.br/provas/download/agente-de-defensoria-comunicacao-social-dpe-sp-fcc-2009
Agente de Defensoria - Contador,2009,DPE/SP,FCC,Superior,https://www.pciconcursos.com.br/provas/download/agente-de-defensoria-contador-dpe-sp-fcc-2009
Agente de Defensoria - Desenhista Industrial,2009,DPE/SP,FCC,Superior,https://www.pciconcursos.com.br/provas/download/agente-de-defensoria-desenhista-industrial-dpe-sp-fcc-2009
Agente de Defensoria - Engenheiro Civil,2009,DPE/SP,FCC,Superior,https://www.pciconcursos.com.br/provas/download/agente-de-defensoria-engenheiro-civil-dpe-sp-fcc-2009
Agente de Defensoria - Engenheiro Elétrico/ Eletricista,2009,DPE/SP,FCC,Superior,https://www.pciconcursos.com.br/provas/download/agente-de-defensoria-engenheiro-eletrico-eletricista-dpe-sp-fcc-2009
Agente de Defensoria - Progamador,2009,DPE/SP,FCC,Superior,https://www.pciconcursos.com.br/provas/download/agente-de-defensoria-progamador-dpe-sp-fcc-2009
Agente de Defensoria - Psicólogo,2009,DPE/SP,FCC,Superior,https://www.pciconcursos.com.br/provas/download/prova-agente-de-defensoria-psicologo-dpe-sp-fcc-2009-97
Agente de Defensoria - Psicólogo,2009,DPE/SP,FCC,Superior,https://www.pciconcursos.com.br/provas/download/agente-de-defensoria-psicologo-dpe-sp-fcc-2009
Agente de Defensoria Pública - Administrador,2015,DPE/SP,FCC,Superior,https://www.pciconcursos.com.br/provas/download/agente-de-defensoria-publica-administrador-dpe-sp-fcc-2015
Agente de Defensoria Pública - Administrador de Banco de Dados,2015,DPE/SP,FCC,Superior,https://www.pciconcursos.com.br/provas/download/agente-de-defensoria-publica-administrador-de-banco-de-dados-dpe-sp-fcc-2015
Agente de Defensoria Pública - Administrador de Banco de Dados,2013,DPE/SP,FCC,Superior,https://www.pciconcursos.com.br/provas/download/agente-de-defensoria-publica-administrador-de-banco-de-dados-dpe-sp-fcc-2013
Agente de Defensoria Pública - Administrador de Redes,2015,DPE/SP,FCC,Superior,https://www.pciconcursos.com.br/provas/download/agente-de-defensoria-publica-administrador-de-redes-dpe-sp-fcc-2015
Agente de Defensoria Pública - Administrador de Redes,2013,DPE/SP,FCC,Superior,https://www.pciconcursos.com.br/provas/download/agente-de-defensoria-publica-administrador-de-redes-dpe-sp-fcc-2013
Agente de Defensoria Pública - Analista de Sistemas,2015,DPE/SP,FCC,Superior,https://www.pciconcursos.com.br/provas/download/agente-de-defensoria-publica-analista-de-sistemas-dpe-sp-fcc-2015
Agente de Defensoria Pública - Analista de Sistemas,2013,DPE/SP,FCC,Superior,https://www.pciconcursos.com.br/provas/download/agente-de-defensoria-publica-analista-de-sistemas-dpe-sp-fcc-2013
Agente de Defensoria Pública - Analista de Suporte,2015,DPE/SP,FCC,Superior,https://www.pciconcursos.com.br/provas/download/agente-de-defensoria-publica-analista-de-suporte-dpe-sp-fcc-2015
Agente de Defensoria Pública - Arquiteto,2015,DPE/SP,FCC,Superior,https://www.pciconcursos.com.br/provas/download/agente-de-defensoria-publica-arquiteto-dpe-sp-fcc-2015
Agente de Defensoria Pública - Arquivista,2015,DPE/SP,FCC,Superior,https://www.pciconcursos.com.br/provas/download/agente-de-defensoria-publica-arquivista-dpe-sp-fcc-2015
Agente de Defensoria Pública - Assistente Social,2015,DPE/SP,FCC,Superior,https://www.pciconcursos.com.br/provas/download/agente-de-defensoria-publica-assistente-social-dpe-sp-fcc-2015
Agente de Defensoria Pública - Assistente Social,2015,DPE/SP,FCC,Superior,https://www.pciconcursos.com.br/provas/download/agente-de-defensoria-publica-assistente-social-dpe-sp-fcc-2015-48
Agente de Defensoria Pública - Biblioteconomista,2015,DPE/SP,FCC,Superior,https://www.pciconcursos.com.br/provas/download/agente-de-defensoria-publica-biblioteconomista-dpe-sp-fcc-2015
Agente de Defensoria Pública - Cientista Social,2015,DPE/SP,FCC,Superior,https://www.pciconcursos.com.br/provas/download/agente-de-defensoria-publica-cientista-social-dpe-sp-fcc-2015
Agente de Defensoria Pública - Comunicação Social,2015,DPE/SP,FCC,Superior,https://www.pciconcursos.com.br/provas/download/agente-de-defensoria-publica-comunicacao-social-dpe-sp-fcc-2015
Agente de Defensoria Pública - Contador,2015,DPE/SP,FCC,Superior,https://www.pciconcursos.com.br/provas/download/agente-de-defensoria-publica-contador-dpe-sp-fcc-2015
Agente de Defensoria Pública - Contador,2013,DPE/SP,FCC,Superior,https://www.pciconcursos.com.br/provas/download/agente-de-defensoria-publica-contador-dpe-sp-fcc-2013
Agente de Defensoria Pública - Design Gráfico,2015,DPE/SP,FCC,Superior,https://www.pciconcursos.com.br/provas/download/agente-de-defensoria-publica-design-grafico-dpe-sp-fcc-2015
Agente de Defensoria Pública - Engenheiro Civil,2015,DPE/SP,FCC,Superior,https://www.pciconcursos.com.br/provas/download/agente-de-defensoria-publica-engenheiro-civil-dpe-sp-fcc-2015
Agente de Defensoria Pública - Engenheiro Civil,2013,DPE/SP,FCC,Superior,https://www.pciconcursos.com.br/provas/download/agente-de-defensoria-publica-engenheiro-civil-dpe-sp-fcc-2013
Agente de Defensoria Pública - Engenheiro de Redes,2015,DPE/SP,FCC,Superior,https://www.pciconcursos.com.br/provas/download/agente-de-defensoria-publica-engenheiro-de-redes-dpe-sp-fcc-2015
Agente de Defensoria Pública - Engenheiro de Redes,2013,DPE/SP,FCC,Superior,https://www.pciconcursos.com.br/provas/download/agente-de-defensoria-publica-engenheiro-de-redes-dpe-sp-fcc-2013
Agente de Defensoria Pública - Engenheiro de Telecomunicação,2015,DPE/SP,FCC,Superior,https://www.pciconcursos.com.br/provas/download/agente-de-defensoria-publica-engenheiro-de-telecomunicacao-dpe-sp-fcc-2015
Agente de Defensoria Pública - Engenheiro Elétrico,2015,DPE/SP,FCC,Superior,https://www.pciconcursos.com.br/provas/download/agente-de-defensoria-publica-engenheiro-eletrico-dpe-sp-fcc-2015
Agente de Defensoria Pública - Engenheiro Elétrico,2013,DPE/SP,FCC,Superior,https://www.pciconcursos.com.br/provas/download/agente-de-defensoria-publica-engenheiro-eletrico-dpe-sp-fcc-2013
Agente de Defensoria Pública - Engenheiro Mecânico,2015,DPE/SP,FCC,Superior,https://www.pciconcursos.com.br/provas/download/agente-de-defensoria-publica-engenheiro-mecanico-dpe-sp-fcc-2015
Agente de Defensoria Pública - Estatístico,2015,DPE/SP,FCC,Superior,https://www.pciconcursos.com.br/provas/download/agente-de-defensoria-publica-estatistico-dpe-sp-fcc-2015
Agente de Defensoria Pública - Pedagogo,2015,DPE/SP,FCC,Superior,https://www.pciconcursos.com.br/provas/download/agente-de-defensoria-publica-pedagogo-dpe-sp-fcc-2015
Agente de Defensoria Pública - Programador,2015,DPE/SP,FCC,Superior,https://www.pciconcursos.com.br/provas/download/agente-de-defensoria-publica-programador-dpe-sp-fcc-2015
Agente de Defensoria Pública - Programador,2013,DPE/SP,FCC,Superior,https://www.pciconcursos.com.br/provas/download/agente-de-defensoria-publica-programador-dpe-sp-fcc-2013
Agente de Defensoria Pública - Psicólogo,2015,DPE/SP,FCC,Superior,https://www.pciconcursos.com.br/provas/download/agente-de-defensoria-publica-psicologo-dpe-sp-fcc-2015-96
Agente de Defensoria Pública - Psicólogo,2015,DPE/SP,FCC,Superior,https://www.pciconcursos.com.br/provas/download/agente-de-defensoria-publica-psicologo-dpe-sp-fcc-2015
Agente de Defensoria Pública - Relações Públicas,2015,DPE/SP,FCC,Superior,https://www.pciconcursos.com.br/provas/download/agente-de-defensoria-publica-relacoes-publicas-dpe-sp-fcc-2015
Agente de Defensoria Pública - Secretário Executivo Bilíngue,2015,DPE/SP,FCC,Superior,https://www.pciconcursos.com.br/provas/download/agente-de-defensoria-publica-secretario-executivo-bilingue-dpe-sp-fcc-2015
Agente de Fiscalização Financeira,2012,TCE/SP,FCC,Superior,https://www.pciconcursos.com.br/provas/download/prova-agente-de-fiscalizacao-financeira-tce-sp-fcc-2012-91
Agente de Fiscalização Financeira,2012,TCE/SP,FCC,Superior,https://www.pciconcursos.com.br/provas/download/agente-de-fiscalizacao-financeira-tce-sp-fcc-2012
Agente de Fiscalização Financeira - Contabilidade,2005,TCE/SP,FCC,Superior,https://www.pciconcursos.com.br/provas/download/agente-de-fiscalizacao-financeira-contabilidade-tce-sp-fcc-2005
Agente Estadual de Trânsito,2019,DETRAN/SP,FCC,Superior,https://www.pciconcursos.com.br/provas/download/agente-estadual-de-transito-detran-sp-fcc-2019
Agente Fiscal de Posturas,2019,Pref. São José do Rio Preto/SP,FCC,Superior,https://www.pciconcursos.com.br/provas/download/agente-fiscal-de-posturas-prefeitura-sao-jose-do-rio-preto-sp-fcc-2019
Agente Fiscal de Renda - Gestão Tributária,2009,SEFAZ/SP,FCC,Superior,https://www.pciconcursos.com.br/provas/download/agente-fiscal-de-renda-gestao-tributaria-sefaz-sp-fcc-2009
Agente Fiscal de Renda - Tecnologia da Informação,2009,SEFAZ/SP,FCC,Superior,https://www.pciconcursos.com.br/provas/download/agente-fiscal-de-renda-tecnologia-da-informacao-sefaz-sp-fcc-2009
Agente Fiscal de Rendas,2006,SEFAZ/SP,FCC,Superior,https://www.pciconcursos.com.br/provas/download/agente-fiscal-de-rendas-sefaz-sp-fcc-2006
Agente Fiscal de Rendas - Gestão Tributária,2013,SEFAZ/SP,FCC,Superior,https://www.pciconcursos.com.br/provas/download/agente-fiscal-de-rendas-gestao-tributaria-sefaz-sp-fcc-2013
Agente Fiscal de Rendas - Tecnologia da Informação,2013,SEFAZ/SP,FCC,Superior,https://www.pciconcursos.com.br/provas/download/agente-fiscal-de-rendas-tecnologia-da-informacao-sefaz-sp-fcc-2013
Agente Legislativo de Serviços - Técnicos e Administrativos,2010,Assembleia Legislativa/SP,FCC,Superior,https://www.pciconcursos.com.br/provas/download/agente-legislativo-de-servicos-tecnicos-e-administrativos-assembleia-legislativa-sp-fcc-2010
Agente Legislativo de Serviços - Técnicos e Administrativos Áudio,2010,Assembleia Legislativa/SP,FCC,Superior,https://www.pciconcursos.com.br/provas/download/agente-legislativo-de-servicos-tecnicos-e-administrativos-audio-assembleia-legislativa-sp-fcc-2010
Agente Legislativo de Serviços - Técnicos e Administrativos Processamento de Dados,2010,Assembleia Legislativa/SP,FCC,Superior,https://www.pciconcursos.com.br/provas/download/agente-legislativo-de-servicos-tecnicos-e-administrativos-processamento-de-dados-assembleia-legislativa-sp-fcc-2010
Agente Legislativo de Serviços - Técnicos e Administrativos Telecomunicações,2010,Assembleia Legislativa/SP,FCC,Superior,https://www.pciconcursos.com.br/provas/download/agente-legislativo-de-servicos-tecnicos-e-administrativos-telecomunicacoes-assembleia-legislativa-sp-fcc-2010
Agente Técnico - Administrador,2013,MPE/AM,FCC,Superior,https://www.pciconcursos.com.br/provas/download/agente-tecnico-administrador-mpe-am-fcc-2013
Agente Técnico - Comunicólogo,2013,MPE/AM,FCC,Superior,https://www.pciconcursos.com.br/provas/download/agente-tecnico-comunicologo-mpe-am-fcc-2013
Agente Técnico - Contador,2013,MPE/AM,FCC,Superior,https://www.pciconcursos.com.br/provas/download/agente-tecnico-contador-mpe-am-fcc-2013
Agente Técnico - Economista,2013,MPE/AM,FCC,Superior,https://www.pciconcursos.com.br/provas/download/agente-tecnico-economista-mpe-am-fcc-2013
Agente Técnico - Engenheiro Civil,2013,MPE/AM,FCC,Superior,https://www.pciconcursos.com.br/provas/download/agente-tecnico-engenheiro-civil-mpe-am-fcc-2013
Agente Técnico - Engenheiro Florestal,2013,MPE/AM,FCC,Superior,https://www.pciconcursos.com.br/provas/download/agente-tecnico-engenheiro-florestal-mpe-am-fcc-2013
Agente Técnico - Jurídico,2013,MPE/AM,FCC,Superior,https://www.pciconcursos.com.br/provas/download/agente-tecnico-juridico-mpe-am-fcc-2013
Agente Técnico - Médico,2013,MPE/AM,FCC,Superior,https://www.pciconcursos.com.br/provas/download/agente-tecnico-medico-mpe-am-fcc-2013
Agente Técnico - Pedagogo,2013,MPE/AM,FCC,Superior,https://www.pciconcursos.com.br/provas/download/agente-tecnico-pedagogo-mpe-am-fcc-2013
Agente Técnico - Psicólogo,2013,MPE/AM,FCC,Superior,https://www.pciconcursos.com.br/provas/download/agente-tecnico-psicologo-mpe-am-fcc-2013
Agente Técnico Legislativo,2010,Assembleia Legislativa/SP,FCC,Superior,https://www.pciconcursos.com.br/provas/download/agente-tecnico-legislativo-assembleia-legislativa-sp-fcc-2010
Agente Técnico Legislativo - Administração de Banco de Dados e Arquitetura de Dados,2010,Assembleia Legislativa/SP,FCC,Superior,https://www.pciconcursos.com.br/provas/download/agente-tecnico-legislativo-administracao-de-banco-de-dados-e-arquitetura-de-dados-assembleia-legislativa-sp-fcc-2010
Agente Técnico Legislativo - Análise de Infraestrutura de Redes,2010,Assembleia Legislativa/SP,FCC,Superior,https://www.pciconcursos.com.br/provas/download/agente-tecnico-legislativo-analise-de-infraestrutura-de-redes-assembleia-legislativa-sp-fcc-2010
Agente Técnico Legislativo - Arquitetura,2010,Assembleia Legislativa/SP,FCC,Superior,https://www.pciconcursos.com.br/provas/download/agente-tecnico-legislativo-arquitetura-assembleia-legislativa-sp-fcc-2010
Agente Técnico Legislativo - Biblioteconomia,2010,Assembleia Legislativa/SP,FCC,Superior,https://www.pciconcursos.com.br/provas/download/agente-tecnico-legislativo-biblioteconomia-assembleia-legislativa-sp-fcc-2010
Agente Técnico Legislativo - Direito,2010,Assembleia Legislativa/SP,FCC,Superior,https://www.pciconcursos.com.br/provas/download/agente-tecnico-legislativo-direito-assembleia-legislativa-sp-fcc-2010
"Agente Técnico Legislativo - Direito/Lei de Licitações, Direito Administrativo e Público",2010,Assembleia Legislativa/SP,FCC,Superior,https://www.pciconcursos.com.br/provas/download/agente-tecnico-legislativo-direito-lei-de-licitacoes-direito-administrativo-e-publico-assembleia-legislativa-sp-fcc-2010
Agente Técnico Legislativo - Economia / Administração / Ciências Contábeis,2010,Assembleia Legislativa/SP,FCC,Superior,https://www.pciconcursos.com.br/provas/download/agente-tecnico-legislativo-economia-administracao-ciencias-contabeis-assembleia-legislativa-sp-fcc-2010
Agente Técnico Legislativo - Enfermagem,2010,Assembleia Legislativa/SP,FCC,Superior,https://www.pciconcursos.com.br/provas/download/agente-tecnico-legislativo-enfermagem-assembleia-legislativa-sp-fcc-2010
Agente Técnico Legislativo - Engenharia Civil,2010,Assembleia Legislativa/SP,FCC,Superior,https://www.pciconcursos.com.br/provas/download/agente-tecnico-legislativo-engenharia-civil-assembleia-legislativa-sp-fcc-2010
Agente Técnico Legislativo - Engenharia Elétrica,2010,Assembleia Legislativa/SP,FCC,Superior,https://www.pciconcursos.com.br/provas/download/agente-tecnico-legislativo-engenharia-eletrica-assembleia-legislativa-sp-fcc-2010
Agente Técnico Legislativo - Gestão de Projetos,2010,Assembleia Legislativa/SP,FCC,Superior,https://www.pciconcursos.com.br/provas/download/agente-tecnico-legislativo-gestao-de-projetos-assembleia-legislativa-sp-fcc-2010
Agente Técnico Legislativo - História,2010,Assembleia Legislativa/SP,FCC,Superior,https://www.pciconcursos.com.br/provas/download/agente-tecnico-legislativo-historia-assembleia-legislativa-sp-fcc-2010
Agente Técnico Legislativo - Medicina do Trabalho,2010,Assembleia Legislativa/SP,FCC,Superior,https://www.pciconcursos.com.br/provas/download/agente-tecnico-legislativo-medicina-do-trabalho-assembleia-legislativa-sp-fcc-2010
Agente Técnico Legislativo - Pedagogia,2010,Assembleia Legislativa/SP,FCC,Superior,https://www.pciconcursos.com.br/provas/download/agente-tecnico-legislativo-pedagogia-assembleia-legislativa-sp-fcc-2010
Agente Técnico Legislativo - Psicologia,2010,Assembleia Legislativa/SP,FCC,Superior,https://www.pciconcursos.com.br/provas/download/agente-tecnico-legislativo-psicologia-assembleia-legislativa-sp-fcc-2010
Agente Técnico Legislativo - Segurança de Redes,2010,Assembleia Legislativa/SP,FCC,Superior,https://www.pciconcursos.com.br/provas/download/agente-tecnico-legislativo-seguranca-de-redes-assembleia-legislativa-sp-fcc-2010
Agente Técnico Legislativo - Tecnologia da Informação,2010,Assembleia Legislativa/SP,FCC,Superior,https://www.pciconcursos.com.br/provas/download/agente-tecnico-legislativo-tecnologia-da-informacao-assembleia-legislativa-sp-fcc-2010
Agente Técnico Legislativo Direito/Finanças e Orçamento,2010,Assembleia Legislativa/SP,FCC,Superior,https://www.pciconcursos.com.br/provas/download/agente-tecnico-legislativo-direito-financas-e-orcamento-assembleia-legislativa-sp-fcc-2010
Anal. Proc. Org. - Análise de Sistemas/Sistemas de Informação/Ciência da Computação,2010,BAHIAGÁS,FCC,Superior,https://www.pciconcursos.com.br/provas/download/anal-proc-org-analise-de-sistemas-sistemas-de-informacao-ciencia-da-computacao-bahiagas-fcc-2010
Analista,2007,PBGÁS,FCC,Superior,https://www.pciconcursos.com.br/provas/download/analista-pbgas-fcc-2007
Analista,2006,Banco Central,FCC,Superior,https://www.pciconcursos.com.br/provas/download/analista-banco-central-fcc-2006
Analista - Administração,2013,DPE/RS,FCC,Superior,https://www.pciconcursos.com.br/provas/download/analista-administracao-dpe-rs-fcc-2013
Analista - Apoio Informação e Comunicação - Desenvolvimento de Sistemas,2015,CNMP,FCC,Superior,https://www.pciconcursos.com.br/provas/download/analista-apoio-informacao-e-comunicacao-desenvolvimento-de-sistemas-cnmp-fcc-2015
Analista - Apoio Informação e Comunicação - Suporte e Infraestrutura,2015,CNMP,FCC,Superior,https://www.pciconcursos.com.br/provas/download/analista-apoio-informacao-e-comunicacao-suporte-e-infraestrutura-cnmp-fcc-2015
Analista - Apoio Jurídico - Direito,2015,CNMP,FCC,Superior,https://www.pciconcursos.com.br/provas/download/analista-apoio-juridico-direito-cnmp-fcc-2015
Analista - Apoio Técnico Administrativo - Controle Interno,2015,CNMP,FCC,Superior,https://www.pciconcursos.com.br/provas/download/analista-apoio-tecnico-administrativo-controle-interno-cnmp-fcc-2015
Analista - Apoio Técnico Administrativo - Gestão Pública,2015,CNMP,FCC,Superior,https://www.pciconcursos.com.br/provas/download/analista-apoio-tecnico-administrativo-gestao-publica-cnmp-fcc-2015
Analista - Apoio Técnico Especializado - Arquivologia,2015,CNMP,FCC,Superior,https://www.pciconcursos.com.br/provas/download/analista-apoio-tecnico-especializado-arquivologia-cnmp-fcc-2015
Analista - Apoio Técnico Especializado - Comunicação Social,2015,CNMP,FCC,Superior,https://www.pciconcursos.com.br/provas/download/analista-apoio-tecnico-especializado-comunicacao-social-cnmp-fcc-2015
Analista - Apoio Técnico Especializado - Contabilidade,2015,CNMP,FCC,Superior,https://www.pciconcursos.com.br/provas/download/analista-apoio-tecnico-especializado-contabilidade-cnmp-fcc-2015
Analista - Apoio Técnico Especializado - Engenharia Civil,2015,CNMP,FCC,Superior,https://www.pciconcursos.com.br/provas/download/analista-apoio-tecnico-especializado-engenharia-civil-cnmp-fcc-2015
Analista - Apoio Técnico Especializado - Estatística,2015,CNMP,FCC,Superior,https://www.pciconcursos.com.br/provas/download/analista-apoio-tecnico-especializado-estatistica-cnmp-fcc-2015
Analista - Área 1,2006,Banco Central,FCC,Superior,https://www.pciconcursos.com.br/provas/download/analista-area-1-banco-central-fcc-2006
Analista - Área 2,2006,Banco Central,FCC,Superior,https://www.pciconcursos.com.br/provas/download/analista-area-2-banco-central-fcc-2006
Analista - Área 3,2006,Banco Central,FCC,Superior,https://www.pciconcursos.com.br/provas/download/analista-area-3-banco-central-fcc-2006
Analista - Área 4,2006,Banco Central,FCC,Superior,https://www.pciconcursos.com.br/provas/download/analista-area-4-banco-central-fcc-2006
Analista - Área 5,2006,Banco Central,FCC,Superior,https://www.pciconcursos.com.br/provas/download/analista-area-5-banco-central-fcc-2006
Analista - Área Administração,2017,DPE/RS,FCC,Superior,https://www.pciconcursos.com.br/provas/download/analista-area-administracao-dpe-rs-fcc-2017
Analista - Área Contabilidade,2017,DPE/RS,FCC,Superior,https://www.pciconcursos.com.br/provas/download/analista-area-contabilidade-dpe-rs-fcc-2017
Analista - Área Economia,2017,DPE/RS,FCC,Superior,https://www.pciconcursos.com.br/provas/download/analista-area-economia-dpe-rs-fcc-2017
Analista - Área Procuessual,2017,DPE/RS,FCC,Superior,https://www.pciconcursos.com.br/provas/download/analista-area-procuessual-dpe-rs-fcc-2017
Analista - Arquitetura,2013,DPE/RS,FCC,Superior,https://www.pciconcursos.com.br/provas/download/analista-arquitetura-dpe-rs-fcc-2013
Analista - Auditoria de Obras Públicas,2008,TCE/CE,FCC,Superior,https://www.pciconcursos.com.br/provas/download/analista-auditoria-de-obras-publicas-tce-ce-fcc-2008
Analista - Auditoria de Tecnologia da Informação,2008,TCE/CE,FCC,Superior,https://www.pciconcursos.com.br/provas/download/analista-auditoria-de-tecnologia-da-informacao-tce-ce-fcc-2008
Analista - Auditoria Governamental,2008,TCE/CE,FCC,Superior,https://www.pciconcursos.com.br/provas/download/analista-auditoria-governamental-tce-ce-fcc-2008
Analista - Cardiologia,2013,DPE/RS,FCC,Superior,https://www.pciconcursos.com.br/provas/download/analista-cardiologia-dpe-rs-fcc-2013
Analista - Clínica Médica,2013,DPE/RS,FCC,Superior,https://www.pciconcursos.com.br/provas/download/analista-clinica-medica-dpe-rs-fcc-2013
Analista - Comunicação Social,2013,DPE/RS,FCC,Superior,https://www.pciconcursos.com.br/provas/download/analista-comunicacao-social-dpe-rs-fcc-2013
Analista - Contabilidade,2013,DPE/RS,FCC,Superior,https://www.pciconcursos.com.br/provas/download/analista-contabilidade-dpe-rs-fcc-2013
Analista - Economia,2013,DPE/RS,FCC,Superior,https://www.pciconcursos.com.br/provas/download/analista-economia-dpe-rs-fcc-2013
Analista - Enfermagem,2013,DPE/RS,FCC,Superior,https://www.pciconcursos.com.br/provas/download/analista-enfermagem-dpe-rs-fcc-2013
Analista - Engenharia Civil,2013,DPE/RS,FCC,Superior,https://www.pciconcursos.com.br/provas/download/analista-engenharia-civil-dpe-rs-fcc-2013
Analista - Engenharia Elétrica,2013,DPE/RS,FCC,Superior,https://www.pciconcursos.com.br/provas/download/analista-engenharia-eletrica-dpe-rs-fcc-2013
Analista - Engenharia Elétrica,2012,TRF 4ª,FCC,Superior,https://www.pciconcursos.com.br/provas/download/analista-engenharia-eletrica-trf-4-fcc-2012
Analista - Informática,2013,DPE/RS,FCC,Superior,https://www.pciconcursos.com.br/provas/download/analista-informatica-dpe-rs-fcc-2013
Analista - Oftalmologia,2013,DPE/RS,FCC,Superior,https://www.pciconcursos.com.br/provas/download/analista-oftalmologia-dpe-rs-fcc-2013
Analista - Psicologia,2013,DPE/RS,FCC,Superior,https://www.pciconcursos.com.br/provas/download/analista-psicologia-dpe-rs-fcc-2013
Analista - Psiquiatria,2013,DPE/RS,FCC,Superior,https://www.pciconcursos.com.br/provas/download/analista-psiquiatria-dpe-rs-fcc-2013
Analista Administrador,2016,COPERGÁS,FCC,Superior,https://www.pciconcursos.com.br/provas/download/analista-administrador-copergas-fcc-2016
Analista Administrador,2016,Copergás,FCC,Superior,https://www.pciconcursos.com.br/provas/download/analista-administrador-copergas-fcc-2016-91
Analista Administrador,2011,COPERGÁS,FCC,Superior,https://www.pciconcursos.com.br/provas/download/analista-administrador-copergas-fcc-2011
Analista Administrativo,2007,MPU,FCC,Superior,https://www.pciconcursos.com.br/provas/download/analista-administrativo-mpu-fcc-2007
Analista Administrativo,2006,BACEN,FCC,Superior,https://www.pciconcursos.com.br/provas/download/analista-administrativo-bacen-fcc-2006
Analista Administrativo - Serviços Administrativos,2019,Sanasa/SP,FCC,Superior,https://www.pciconcursos.com.br/provas/download/analista-administrativo-servicos-administrativos-sanasa-sp-fcc-2019
Analista Ambiental - Analista de Sistemas,2006,SEMA/MA,FCC,Superior,https://www.pciconcursos.com.br/provas/download/analista-ambiental-analista-de-sistemas-sema-ma-fcc-2006
Analista Ambiental - Biólogo,2016,SEMA - SEGEP/MA,FCC,Superior,https://www.pciconcursos.com.br/provas/download/analista-ambiental-biologo-sema-segep-ma-fcc-2016
Analista Ambiental - Biólogo,2006,SEMA/MA,FCC,Superior,https://www.pciconcursos.com.br/provas/download/analista-ambiental-biologo-sema-ma-fcc-2006
Analista Ambiental - Bioquímico,2016,SEMA - SEGEP/MA,FCC,Superior,https://www.pciconcursos.com.br/provas/download/analista-ambiental-bioquimico-sema-segep-ma-fcc-2016
Analista Ambiental - Bioquímico,2006,SEMA/MA,FCC,Superior,https://www.pciconcursos.com.br/provas/download/analista-ambiental-bioquimico-sema-ma-fcc-2006
Analista Ambiental - Economista,2006,SEMA/MA,FCC,Superior,https://www.pciconcursos.com.br/provas/download/analista-ambiental-economista-sema-ma-fcc-2006
Analista Ambiental - Engenheiro Agrônomo,2016,SEMA - SEGEP/MA,FCC,Superior,https://www.pciconcursos.com.br/provas/download/analista-ambiental-engenheiro-agronomo-sema-segep-ma-fcc-2016
Analista Ambiental - Engenheiro Agrônomo,2006,SEMA/MA,FCC,Superior,https://www.pciconcursos.com.br/provas/download/analista-ambiental-engenheiro-agronomo-sema-ma-fcc-2006
Analista Ambiental - Engenheiro Ambiental,2016,SEMA - SEGEP/MA,FCC,Superior,https://www.pciconcursos.com.br/provas/download/analista-ambiental-engenheiro-ambiental-sema-segep-ma-fcc-2016
Analista Ambiental - Engenheiro Ambiental,2006,SEMA/MA,FCC,Superior,https://www.pciconcursos.com.br/provas/download/analista-ambiental-engenheiro-ambiental-sema-ma-fcc-2006
Analista Ambiental - Engenheiro Civil,2016,SEMA - SEGEP/MA,FCC,Superior,https://www.pciconcursos.com.br/provas/download/analista-ambiental-engenheiro-civil-sema-segep-ma-fcc-2016
Analista Ambiental - Engenheiro Civil,2006,SEMA/MA,FCC,Superior,https://www.pciconcursos.com.br/provas/download/analista-ambiental-engenheiro-civil-sema-ma-fcc-2006
Analista Ambiental - Engenheiro de Pesca,2016,SEMA - SEGEP/MA,FCC,Superior,https://www.pciconcursos.com.br/provas/download/analista-ambiental-engenheiro-de-pesca-sema-segep-ma-fcc-2016
Analista Ambiental - Engenheiro de Pesca,2006,SEMA/MA,FCC,Superior,https://www.pciconcursos.com.br/provas/download/analista-ambiental-engenheiro-de-pesca-sema-ma-fcc-2006
Analista Ambiental - Engenheiro Florestal,2016,SEMA - SEGEP/MA,FCC,Superior,https://www.pciconcursos.com.br/provas/download/analista-ambiental-engenheiro-florestal-sema-segep-ma-fcc-2016
Analista Ambiental - Engenheiro Florestal,2006,SEMA/MA,FCC,Superior,https://www.pciconcursos.com.br/provas/download/analista-ambiental-engenheiro-florestal-sema-ma-fcc-2006
Analista Ambiental - Geógrafo,2016,SEMA - SEGEP/MA,FCC,Superior,https://www.pciconcursos.com.br/provas/download/analista-ambiental-geografo-sema-segep-ma-fcc-2016
Analista Ambiental - Geógrafo,2006,SEMA/MA,FCC,Superior,https://www.pciconcursos.com.br/provas/download/analista-ambiental-geografo-sema-ma-fcc-2006
Analista Ambiental - Geólogo,2016,SEMA - SEGEP/MA,FCC,Superior,https://www.pciconcursos.com.br/provas/download/analista-ambiental-geologo-sema-segep-ma-fcc-2016
Analista Ambiental - Geólogo,2006,SEMA/MA,FCC,Superior,https://www.pciconcursos.com.br/provas/download/analista-ambiental-geologo-sema-ma-fcc-2006
Analista Ambiental - Geoprocessamento,2016,SEMA - SEGEP/MA,FCC,Superior,https://www.pciconcursos.com.br/provas/download/analista-ambiental-geoprocessamento-sema-segep-ma-fcc-2016
Analista Ambiental - Hidrólogo,2016,SEMA - SEGEP/MA,FCC,Superior,https://www.pciconcursos.com.br/provas/download/analista-ambiental-hidrologo-sema-segep-ma-fcc-2016
Analista Ambiental - Oceanógrafo,2016,SEMA - SEGEP/MA,FCC,Superior,https://www.pciconcursos.com.br/provas/download/analista-ambiental-oceanografo-sema-segep-ma-fcc-2016
Analista Ambiental - Pedagogo,2016,SEMA - SEGEP/MA,FCC,Superior,https://www.pciconcursos.com.br/provas/download/analista-ambiental-pedagogo-sema-segep-ma-fcc-2016
Analista Ambiental - Químico,2016,SEMA - SEGEP/MA,FCC,Superior,https://www.pciconcursos.com.br/provas/download/analista-ambiental-quimico-sema-segep-ma-fcc-2016
Analista Ambiental - Turismólogo,2006,SEMA/MA,FCC,Superior,https://www.pciconcursos.com.br/provas/download/analista-ambiental-turismologo-sema-ma-fcc-2006
Analista Atuarial,2007,MPU,FCC,Superior,https://www.pciconcursos.com.br/provas/download/analista-atuarial-mpu-fcc-2007
Analista Comunicação Social,2015,DPE/RR,FCC,Superior,https://www.pciconcursos.com.br/provas/download/analista-comunicacao-social-dpe-rr-fcc-2015
Analista Contábil,2005,BACEN,FCC,Superior,https://www.pciconcursos.com.br/provas/download/analista-contabil-bacen-fcc-2005
Analista Contador,2016,COPERGÁS,FCC,Superior,https://www.pciconcursos.com.br/provas/download/analista-contador-copergas-fcc-2016
Analista Contador,2016,Copergás,FCC,Superior,https://www.pciconcursos.com.br/provas/download/analista-contador-copergas-fcc-2016-31
Analista Contador,2011,COPERGÁS,FCC,Superior,https://www.pciconcursos.com.br/provas/download/analista-contador-copergas-fcc-2011
Analista de Arquitetura,2007,MPU,FCC,Superior,https://www.pciconcursos.com.br/provas/download/analista-de-arquitetura-mpu-fcc-2007
Analista de Comunicação,2016,CREMESP,FCC,Superior,https://www.pciconcursos.com.br/provas/download/analista-de-comunicacao-cremesp-fcc-2016
Analista de Contas - Especialidade Direito,2013,MPC/MT,FCC,Superior,https://www.pciconcursos.com.br/provas/download/analista-de-contas-especialidade-direito-mpc-mt-fcc-2013
Analista de Controle - Administrativa,2011,TCE/PR,FCC,Superior,https://www.pciconcursos.com.br/provas/download/analista-de-controle-administrativa-tce-pr-fcc-2011
Analista de Controle - Atuarial,2011,TCE/PR,FCC,Superior,https://www.pciconcursos.com.br/provas/download/analista-de-controle-atuarial-tce-pr-fcc-2011
Analista de Controle - Contábil,2011,TCE/PR,FCC,Superior,https://www.pciconcursos.com.br/provas/download/analista-de-controle-contabil-tce-pr-fcc-2011
Analista de Controle - Econômica,2011,TCE/PR,FCC,Superior,https://www.pciconcursos.com.br/provas/download/analista-de-controle-economica-tce-pr-fcc-2011
Analista de Controle - Engenharia Civil,2011,TCE/PR,FCC,Superior,https://www.pciconcursos.com.br/provas/download/analista-de-controle-engenharia-civil-tce-pr-fcc-2011
Analista de Controle - Informática,2011,TCE/PR,FCC,Superior,https://www.pciconcursos.com.br/provas/download/analista-de-controle-informatica-tce-pr-fcc-2011
Analista de Controle - Jurídico,2011,TCE/PR,FCC,Superior,https://www.pciconcursos.com.br/provas/download/analista-de-controle-juridico-tce-pr-fcc-2011
Analista de Controle Externo,2005,TCE/MA,FCC,Superior,https://www.pciconcursos.com.br/provas/download/analista-de-controle-externo-tce-ma-fcc-2005
Analista de Controle Externo - Administração - Biblioteconomia,2015,TCE/CE,FCC,Superior,https://www.pciconcursos.com.br/provas/download/analista-de-controle-externo-administracao-biblioteconomia-tce-ce-fcc-2015
Analista de Controle Externo - Administração - Ciências Contábeis,2015,TCE/CE,FCC,Superior,https://www.pciconcursos.com.br/provas/download/analista-de-controle-externo-administracao-ciencias-contabeis-tce-ce-fcc-2015
Analista de Controle Externo - Administrativa,2014,TCE/GO,FCC,Superior,https://www.pciconcursos.com.br/provas/download/analista-de-controle-externo-administrativa-tce-go-fcc-2014
"Analista de Controle Externo - Auditoria, Fiscalização e Avaliação da Gestão Pública - Atividade Jur",2015,TCE/CE,FCC,Superior,https://www.pciconcursos.com.br/provas/download/analista-de-controle-externo-auditoria-fiscalizacao-e-avaliacao-da-gestao-publica-atividade-juridica-tce-ce-fcc-2015
"Analista de Controle Externo - Auditoria, Fiscalização e Avaliação da Gestão Pública - Auditoria Gov",2015,TCE/CE,FCC,Superior,https://www.pciconcursos.com.br/provas/download/analista-de-controle-externo-auditoria-fiscalizacao-e-avaliacao-da-gestao-publica-auditoria-governamental-tce-ce-fcc-2015
"Analista de Controle Externo - Auditoria, Fiscalização e Avaliação da Gestão Pública - Auditoria Obr",2015,TCE/CE,FCC,Superior,https://www.pciconcursos.com.br/provas/download/analista-de-controle-externo-auditoria-fiscalizacao-e-avaliacao-da-gestao-publica-auditoria-obras-tce-ce-fcc-2015
"Analista de Controle Externo - Auditoria, Fiscalização e Avaliação da Gestão Pública - Auditoria Tec",2015,TCE/CE,FCC,Superior,https://www.pciconcursos.com.br/provas/download/analista-de-controle-externo-auditoria-fiscalizacao-e-avaliacao-da-gestao-publica-auditoria-tecnologia-informacao-tce-ce-fcc-2015
Analista de Controle Externo - Contabilidade,2014,TCE/GO,FCC,Superior,https://www.pciconcursos.com.br/provas/download/analista-de-controle-externo-contabilidade-tce-go-fcc-2014
Analista de Controle Externo - Contabilidade,2012,TCE/AP,FCC,Superior,https://www.pciconcursos.com.br/provas/download/analista-de-controle-externo-contabilidade-tce-ap-fcc-2012
Analista de Controle Externo - Contabilidade,2009,TCE/GO,FCC,Superior,https://www.pciconcursos.com.br/provas/download/analista-de-controle-externo-contabilidade-tce-go-fcc-2009
Analista de Controle Externo - Coordenadoria de Engenharia,2011,TCE/SE,FCC,Superior,https://www.pciconcursos.com.br/provas/download/analista-de-controle-externo-coordenadoria-de-engenharia-tce-se-fcc-2011
Analista de Controle Externo - Coordenadoria Jurídica,2011,TCE/SE,FCC,Superior,https://www.pciconcursos.com.br/provas/download/analista-de-controle-externo-coordenadoria-juridica-tce-se-fcc-2011
Analista de Controle Externo - Coordenadorias de Informática,2011,TCE/SE,FCC,Superior,https://www.pciconcursos.com.br/provas/download/analista-de-controle-externo-coordenadorias-de-informatica-tce-se-fcc-2011
Analista de Controle Externo - Coordenadorias Técnicas,2011,TCE/SE,FCC,Superior,https://www.pciconcursos.com.br/provas/download/analista-de-controle-externo-coordenadorias-tecnicas-tce-se-fcc-2011
Analista de Controle Externo - Engenharia,2014,TCE/GO,FCC,Superior,https://www.pciconcursos.com.br/provas/download/analista-de-controle-externo-engenharia-tce-go-fcc-2014
Analista de Controle Externo - Engenharia,2012,TCE/AP,FCC,Superior,https://www.pciconcursos.com.br/provas/download/analista-de-controle-externo-engenharia-tce-ap-fcc-2012
Analista de Controle Externo - Engenheiro Civil,2009,TCE/GO,FCC,Superior,https://www.pciconcursos.com.br/provas/download/analista-de-controle-externo-engenheiro-civil-tce-go-fcc-2009
Analista de Controle Externo - Engenheiro Elétrica,2009,TCE/GO,FCC,Superior,https://www.pciconcursos.com.br/provas/download/analista-de-controle-externo-engenheiro-eletrica-tce-go-fcc-2009
Analista de Controle Externo - Gestão de Conhecimento,2014,TCE/GO,FCC,Superior,https://www.pciconcursos.com.br/provas/download/analista-de-controle-externo-gestao-de-conhecimento-tce-go-fcc-2014
Analista de Controle Externo - Gestão de Conhecimento,2009,TCE/GO,FCC,Superior,https://www.pciconcursos.com.br/provas/download/analista-de-controle-externo-gestao-de-conhecimento-tce-go-fcc-2009
Analista de Controle Externo - Gestão de Pessoas,2014,TCE/GO,FCC,Superior,https://www.pciconcursos.com.br/provas/download/analista-de-controle-externo-gestao-de-pessoas-tce-go-fcc-2014
Analista de Controle Externo - Gestão de Pessoas,2009,TCE/GO,FCC,Superior,https://www.pciconcursos.com.br/provas/download/analista-de-controle-externo-gestao-de-pessoas-tce-go-fcc-2009
Analista de Controle Externo - Inspeção de Obras Públicas,2010,TCM/CE,FCC,Superior,https://www.pciconcursos.com.br/provas/download/analista-de-controle-externo-inspecao-de-obras-publicas-tcm-ce-fcc-2010
Analista de Controle Externo - Inspeção Governamental,2010,TCM/CE,FCC,Superior,https://www.pciconcursos.com.br/provas/download/analista-de-controle-externo-inspecao-governamental-tcm-ce-fcc-2010
Analista de Controle Externo - Jurídica,2014,TCE/GO,FCC,Superior,https://www.pciconcursos.com.br/provas/download/analista-de-controle-externo-juridica-tce-go-fcc-2014
Analista de Controle Externo - Jurídica,2012,TCE/AP,FCC,Superior,https://www.pciconcursos.com.br/provas/download/prova-analista-de-controle-externo-juridica-tce-ap-fcc-2012-43
Analista de Controle Externo - Jurídica,2012,TCE/AP,FCC,Superior,https://www.pciconcursos.com.br/provas/download/analista-de-controle-externo-juridica-tce-ap-fcc-2012
Analista de Controle Externo - Jurídica,2009,TCE/GO,FCC,Superior,https://www.pciconcursos.com.br/provas/download/analista-de-controle-externo-juridica-tce-go-fcc-2009
Analista de Controle Externo - Meio Ambiente,2012,TCE/AP,FCC,Superior,https://www.pciconcursos.com.br/provas/download/analista-de-controle-externo-meio-ambiente-tce-ap-fcc-2012
Analista de Controle Externo - Meio Ambiente,2009,TCE/GO,FCC,Superior,https://www.pciconcursos.com.br/provas/download/analista-de-controle-externo-meio-ambiente-tce-go-fcc-2009
Analista de Controle Externo - Orçamento e Finanças,2014,TCE/GO,FCC,Superior,https://www.pciconcursos.com.br/provas/download/analista-de-controle-externo-orcamento-e-financas-tce-go-fcc-2014
Analista de Controle Externo - Orçamento e Finanças,2012,TCE/AP,FCC,Superior,https://www.pciconcursos.com.br/provas/download/analista-de-controle-externo-orcamento-e-financas-tce-ap-fcc-2012
Analista de Controle Externo - Orçamento e Finanças,2012,TCE/AP,FCC,Superior,https://www.pciconcursos.com.br/provas/download/prova-analista-de-controle-externo-orcamento-e-financas-tce-ap-fcc-2012-36
Analista de Controle Externo - Orçamento e Finanças,2009,TCE/GO,FCC,Superior,https://www.pciconcursos.com.br/provas/download/analista-de-controle-externo-orcamento-e-financas-tce-go-fcc-2009
Analista de Controle Externo - Planejamento e Desenvolvimento Organizacional,2014,TCE/GO,FCC,Superior,https://www.pciconcursos.com.br/provas/download/analista-de-controle-externo-planejamento-e-desenvolvimento-organizacional-tce-go-fcc-2014
Analista de Controle Externo - Planejamento e Desenvolvimento Organizacional,2009,TCE/GO,FCC,Superior,https://www.pciconcursos.com.br/provas/download/analista-de-controle-externo-planejamento-e-desenvolvimento-organizacional-tce-go-fcc-2009
Analista de Controle Externo - Tecnologia da Informação,2014,TCE/GO,FCC,Superior,https://www.pciconcursos.com.br/provas/download/analista-de-controle-externo-tecnologia-da-informacao-tce-go-fcc-2014
Analista de Controle Externo - Tecnologia da Informação,2012,TCE/AP,FCC,Superior,https://www.pciconcursos.com.br/provas/download/analista-de-controle-externo-tecnologia-da-informacao-tce-ap-fcc-2012
Analista de Controle Externo - Tecnologia da Informação,2009,TCE/GO,FCC,Superior,https://www.pciconcursos.com.br/provas/download/analista-de-controle-externo-tecnologia-da-informacao-tce-go-fcc-2009
Analista de Controle Interno,2007,MPU,FCC,Superior,https://www.pciconcursos.com.br/provas/download/analista-de-controle-interno-mpu-fcc-2007
Analista de Documentação - Arquivologia,2007,MPU,FCC,Superior,https://www.pciconcursos.com.br/provas/download/analista-de-documentacao-arquivologia-mpu-fcc-2007
Analista de Documentação - Biblioteconomia,2007,MPU,FCC,Superior,https://www.pciconcursos.com.br/provas/download/analista-de-documentacao-biblioteconomia-mpu-fcc-2007
Analista de Documentação - Comunicação Social,2007,MPU,FCC,Superior,https://www.pciconcursos.com.br/provas/download/analista-de-documentacao-comunicacao-social-mpu-fcc-2007
Analista de Documentação - Estatística,2007,MPU,FCC,Superior,https://www.pciconcursos.com.br/provas/download/analista-de-documentacao-estatistica-mpu-fcc-2007
Analista de Engenharia Civil,2007,MPU,FCC,Superior,https://www.pciconcursos.com.br/provas/download/analista-de-engenharia-civil-mpu-fcc-2007
Analista de Engenharia Elétrica,2007,MPU,FCC,Superior,https://www.pciconcursos.com.br/provas/download/analista-de-engenharia-eletrica-mpu-fcc-2007
Analista de Engenharia Mecânica,2007,MPU,FCC,Superior,https://www.pciconcursos.com.br/provas/download/analista-de-engenharia-mecanica-mpu-fcc-2007
Analista de Finança e Controle,1997,STN,FCC,Superior,https://www.pciconcursos.com.br/provas/download/analista-de-financa-e-controle-stn-fcc-1997
Analista de Finanças,2006,BACEN,FCC,Superior,https://www.pciconcursos.com.br/provas/download/analista-de-financas-bacen-fcc-2006
Analista de Gestão - Administração de Empresas,2014,SABESP,FCC,Superior,https://www.pciconcursos.com.br/provas/download/analista-de-gestao-administracao-de-empresas-sabesp-fcc-2014
Analista de Gestão - Contabilidade,2014,SABESP,FCC,Superior,https://www.pciconcursos.com.br/provas/download/analista-de-gestao-contabilidade-sabesp-fcc-2014
Analista de Gestão - Economia,2014,SABESP,FCC,Superior,https://www.pciconcursos.com.br/provas/download/analista-de-gestao-economia-sabesp-fcc-2014
Analista de Gestão - Serviço Social,2014,SABESP,FCC,Superior,https://www.pciconcursos.com.br/provas/download/analista-de-gestao-servico-social-sabesp-fcc-2014
Analista de Gestão - Sistemas,2014,SABESP,FCC,Superior,https://www.pciconcursos.com.br/provas/download/analista-de-gestao-sistemas-sabesp-fcc-2014
Analista de Gestão 01 - Sistemas,2019,SABESP,FCC,Superior,https://www.pciconcursos.com.br/provas/download/analista-de-gestao-01-sistemas-sabesp-fcc-2019
Analista de Gestão de Pessoas - Área Departamento Pessoal,2016,CREMESP,FCC,Superior,https://www.pciconcursos.com.br/provas/download/analista-de-gestao-de-pessoas-area-departamento-pessoal-cremesp-fcc-2016
Analista de Gestão de Pessoas - Área Recursos Humanos,2016,CREMESP,FCC,Superior,https://www.pciconcursos.com.br/provas/download/analista-de-gestao-de-pessoas-area-recursos-humanos-cremesp-fcc-2016
Analista de Gestão Financeira e Contábil - Área Contábil,2016,CREMESP,FCC,Superior,https://www.pciconcursos.com.br/provas/download/analista-de-gestao-financeira-e-contabil-area-contabil-cremesp-fcc-2016
Analista de Gestão Financeira e Contábil - Área Financeira,2016,CREMESP,FCC,Superior,https://www.pciconcursos.com.br/provas/download/analista-de-gestao-financeira-e-contabil-area-financeira-cremesp-fcc-2016
Analista de Gestão Financeira e Contábil - Área Financeira,2016,CREMESP/SP,FCC,Superior,https://www.pciconcursos.com.br/provas/download/analista-de-gestao-financeira-e-contabil-area-financeira-cremesp-sp-fcc-2016
Analista de Gestão I,2012,SABESP,FCC,Superior,https://www.pciconcursos.com.br/provas/download/analista-de-gestao-i-sabesp-fcc-2012
Analista de Gestão I - Comunicação Social - Publicidade e Propaganda,2012,SABESP,FCC,Superior,https://www.pciconcursos.com.br/provas/download/analista-de-gestao-i-comunicacao-social-publicidade-e-propaganda-sabesp-fcc-2012
Analista de Gestão I - Contabilidade,2012,SABESP,FCC,Superior,https://www.pciconcursos.com.br/provas/download/analista-de-gestao-i-contabilidade-sabesp-fcc-2012
Analista de Gestão I - Design Gráfico,2012,SABESP,FCC,Superior,https://www.pciconcursos.com.br/provas/download/analista-de-gestao-i-design-grafico-sabesp-fcc-2012
Analista de Gestão I - Finanças,2012,SABESP,FCC,Superior,https://www.pciconcursos.com.br/provas/download/analista-de-gestao-i-financas-sabesp-fcc-2012
Analista de Gestão I - Sistemas,2012,SABESP,FCC,Superior,https://www.pciconcursos.com.br/provas/download/analista-de-gestao-i-sistemas-sabesp-fcc-2012
Analista de Gestão I - Suprimentos,2012,SABESP,FCC,Superior,https://www.pciconcursos.com.br/provas/download/analista-de-gestao-i-suprimentos-sabesp-fcc-2012
Analista de Informática - Banco de Dados,2007,MPU,FCC,Superior,https://www.pciconcursos.com.br/provas/download/analista-de-informatica-banco-de-dados-mpu-fcc-2007
Analista de Informática - Desenvolvimento de Sistemas,2007,MPU,FCC,Superior,https://www.pciconcursos.com.br/provas/download/analista-de-informatica-desenvolvimento-de-sistemas-mpu-fcc-2007
Analista de Informática - Suporte Técnico,2007,MPU,FCC,Superior,https://www.pciconcursos.com.br/provas/download/analista-de-informatica-suporte-tecnico-mpu-fcc-2007
Analista de Marketing,2013,Sergipe Gás S/A,FCC,Superior,https://www.pciconcursos.com.br/provas/download/analista-de-marketing-sergipe-gas-s-a-fcc-2013
Analista de Mercados de Capitais,2003,CVM,FCC,Superior,https://www.pciconcursos.com.br/provas/download/analista-de-mercados-de-capitais-cvm-fcc-2003
Analista de Normas Contábeis e Auditoria,2003,CVM,FCC,Superior,https://www.pciconcursos.com.br/provas/download/analista-de-normas-contabeis-e-auditoria-cvm-fcc-2003
Analista de Orçamento,2007,MPU,FCC,Superior,https://www.pciconcursos.com.br/provas/download/analista-de-orcamento-mpu-fcc-2007
Analista de Orçamento,1999,MARE,FCC,Superior,https://www.pciconcursos.com.br/provas/download/analista-de-orcamento-mare-fcc-1999
Analista de Planejamento e Execução Financeira,2003,CVM,FCC,Superior,https://www.pciconcursos.com.br/provas/download/analista-de-planejamento-e-execucao-financeira-cvm-fcc-2003
Analista de Processos Organizacionais - Administração,2010,BAHIAGÁS,FCC,Superior,https://www.pciconcursos.com.br/provas/download/analista-de-processos-organizacionais-administracao-bahiagas-fcc-2010
Analista de Processos Organizacionais - Administração ou Ciências Econômicas,2010,BAHIAGÁS,FCC,Superior,https://www.pciconcursos.com.br/provas/download/analista-de-processos-organizacionais-administracao-ou-ciencias-economicas-bahiagas-fcc-2010
Analista de Processos Organizacionais - Ciências Contábeis,2010,BAHIAGÁS,FCC,Superior,https://www.pciconcursos.com.br/provas/download/analista-de-processos-organizacionais-ciencias-contabeis-bahiagas-fcc-2010
Analista de Processos Organizacionais - Direito,2010,BAHIAGÁS,FCC,Superior,https://www.pciconcursos.com.br/provas/download/analista-de-processos-organizacionais-direito-bahiagas-fcc-2010
Analista de Processos Tecnológicos - Engenharia,2010,BAHIAGÁS,FCC,Superior,https://www.pciconcursos.com.br/provas/download/analista-de-processos-tecnologicos-engenharia-bahiagas-fcc-2010
Analista de Procuradoria - Área de Apoio Administrativo,2013,PGE/BA,FCC,Superior,https://www.pciconcursos.com.br/provas/download/analista-de-procuradoria-area-de-apoio-administrativo-pge-ba-fcc-2013
Analista de Procuradoria - Área de Apoio Calculista,2013,PGE/BA,FCC,Superior,https://www.pciconcursos.com.br/provas/download/analista-de-procuradoria-area-de-apoio-calculista-pge-ba-fcc-2013
Analista de Procuradoria - Área de Apoio Jurídico,2013,PGE/BA,FCC,Superior,https://www.pciconcursos.com.br/provas/download/analista-de-procuradoria-area-de-apoio-juridico-pge-ba-fcc-2013
Analista de Recursos Humanos,2005,CEAL,FCC,Superior,https://www.pciconcursos.com.br/provas/download/analista-de-recursos-humanos-ceal-fcc-2005
Analista de Redes,2006,BACEN,FCC,Superior,https://www.pciconcursos.com.br/provas/download/analista-de-redes-bacen-fcc-2006
Analista de Regulação - Administrador,2012,ARCE,FCC,Superior,https://www.pciconcursos.com.br/provas/download/analista-de-regulacao-administrador-arce-fcc-2012
Analista de Regulação - Administrador,2006,ARCE,FCC,Superior,https://www.pciconcursos.com.br/provas/download/analista-de-regulacao-administrador-arce-fcc-2006
Analista de Regulação - Advogado,2012,ARCE,FCC,Superior,https://www.pciconcursos.com.br/provas/download/analista-de-regulacao-advogado-arce-fcc-2012
Analista de Regulação - Advogado,2006,ARCE,FCC,Superior,https://www.pciconcursos.com.br/provas/download/analista-de-regulacao-advogado-arce-fcc-2006
Analista de Regulação - Analista de Sistemas,2012,ARCE,FCC,Superior,https://www.pciconcursos.com.br/provas/download/analista-de-regulacao-analista-de-sistemas-arce-fcc-2012
Analista de Regulação - Analista de Sistemas,2006,ARCE,FCC,Superior,https://www.pciconcursos.com.br/provas/download/analista-de-regulacao-analista-de-sistemas-arce-fcc-2006
Analista de Regulação - Comunicador Social,2012,ARCE,FCC,Superior,https://www.pciconcursos.com.br/provas/download/analista-de-regulacao-comunicador-social-arce-fcc-2012
Analista de Regulação - Contador,2012,ARCE,FCC,Superior,https://www.pciconcursos.com.br/provas/download/analista-de-regulacao-contador-arce-fcc-2012
Analista de Regulação - Contador,2006,ARCE,FCC,Superior,https://www.pciconcursos.com.br/provas/download/analista-de-regulacao-contador-arce-fcc-2006
Analista de Regulação - Economista,2012,ARCE,FCC,Superior,https://www.pciconcursos.com.br/provas/download/analista-de-regulacao-economista-arce-fcc-2012
Analista de Regulação - Economista,2006,ARCE,FCC,Superior,https://www.pciconcursos.com.br/provas/download/analista-de-regulacao-economista-arce-fcc-2006
Analista de Regulação - Engenheiro Civil,2012,ARCE,FCC,Superior,https://www.pciconcursos.com.br/provas/download/analista-de-regulacao-engenheiro-civil-arce-fcc-2012
Analista de Regulação - Engenheiro Civil,2006,ARCE,FCC,Superior,https://www.pciconcursos.com.br/provas/download/analista-de-regulacao-engenheiro-civil-arce-fcc-2006
Analista de Regulação - Engenheiro de Gás Canalizado,2012,ARCE,FCC,Superior,https://www.pciconcursos.com.br/provas/download/analista-de-regulacao-engenheiro-de-gas-canalizado-arce-fcc-2012
Analista de Regulação - Engenheiro de Gás Canalizado,2006,ARCE,FCC,Superior,https://www.pciconcursos.com.br/provas/download/analista-de-regulacao-engenheiro-de-gas-canalizado-arce-fcc-2006
Analista de Regulação - Engenheiro Eletricista,2012,ARCE,FCC,Superior,https://www.pciconcursos.com.br/provas/download/analista-de-regulacao-engenheiro-eletricista-arce-fcc-2012
Analista de Regulação - Engenheiro Eletricista,2006,ARCE,FCC,Superior,https://www.pciconcursos.com.br/provas/download/analista-de-regulacao-engenheiro-eletricista-arce-fcc-2006
Analista de Saúde - Cardiologia,2007,MPU,FCC,Superior,https://www.pciconcursos.com.br/provas/download/analista-de-saude-cardiologia-mpu-fcc-2007
Analista de Saúde - Clínica Médica,2007,MPU,FCC,Superior,https://www.pciconcursos.com.br/provas/download/analista-de-saude-clinica-medica-mpu-fcc-2007
Analista de Saúde - Dermatologia,2007,MPU,FCC,Superior,https://www.pciconcursos.com.br/provas/download/analista-de-saude-dermatologia-mpu-fcc-2007
Analista de Saúde - Enfermagem,2007,MPU,FCC,Superior,https://www.pciconcursos.com.br/provas/download/analista-de-saude-enfermagem-mpu-fcc-2007
Analista de Saúde - Fisiatria,2007,MPU,FCC,Superior,https://www.pciconcursos.com.br/provas/download/analista-de-saude-fisiatria-mpu-fcc-2007
Analista de Saúde - Nutrição,2007,MPU,FCC,Superior,https://www.pciconcursos.com.br/provas/download/analista-de-saude-nutricao-mpu-fcc-2007
Analista de Saúde - Odontologia,2007,MPU,FCC,Superior,https://www.pciconcursos.com.br/provas/download/analista-de-saude-odontologia-mpu-fcc-2007
Analista de Saúde - Serviço Social,2007,MPU,FCC,Superior,https://www.pciconcursos.com.br/provas/download/analista-de-saude-servico-social-mpu-fcc-2007
Analista de Sistemas,2015,DPE/RR,FCC,Superior,https://www.pciconcursos.com.br/provas/download/analista-de-sistemas-dpe-rr-fcc-2015
Analista de Sistemas,2011,COPERGÁS,FCC,Superior,https://www.pciconcursos.com.br/provas/download/analista-de-sistemas-copergas-fcc-2011
Analista de Sistemas,2010,SERGIPE GÁS,FCC,Superior,https://www.pciconcursos.com.br/provas/download/analista-de-sistemas-sergipe-gas-fcc-2010
Analista de Sistemas,2008,TCE/AL,FCC,Superior,https://www.pciconcursos.com.br/provas/download/analista-de-sistemas-tce-al-fcc-2008
Analista de Sistemas,2007,PBGÁS,FCC,Superior,https://www.pciconcursos.com.br/provas/download/analista-de-sistemas-pbgas-fcc-2007
Analista de Sistemas,2006,Pref. Santos/SP,FCC,Superior,https://www.pciconcursos.com.br/provas/download/analista-de-sistemas-prefeitura-santos-sp-fcc-2006
Analista de Sistemas,2006,BACEN,FCC,Superior,https://www.pciconcursos.com.br/provas/download/analista-de-sistemas-bacen-fcc-2006
Analista de Sistemas,2005,Pref. Santos/SP,FCC,Superior,https://www.pciconcursos.com.br/provas/download/analista-de-sistemas-prefeitura-santos-sp-fcc-2005
Analista de Sistemas,2005,CEAL,FCC,Superior,https://www.pciconcursos.com.br/provas/download/analista-de-sistemas-ceal-fcc-2005
Analista de Sistemas,2003,CVM,FCC,Superior,https://www.pciconcursos.com.br/provas/download/analista-de-sistemas-cvm-fcc-2003
Analista de Sistemas,2003,TCE/SP,FCC,Superior,https://www.pciconcursos.com.br/provas/download/analista-de-sistemas-tce-sp-fcc-2003
Analista de Sistemas - Administrador de Banco de Dados,2015,MPE/PB,FCC,Superior,https://www.pciconcursos.com.br/provas/download/analista-de-sistemas-administrador-de-banco-de-dados-mpe-pb-fcc-2015
Analista de Sistemas - Arquitetura de Software,2009,INFRAERO,FCC,Superior,https://www.pciconcursos.com.br/provas/download/analista-de-sistemas-arquitetura-de-software-infraero-fcc-2009
Analista de Sistemas - Banco de Dados,2003,TCE/SP,FCC,Superior,https://www.pciconcursos.com.br/provas/download/analista-de-sistemas-banco-de-dados-tce-sp-fcc-2003
Analista de Sistemas - Desenvolvedor,2015,MPE/PB,FCC,Superior,https://www.pciconcursos.com.br/provas/download/analista-de-sistemas-desenvolvedor-mpe-pb-fcc-2015
Analista de Sistemas - Redes,2003,TCE/SP,FCC,Superior,https://www.pciconcursos.com.br/provas/download/analista-de-sistemas-redes-tce-sp-fcc-2003
Analista de Sistemas - Suporte,2003,TCE/SP,FCC,Superior,https://www.pciconcursos.com.br/provas/download/analista-de-sistemas-suporte-tce-sp-fcc-2003
Analista de Sistemas - Web,2003,TCE/SP,FCC,Superior,https://www.pciconcursos.com.br/provas/download/analista-de-sistemas-web-tce-sp-fcc-2003
Analista de Sistemas Administrador de Redes,2015,MPE/PB,FCC,Superior,https://www.pciconcursos.com.br/provas/download/analista-de-sistemas-administrador-de-redes-mpe-pb-fcc-2015
Analista de Sistemas de Saneamento I - Geologia,2012,SABESP,FCC,Superior,https://www.pciconcursos.com.br/provas/download/analista-de-sistemas-de-saneamento-i-geologia-sabesp-fcc-2012
Analista de Sistemas I,2011,Nossa Caixa,FCC,Superior,https://www.pciconcursos.com.br/provas/download/analista-de-sistemas-i-nossa-caixa-fcc-2011
Analista de Suporte,2016,CREMESP,FCC,Superior,https://www.pciconcursos.com.br/provas/download/analista-de-suporte-cremesp-fcc-2016
Analista de Suprimentos,2005,CEAL,FCC,Superior,https://www.pciconcursos.com.br/provas/download/analista-de-suprimentos-ceal-fcc-2005
Analista de Tecnologia da Informação,2005,UFT,FCC,Superior,https://www.pciconcursos.com.br/provas/download/analista-de-tecnologia-da-informacao-uft-fcc-2005
Analista de Tecnologia da Informação - Área de Administração de Banco de Dados,2016,CREMESP,FCC,Superior,https://www.pciconcursos.com.br/provas/download/analista-de-tecnologia-da-informacao-area-de-administracao-de-banco-de-dados-cremesp-fcc-2016
Analista de Tecnologia da Informação - Área de Análise de Sistemas,2016,CREMESP,FCC,Superior,https://www.pciconcursos.com.br/provas/download/analista-de-tecnologia-da-informacao-area-de-analise-de-sistemas-cremesp-fcc-2016
Analista de Tecnologia da Informação - Área de Análise de Sistemas,2016,CREMESP/SP,FCC,Superior,https://www.pciconcursos.com.br/provas/download/analista-de-tecnologia-da-informacao-area-de-analise-de-sistemas-cremesp-sp-fcc-2016
Analista de Tecnologia da Informação - Engenharia de Software/ Desenvolvimento de Sistemas,2010,MPE/RN,FCC,Superior,https://www.pciconcursos.com.br/provas/download/analista-de-tecnologia-da-informacao-engenharia-de-software-desenvolvimento-de-sistemas-mpe-rn-fcc-2010
Analista de Tecnologia da Informação - Suporte Técnico,2010,MPE/RN,FCC,Superior,https://www.pciconcursos.com.br/provas/download/analista-de-tecnologia-da-informacao-suporte-tecnico-mpe-rn-fcc-2010
Analista Desenvolvimento Gestão Júnior - Administração de Empresas,2014,METRÔ/SP,FCC,Superior,https://www.pciconcursos.com.br/provas/download/analista-desenvolvimento-gestao-junior-administracao-de-empresas-metro-sp-fcc-2014
Analista Desenvolvimento Gestão Júnior - Administração de Empresas,2012,Metrô/SP,FCC,Superior,https://www.pciconcursos.com.br/provas/download/analista-desenvolvimento-gestao-junior-administracao-de-empresas-metro-sp-fcc-2012
Analista Desenvolvimento Gestão Júnior - Arquitetura,2014,METRÔ/SP,FCC,Superior,https://www.pciconcursos.com.br/provas/download/analista-desenvolvimento-gestao-junior-arquitetura-metro-sp-fcc-2014
Analista Desenvolvimento Gestão Júnior - Arquitetura,2012,Metrô/SP,FCC,Superior,https://www.pciconcursos.com.br/provas/download/analista-desenvolvimento-gestao-junior-arquitetura-metro-sp-fcc-2012
Analista Desenvolvimento Gestão Júnior - Biblioteconomia,2014,METRÔ/SP,FCC,Superior,https://www.pciconcursos.com.br/provas/download/analista-desenvolvimento-gestao-junior-biblioteconomia-metro-sp-fcc-2014
Analista Desenvolvimento Gestão Júnior - Biblioteconomia,2012,Metrô/SP,FCC,Superior,https://www.pciconcursos.com.br/provas/download/analista-desenvolvimento-gestao-junior-biblioteconomia-metro-sp-fcc-2012
Analista Desenvolvimento Gestão Júnior - Ciências Contábeis,2014,METRÔ/SP,FCC,Superior,https://www.pciconcursos.com.br/provas/download/analista-desenvolvimento-gestao-junior-ciencias-contabeis-metro-sp-fcc-2014
Analista Desenvolvimento Gestão Júnior - Ciências Contábeis,2012,Metrô/SP,FCC,Superior,https://www.pciconcursos.com.br/provas/download/analista-desenvolvimento-gestao-junior-ciencias-contabeis-metro-sp-fcc-2012
Analista Desenvolvimento Gestão Júnior - Ciências da Computação,2014,METRÔ/SP,FCC,Superior,https://www.pciconcursos.com.br/provas/download/analista-desenvolvimento-gestao-junior-ciencias-da-computacao-metro-sp-fcc-2014
Analista Desenvolvimento Gestão Júnior - Ciências da Computação,2012,Metrô/SP,FCC,Superior,https://www.pciconcursos.com.br/provas/download/analista-desenvolvimento-gestao-junior-ciencias-da-computacao-metro-sp-fcc-2012
Analista Desenvolvimento Gestão Junior - Ciências Sociais,2012,Metrô/SP,FCC,Superior,https://www.pciconcursos.com.br/provas/download/analista-desenvolvimento-gestao-junior-ciencias-sociais-metro-sp-fcc-2012
Analista Desenvolvimento Gestão Júnior - Comunicação Social,2014,METRÔ/SP,FCC,Superior,https://www.pciconcursos.com.br/provas/download/analista-desenvolvimento-gestao-junior-comunicacao-social-metro-sp-fcc-2014
Analista Desenvolvimento Gestão Júnior - Comunicação Social,2012,Metrô/SP,FCC,Superior,https://www.pciconcursos.com.br/provas/download/analista-desenvolvimento-gestao-junior-comunicacao-social-metro-sp-fcc-2012
Analista Desenvolvimento Gestão Júnior - Desenho Industrial,2014,METRÔ/SP,FCC,Superior,https://www.pciconcursos.com.br/provas/download/analista-desenvolvimento-gestao-junior-desenho-industrial-metro-sp-fcc-2014
Analista Desenvolvimento Gestão Júnior - Desenho Industrial,2012,Metrô/SP,FCC,Superior,https://www.pciconcursos.com.br/provas/download/analista-desenvolvimento-gestao-junior-desenho-industrial-metro-sp-fcc-2012
Analista Desenvolvimento Gestão Júnior - Economia,2014,METRÔ/SP,FCC,Superior,https://www.pciconcursos.com.br/provas/download/analista-desenvolvimento-gestao-junior-economia-metro-sp-fcc-2014
Analista Desenvolvimento Gestão Júnior - Economia,2012,Metrô/SP,FCC,Superior,https://www.pciconcursos.com.br/provas/download/analista-desenvolvimento-gestao-junior-economia-metro-sp-fcc-2012
Analista Desenvolvimento Gestão Júnior - Geologia,2014,METRÔ/SP,FCC,Superior,https://www.pciconcursos.com.br/provas/download/analista-desenvolvimento-gestao-junior-geologia-metro-sp-fcc-2014
Analista Desenvolvimento Gestão Júnior - Geologia,2012,Metrô/SP,FCC,Superior,https://www.pciconcursos.com.br/provas/download/analista-desenvolvimento-gestao-junior-geologia-metro-sp-fcc-2012
Analista Desenvolvimento Gestão Júnior - Logística,2014,METRÔ/SP,FCC,Superior,https://www.pciconcursos.com.br/provas/download/analista-desenvolvimento-gestao-junior-logistica-metro-sp-fcc-2014
Analista Desenvolvimento Gestão Júnior - Matemática ou Estatística,2014,METRÔ/SP,FCC,Superior,https://www.pciconcursos.com.br/provas/download/analista-desenvolvimento-gestao-junior-matematica-ou-estatistica-metro-sp-fcc-2014
Analista Desenvolvimento Gestão Júnior - Matemática/Estatística,2012,Metrô/SP,FCC,Superior,https://www.pciconcursos.com.br/provas/download/analista-desenvolvimento-gestao-junior-matematica-estatistica-metro-sp-fcc-2012
Analista Desenvolvimento Gestão Júnior - Psicologia,2014,METRÔ/SP,FCC,Superior,https://www.pciconcursos.com.br/provas/download/analista-desenvolvimento-gestao-junior-psicologia-metro-sp-fcc-2014
Analista Desenvolvimento Gestão Júnior - Psicologia,2012,Metrô/SP,FCC,Superior,https://www.pciconcursos.com.br/provas/download/analista-desenvolvimento-gestao-junior-psicologia-metro-sp-fcc-2012
Analista Desenvolvimento Gestão Júnior - Recursos Humanos,2014,METRÔ/SP,FCC,Superior,https://www.pciconcursos.com.br/provas/download/analista-desenvolvimento-gestao-junior-recursos-humanos-metro-sp-fcc-2014
Analista do Ministério Público - Administração,2009,MPE/SE,FCC,Superior,https://www.pciconcursos.com.br/provas/download/analista-do-ministerio-publico-administracao-mpe-se-fcc-2009
Analista do Ministério Público - Análise de Sistema,2009,MPE/SE,FCC,Superior,https://www.pciconcursos.com.br/provas/download/analista-do-ministerio-publico-analise-de-sistema-mpe-se-fcc-2009
Analista do Ministério Público - Biblioteconomia,2010,MPE/SE,FCC,Superior,https://www.pciconcursos.com.br/provas/download/analista-do-ministerio-publico-biblioteconomia-mpe-se-fcc-2010
Analista do Ministério Público - Contabilidade,2009,MPE/SE,FCC,Superior,https://www.pciconcursos.com.br/provas/download/analista-do-ministerio-publico-contabilidade-mpe-se-fcc-2009
Analista do Ministério Público - Direito,2013,MPE/SE,FCC,Superior,https://www.pciconcursos.com.br/provas/download/analista-do-ministerio-publico-direito-mpe-se-fcc-2013
Analista do Ministério Público - Direito,2010,MPE/SE,FCC,Superior,https://www.pciconcursos.com.br/provas/download/analista-do-ministerio-publico-direito-mpe-se-fcc-2010
Analista do Ministério Público - Direito,2009,MPE/SE,FCC,Superior,https://www.pciconcursos.com.br/provas/download/analista-do-ministerio-publico-direito-mpe-se-fcc-2009
Analista do Ministério Público - Engenharia Civil,2009,MPE/SE,FCC,Superior,https://www.pciconcursos.com.br/provas/download/analista-do-ministerio-publico-engenharia-civil-mpe-se-fcc-2009
Analista do Ministério Público - Gestão e Análise de Projeto de Infraestrutura,2010,MPE/SE,FCC,Superior,https://www.pciconcursos.com.br/provas/download/analista-do-ministerio-publico-gestao-e-analise-de-projeto-de-infraestrutura-mpe-se-fcc-2010
Analista do Ministério Público - Gestão e Análise de Projeto de Sistema,2010,MPE/SE,FCC,Superior,https://www.pciconcursos.com.br/provas/download/analista-do-ministerio-publico-gestao-e-analise-de-projeto-de-sistema-mpe-se-fcc-2010
Analista do Ministério Público - Informática I - Gestão e Análise de Projeto de Infraestrutura,2013,MPE/SE,FCC,Superior,https://www.pciconcursos.com.br/provas/download/analista-do-ministerio-publico-informatica-i-gestao-e-analise-de-projeto-de-infraestrutura-mpe-se-fcc-2013
Analista do Ministério Público - Informática I - Gestão e Análise de Projeto de Sistema,2013,MPE/SE,FCC,Superior,https://www.pciconcursos.com.br/provas/download/analista-do-ministerio-publico-informatica-i-gestao-e-analise-de-projeto-de-sistema-mpe-se-fcc-2013
Analista do Ministério Público - Serviço Social,2009,MPE/SE,FCC,Superior,https://www.pciconcursos.com.br/provas/download/analista-do-ministerio-publico-servico-social-mpe-se-fcc-2009
Analista do Ministério Público Estadual - Administração,2012,MPE/RN,FCC,Superior,https://www.pciconcursos.com.br/provas/download/analista-do-ministerio-publico-estadual-administracao-mpe-rn-fcc-2012
Analista do Ministério Público Estadual - Administrativo,2012,MPE/RN,FCC,Superior,https://www.pciconcursos.com.br/provas/download/analista-do-ministerio-publico-estadual-administrativo-mpe-rn-fcc-2012
Analista do Ministério Público Estadual - Arquitetura,2012,MPE/RN,FCC,Superior,https://www.pciconcursos.com.br/provas/download/analista-do-ministerio-publico-estadual-arquitetura-mpe-rn-fcc-2012
Analista do Ministério Público Estadual - Comunicação Social/Jornlismo,2012,MPE/RN,FCC,Superior,https://www.pciconcursos.com.br/provas/download/analista-do-ministerio-publico-estadual-comunicacao-social-jornlismo-mpe-rn-fcc-2012
Analista do Ministério Público Estadual - Contabilidade,2012,MPE/RN,FCC,Superior,https://www.pciconcursos.com.br/provas/download/analista-do-ministerio-publico-estadual-contabilidade-mpe-rn-fcc-2012
Analista do Ministério Público Estadual - Diligências,2012,MPE/RN,FCC,Superior,https://www.pciconcursos.com.br/provas/download/analista-do-ministerio-publico-estadual-diligencias-mpe-rn-fcc-2012
Analista do Ministério Público Estadual - Engenharia Civil,2012,MPE/RN,FCC,Superior,https://www.pciconcursos.com.br/provas/download/analista-do-ministerio-publico-estadual-engenharia-civil-mpe-rn-fcc-2012
Analista do Ministério Público Estadual - Engenharia de Segurança do Trabalho,2012,MPE/RN,FCC,Superior,https://www.pciconcursos.com.br/provas/download/analista-do-ministerio-publico-estadual-engenharia-de-seguranca-do-trabalho-mpe-rn-fcc-2012
Analista do Ministério Público Estadual - Inteligência,2012,MPE/RN,FCC,Superior,https://www.pciconcursos.com.br/provas/download/analista-do-ministerio-publico-estadual-inteligencia-mpe-rn-fcc-2012
Analista do Ministério Público Estadual - Psicologia,2012,MPE/RN,FCC,Superior,https://www.pciconcursos.com.br/provas/download/analista-do-ministerio-publico-estadual-psicologia-mpe-rn-fcc-2012
Analista do Ministério Público Estadual - Serviço Social,2012,MPE/RN,FCC,Superior,https://www.pciconcursos.com.br/provas/download/analista-do-ministerio-publico-estadual-servico-social-mpe-rn-fcc-2012
Analista do Tesouro Estadual,2015,SEFAZ/PI,FCC,Superior,https://www.pciconcursos.com.br/provas/download/analista-do-tesouro-estadual-sefaz-pi-fcc-2015
Analista Econômico,2011,COPERGÁS,FCC,Superior,https://www.pciconcursos.com.br/provas/download/analista-economico-copergas-fcc-2011
Analista Econômico - Financeiro,2005,CEAL,FCC,Superior,https://www.pciconcursos.com.br/provas/download/analista-economico-financeiro-ceal-fcc-2005
Analista Economista,2016,COPERGÁS,FCC,Superior,https://www.pciconcursos.com.br/provas/download/analista-economista-copergas-fcc-2016
Analista Economista,2016,Copergás,FCC,Superior,https://www.pciconcursos.com.br/provas/download/analista-economista-copergas-fcc-2016-21
Analista Educacional - ANE - Inspeção Escolar,2012,SEE/MG,FCC,Superior,https://www.pciconcursos.com.br/provas/download/analista-educacional-ane-inspecao-escolar-see-mg-fcc-2012
Analista Educacional - Atividades Técnicas em SRE e Órgão Central da SEE,2012,SEE/MG,FCC,Superior,https://www.pciconcursos.com.br/provas/download/analista-educacional-atividades-tecnicas-em-sre-e-orgao-central-da-see-see-mg-fcc-2012
Analista em Gestão Especializado de Defensoria - Ciências Contábeis,2018,DPE/AM,FCC,Superior,https://www.pciconcursos.com.br/provas/download/analista-em-gestao-especializado-de-defensoria-ciencias-contabeis-dpe-am-fcc-2018
Analista em Gestão Previdenciária,2019,SPPREV,FCC,Superior,https://www.pciconcursos.com.br/provas/download/analista-em-gestao-previdenciaria-spprev-fcc-2019
Analista em Gestão Previdenciária,2017,FUNAPE,FCC,Superior,https://www.pciconcursos.com.br/provas/download/analista-em-gestao-previdenciaria-funape-fcc-2017
Analista em Gestão Previdenciária,2012,SPPREV,FCC,Superior,https://www.pciconcursos.com.br/provas/download/analista-em-gestao-previdenciaria-spprev-fcc-2012
"Analista em Planejamento, Orçamento e Finanças Públicas",2010,SEFAZ/SP,FCC,Superior,https://www.pciconcursos.com.br/provas/download/analista-em-planejamento-orcamento-e-financas-publicas-sefaz-sp-fcc-2010
Analista em Regulação,2007,ANS,FCC,Superior,https://www.pciconcursos.com.br/provas/download/analista-em-regulacao-ans-fcc-2007
"Analista em Regulação - Esp. Administração, Ciências Contábeis e Economia",2007,ANS,FCC,Superior,https://www.pciconcursos.com.br/provas/download/analista-em-regulacao-esp-administracao-ciencias-contabeis-e-economia-ans-fcc-2007
Analista em Regulação - Especialidade Direito,2007,ANS,FCC,Superior,https://www.pciconcursos.com.br/provas/download/analista-em-regulacao-especialidade-direito-ans-fcc-2007
Analista em Regulação - Especialidade Enfermagem,2007,ANS,FCC,Superior,https://www.pciconcursos.com.br/provas/download/analista-em-regulacao-especialidade-enfermagem-ans-fcc-2007
Analista em Regulação - Especialidade Estatística,2007,ANS,FCC,Superior,https://www.pciconcursos.com.br/provas/download/analista-em-regulacao-especialidade-estatistica-ans-fcc-2007
Analista em Regulação - Especialidade Medicina,2007,ANS,FCC,Superior,https://www.pciconcursos.com.br/provas/download/analista-em-regulacao-especialidade-medicina-ans-fcc-2007
Analista em Regulação - Especialidade Odontologia,2007,ANS,FCC,Superior,https://www.pciconcursos.com.br/provas/download/analista-em-regulacao-especialidade-odontologia-ans-fcc-2007
Analista em Vigilância Sanitária - Arquiteto,2019,Pref. São José do Rio Preto/SP,FCC,Superior,https://www.pciconcursos.com.br/provas/download/analista-em-vigilancia-sanitaria-arquiteto-prefeitura-sao-jose-do-rio-preto-sp-fcc-2019
Analista em Vigilância Sanitária - Biólogo,2019,Pref. São José do Rio Preto/SP,FCC,Superior,https://www.pciconcursos.com.br/provas/download/analista-em-vigilancia-sanitaria-biologo-prefeitura-sao-jose-do-rio-preto-sp-fcc-2019
Analista em Vigilância Sanitária - Enfermeiro,2019,Pref. São José do Rio Preto/SP,FCC,Superior,https://www.pciconcursos.com.br/provas/download/analista-em-vigilancia-sanitaria-enfermeiro-prefeitura-sao-jose-do-rio-preto-sp-fcc-2019
Analista em Vigilância Sanitária - Engenheiro Químico,2019,Pref. São José do Rio Preto/SP,FCC,Superior,https://www.pciconcursos.com.br/provas/download/analista-em-vigilancia-sanitaria-engenheiro-quimico-prefeitura-sao-jose-do-rio-preto-sp-fcc-2019
Analista em Vigilância Sanitária - Farmacêutico,2019,Pref. São José do Rio Preto/SP,FCC,Superior,https://www.pciconcursos.com.br/provas/download/analista-em-vigilancia-sanitaria-farmaceutico-prefeitura-sao-jose-do-rio-preto-sp-fcc-2019
Analista em Vigilância Sanitária - Médico Veterinário,2019,Pref. São José do Rio Preto/SP,FCC,Superior,https://www.pciconcursos.com.br/provas/download/analista-em-vigilancia-sanitaria-medico-veterinario-prefeitura-sao-jose-do-rio-preto-sp-fcc-2019
Analista em Vigilância Sanitária Engenheiro de Alimentos,2019,Pref. São José do Rio Preto/SP,FCC,Superior,https://www.pciconcursos.com.br/provas/download/analista-em-vigilancia-sanitaria-engenheiro-de-alimentos-prefeitura-sao-jose-do-rio-preto-sp-fcc-2019
Analista Geral - Informática,2001,Banco Central,FCC,Superior,https://www.pciconcursos.com.br/provas/download/analista-geral-informatica-banco-central-fcc-2001
Analista Judiciário,2014,TRT 19ª,FCC,Superior,https://www.pciconcursos.com.br/provas/download/analista-judiciario-trt-19-fcc-2014
Analista Judiciário,2014,TRF 3ª,FCC,Superior,https://www.pciconcursos.com.br/provas/download/analista-judiciario-trf-3-fcc-2014
Analista Judiciário,2012,TRE/SP,FCC,Superior,https://www.pciconcursos.com.br/provas/download/analista-judiciario-tre-sp-fcc-2012
Analista Judiciário,2007,TJ/PE,FCC,Superior,https://www.pciconcursos.com.br/provas/download/analista-judiciario-tj-pe-fcc-2007
Analista Judiciário - Administração de Banco de Dados,2004,TRT 9ª,FCC,Superior,https://www.pciconcursos.com.br/provas/download/analista-judiciario-administracao-de-banco-de-dados-trt-9-fcc-2004
Analista Judiciário - Administração de Redes,2005,TRT 11ª,FCC,Superior,https://www.pciconcursos.com.br/provas/download/analista-judiciario-administracao-de-redes-trt-11-fcc-2005
Analista Judiciário - Administração de Redes,2004,TRT 9ª,FCC,Superior,https://www.pciconcursos.com.br/provas/download/analista-judiciario-administracao-de-redes-trt-9-fcc-2004
Analista Judiciário - Administrativa,2016,TRT 20ª,FCC,Superior,https://www.pciconcursos.com.br/provas/download/analista-judiciario-administrativa-trt-20-fcc-2016
Analista Judiciário - Administrativa,2016,TRT 23ª,FCC,Superior,https://www.pciconcursos.com.br/provas/download/analista-judiciario-administrativa-trt-23-fcc-2016
Analista Judiciário - Administrativa,2016,TRF 3ª,FCC,Superior,https://www.pciconcursos.com.br/provas/download/analista-judiciario-administrativa-trf-3-fcc-2016
Analista Judiciário - Administrativa,2015,TRT 9ª,FCC,Superior,https://www.pciconcursos.com.br/provas/download/analista-judiciario-administrativa-trt-9-fcc-2015
Analista Judiciário - Administrativa,2015,TRE/SE,FCC,Superior,https://www.pciconcursos.com.br/provas/download/analista-judiciario-administrativa-tre-se-fcc-2015
Analista Judiciário - Administrativa,2015,TRE/AP,FCC,Superior,https://www.pciconcursos.com.br/provas/download/analista-judiciario-administrativa-tre-ap-fcc-2015
Analista Judiciário - Administrativa,2015,TRE/AP,FCC,Superior,https://www.pciconcursos.com.br/provas/download/analista-judiciario-administrativa-tre-ap-fcc-2015
Analista Judiciário - Administrativa,2015,TRE/PB,FCC,Superior,https://www.pciconcursos.com.br/provas/download/analista-judiciario-administrativa-tre-pb-fcc-2015
Analista Judiciário - Administrativa,2015,TRT 9ª,FCC,Superior,https://www.pciconcursos.com.br/provas/download/analista-judiciario-administrativa-trt-9-fcc-2015
Analista Judiciário - Administrativa,2014,TJ/AP,FCC,Superior,https://www.pciconcursos.com.br/provas/download/analista-judiciario-administrativa-tj-ap-fcc-2014
Analista Judiciário - Administrativa,2014,TRT 16ª,FCC,Superior,https://www.pciconcursos.com.br/provas/download/analista-judiciario-administrativa-trt-16-fcc-2014
Analista Judiciário - Administrativa,2014,TRT 2ª,FCC,Superior,https://www.pciconcursos.com.br/provas/download/analista-judiciario-administrativa-trt-2-fcc-2014
Analista Judiciário - Administrativa,2012,TRT 6ª,FCC,Superior,https://www.pciconcursos.com.br/provas/download/analista-judiciario-administrativa-trt-6-fcc-2012
Analista Judiciário - Administrativa,2012,TRE/CE,FCC,Superior,https://www.pciconcursos.com.br/provas/download/analista-judiciario-administrativa-tre-ce-fcc-2012
Analista Judiciário - Administrativa,2012,TJ/PE,FCC,Superior,https://www.pciconcursos.com.br/provas/download/analista-judiciario-administrativa-tj-pe-fcc-2012
Analista Judiciário - Administrativa,2012,TRT 11ª,FCC,Superior,https://www.pciconcursos.com.br/provas/download/analista-judiciario-administrativa-trt-11-fcc-2012
Analista Judiciário - Administrativa,2011,TRE/PE,FCC,Superior,https://www.pciconcursos.com.br/provas/download/analista-judiciario-administrativa-tre-pe-fcc-2011
Analista Judiciário - Administrativa,2011,TRE/AP,FCC,Superior,https://www.pciconcursos.com.br/provas/download/analista-judiciario-administrativa-tre-ap-fcc-2011
Analista Judiciário - Administrativa,2010,TRE/AL,FCC,Superior,https://www.pciconcursos.com.br/provas/download/analista-judiciario-administrativa-tre-al-fcc-2010
Analista Judiciário - Administrativa,2010,TRF 4ª,FCC,Superior,https://www.pciconcursos.com.br/provas/download/analista-judiciario-administrativa-trf-4-fcc-2010
Analista Judiciário - Administrativa,2010,TRE/RS,FCC,Superior,https://www.pciconcursos.com.br/provas/download/analista-judiciario-administrativa-tre-rs-fcc-2010
Analista Judiciário - Administrativa,2010,TRT 9ª,FCC,Superior,https://www.pciconcursos.com.br/provas/download/analista-judiciario-administrativa-trt-9-fcc-2010
Analista Judiciário - Administrativa,2010,TRT 22ª,FCC,Superior,https://www.pciconcursos.com.br/provas/download/analista-judiciario-administrativa-trt-22-fcc-2010
Analista Judiciário - Administrativa,2009,TRT 16ª,FCC,Superior,https://www.pciconcursos.com.br/provas/download/analista-judiciario-administrativa-trt-16-fcc-2009
Analista Judiciário - Administrativa,2009,TRT 15ª,FCC,Superior,https://www.pciconcursos.com.br/provas/download/analista-judiciario-administrativa-trt-15-fcc-2009
Analista Judiciário - Administrativa,2009,TJ/PI,FCC,Superior,https://www.pciconcursos.com.br/provas/download/analista-judiciario-administrativa-tj-pi-fcc-2009
Analista Judiciário - Administrativa,2009,TRT 7ª,FCC,Superior,https://www.pciconcursos.com.br/provas/download/analista-judiciario-administrativa-trt-7-fcc-2009
Analista Judiciário - Administrativa,2009,TRT 3ª,FCC,Superior,https://www.pciconcursos.com.br/provas/download/analista-judiciario-administrativa-trt-3-fcc-2009
Analista Judiciário - Administrativa,2009,TJ/AP,FCC,Superior,https://www.pciconcursos.com.br/provas/download/analista-judiciario-administrativa-tj-ap-fcc-2009
Analista Judiciário - Administrativa,2009,TRE/AM,FCC,Superior,https://www.pciconcursos.com.br/provas/download/analista-judiciario-administrativa-tre-am-fcc-2009
Analista Judiciário - Administrativa,2008,TRT 2ª,FCC,Superior,https://www.pciconcursos.com.br/provas/download/analista-judiciario-administrativa-trt-2-fcc-2008
Analista Judiciário - Administrativa,2008,TRT 18ª,FCC,Superior,https://www.pciconcursos.com.br/provas/download/analista-judiciario-administrativa-trt-18-fcc-2008
Analista Judiciário - Administrativa,2008,TRT 19ª,FCC,Superior,https://www.pciconcursos.com.br/provas/download/analista-judiciario-administrativa-trt-19-fcc-2008
Analista Judiciário - Administrativa,2008,TRF 5ª,FCC,Superior,https://www.pciconcursos.com.br/provas/download/analista-judiciario-administrativa-trf-5-fcc-2008
Analista Judiciário - Administrativa,2007,TRE/SE,FCC,Superior,https://www.pciconcursos.com.br/provas/download/analista-judiciario-administrativa-tre-se-fcc-2007
Analista Judiciário - Administrativa,2007,TRT 23ª,FCC,Superior,https://www.pciconcursos.com.br/provas/download/analista-judiciario-administrativa-trt-23-fcc-2007
Analista Judiciário - Administrativa,2007,TRE/MS,FCC,Superior,https://www.pciconcursos.com.br/provas/download/analista-judiciario-administrativa-tre-ms-fcc-2007
Analista Judiciário - Administrativa,2007,TRE/PB,FCC,Superior,https://www.pciconcursos.com.br/provas/download/analista-judiciario-administrativa-tre-pb-fcc-2007
Analista Judiciário - Administrativa,2006,TRF 1ª,FCC,Superior,https://www.pciconcursos.com.br/provas/download/analista-judiciario-administrativa-trf-1-fcc-2006
Analista Judiciário - Administrativa,2006,TRT 24ª,FCC,Superior,https://www.pciconcursos.com.br/provas/download/analista-judiciario-administrativa-trt-24-fcc-2006
Analista Judiciário - Administrativa,2006,TRE/AP,FCC,Superior,https://www.pciconcursos.com.br/provas/download/analista-judiciario-administrativa-tre-ap-fcc-2006
Analista Judiciário - Administrativa,2006,TRE/AP,FCC,Superior,https://www.pciconcursos.com.br/provas/download/prova-analista-judiciario-administrativa-tre-ap-fcc-2006-46
Analista Judiciário - Administrativa,2006,TRT 4ª,FCC,Superior,https://www.pciconcursos.com.br/provas/download/analista-judiciario-administrativa-trt-4-fcc-2006
Analista Judiciário - Administrativa,2006,TRE/SP,FCC,Superior,https://www.pciconcursos.com.br/provas/download/analista-judiciario-administrativa-tre-sp-fcc-2006
Analista Judiciário - Administrativa,2005,TRT 11ª,FCC,Superior,https://www.pciconcursos.com.br/provas/download/analista-judiciario-administrativa-trt-11-fcc-2005
Analista Judiciário - Administrativa,2005,TRE/RN,FCC,Superior,https://www.pciconcursos.com.br/provas/download/analista-judiciario-administrativa-tre-rn-fcc-2005
Analista Judiciário - Administrativa,2005,TRE/MG,FCC,Superior,https://www.pciconcursos.com.br/provas/download/analista-judiciario-administrativa-tre-mg-fcc-2005
Analista Judiciário - Administrativa,2004,TRT 17ª,FCC,Superior,https://www.pciconcursos.com.br/provas/download/analista-judiciario-administrativa-trt-17-fcc-2004
Analista Judiciário - Administrativa,2004,TRT 2ª,FCC,Superior,https://www.pciconcursos.com.br/provas/download/analista-judiciario-administrativa-trt-2-fcc-2004
Analista Judiciário - Administrativa,2004,TRT 23ª,FCC,Superior,https://www.pciconcursos.com.br/provas/download/analista-judiciario-administrativa-trt-23-fcc-2004
Analista Judiciário - Administrativa,2004,TRT 9ª,FCC,Superior,https://www.pciconcursos.com.br/provas/download/analista-judiciario-administrativa-trt-9-fcc-2004
Analista Judiciário - Administrativa,2004,TRT 22ª,FCC,Superior,https://www.pciconcursos.com.br/provas/download/analista-judiciario-administrativa-trt-22-fcc-2004
Analista Judiciário - Administrativa,2004,TRT 23ª,FCC,Superior,https://www.pciconcursos.com.br/provas/download/prova-analista-judiciario-administrativa-trt-23-fcc-2004-70
Analista Judiciário - Administrativa,2004,TRE/PE,FCC,Superior,https://www.pciconcursos.com.br/provas/download/analista-judiciario-administrativa-tre-pe-fcc-2004
Analista Judiciário - Administrativa,2004,TRT 2ª,FCC,Superior,https://www.pciconcursos.com.br/provas/download/prova-analista-judiciario-administrativa-trt-2-fcc-2004-75
Analista Judiciário - Administrativa,2003,TRF 5ª,FCC,Superior,https://www.pciconcursos.com.br/provas/download/analista-judiciario-administrativa-trf-5-fcc-2003
Analista Judiciário - Administrativa,2003,TRT 21ª,FCC,Superior,https://www.pciconcursos.com.br/provas/download/analista-judiciario-administrativa-trt-21-fcc-2003
Analista Judiciário - Administrativa,2003,TRT 24ª,FCC,Superior,https://www.pciconcursos.com.br/provas/download/analista-judiciario-administrativa-trt-24-fcc-2003
Analista Judiciário - Administrativa,2003,TRF 5ª,FCC,Superior,https://www.pciconcursos.com.br/provas/download/analista-judiciario-administrativa-trf-5-fcc-2003
Analista Judiciário - Administrativa,2003,TRE/AM,FCC,Superior,https://www.pciconcursos.com.br/provas/download/analista-judiciario-administrativa-tre-am-fcc-2003
Analista Judiciário - Administrativa,2002,TRE/PI,FCC,Superior,https://www.pciconcursos.com.br/provas/download/analista-judiciario-administrativa-tre-pi-fcc-2002
Analista Judiciário - Administrativa,2002,TRT 20ª,FCC,Superior,https://www.pciconcursos.com.br/provas/download/analista-judiciario-administrativa-trt-20-fcc-2002
Analista Judiciário - Administrativa,2002,TRE/CE,FCC,Superior,https://www.pciconcursos.com.br/provas/download/analista-judiciario-administrativa-tre-ce-fcc-2002
Analista Judiciário - Administrativa,2001,TRF 1ª,FCC,Superior,https://www.pciconcursos.com.br/provas/download/analista-judiciario-administrativa-trf-1-fcc-2001
Analista Judiciário - Administrativa - Administração,2014,TJ/AP,FCC,Superior,https://www.pciconcursos.com.br/provas/download/analista-judiciario-administrativa-administracao-tj-ap-fcc-2014
Analista Judiciário - Administrativa - Contabilidade,2016,TRT 20ª,FCC,Superior,https://www.pciconcursos.com.br/provas/download/analista-judiciario-administrativa-contabilidade-trt-20-fcc-2016
Analista Judiciário - Administrativa - Contabilidade,2016,TRT 23ª,FCC,Superior,https://www.pciconcursos.com.br/provas/download/analista-judiciario-administrativa-contabilidade-trt-23-fcc-2016
Analista Judiciário - Administrativa/Contabilidade,2012,TRT 6ª,FCC,Superior,https://www.pciconcursos.com.br/provas/download/analista-judiciario-administrativa-contabilidade-trt-6-fcc-2012
Analista Judiciário - Administrativo,2012,TRE/SP,FCC,Superior,https://www.pciconcursos.com.br/provas/download/analista-judiciario-administrativo-tre-sp-fcc-2012
Analista Judiciário - Administrativo,2011,TRE/RN,FCC,Superior,https://www.pciconcursos.com.br/provas/download/analista-judiciario-administrativo-tre-rn-fcc-2011
Analista Judiciário - Administrativo,2011,TRE/TO,FCC,Superior,https://www.pciconcursos.com.br/provas/download/analista-judiciario-administrativo-tre-to-fcc-2011
Analista Judiciário - Administrativo,2011,TRT 24ª,FCC,Superior,https://www.pciconcursos.com.br/provas/download/analista-judiciario-administrativo-trt-24-fcc-2011
Analista Judiciário - Administrativo,2011,TRT 4ª,FCC,Superior,https://www.pciconcursos.com.br/provas/download/analista-judiciario-administrativo-trt-4-fcc-2011
Analista Judiciário - Administrativo,2011,TRF 1ª,FCC,Superior,https://www.pciconcursos.com.br/provas/download/analista-judiciario-administrativo-trf-1-fcc-2011
Analista Judiciário - Administrativo,2011,TRT 23ª,FCC,Superior,https://www.pciconcursos.com.br/provas/download/analista-judiciario-administrativo-trt-23-fcc-2011
Analista Judiciário - Administrativo,2010,TRT 8ª,FCC,Superior,https://www.pciconcursos.com.br/provas/download/analista-judiciario-administrativo-trt-8-fcc-2010
Analista Judiciário - Análise de Sistema - Desenvolvimento,2009,TJ/PA,FCC,Superior,https://www.pciconcursos.com.br/provas/download/analista-judiciario-analise-de-sistema-desenvolvimento-tj-pa-fcc-2009
Analista Judiciário - Análise de Sistema - Suporte,2009,TJ/PA,FCC,Superior,https://www.pciconcursos.com.br/provas/download/analista-judiciario-analise-de-sistema-suporte-tj-pa-fcc-2009
Analista Judiciário - Análise de Sistemas,2017,TRE/SP,FCC,Superior,https://www.pciconcursos.com.br/provas/download/analista-judiciario-analise-de-sistemas-tre-sp-fcc-2017
Analista Judiciário - Análise de Sistemas,2015,TRE/RR,FCC,Superior,https://www.pciconcursos.com.br/provas/download/analista-judiciario-analise-de-sistemas-tre-rr-fcc-2015
Analista Judiciário - Análise de Sistemas,2012,TRE/CE,FCC,Superior,https://www.pciconcursos.com.br/provas/download/analista-judiciario-analise-de-sistemas-tre-ce-fcc-2012
Analista Judiciário - Análise de Sistemas,2012,TRE/SP,FCC,Superior,https://www.pciconcursos.com.br/provas/download/analista-judiciario-analise-de-sistemas-tre-sp-fcc-2012
Analista Judiciário - Análise de Sistemas,2011,TRE/PE,FCC,Superior,https://www.pciconcursos.com.br/provas/download/analista-judiciario-analise-de-sistemas-tre-pe-fcc-2011
Analista Judiciário - Análise de Sistemas,2009,TRE/PI,FCC,Superior,https://www.pciconcursos.com.br/provas/download/analista-judiciario-analise-de-sistemas-tre-pi-fcc-2009
Analista Judiciário - Análise de Sistemas,2009,TRE/AM,FCC,Superior,https://www.pciconcursos.com.br/provas/download/analista-judiciario-analise-de-sistemas-tre-am-fcc-2009
Analista Judiciário - Análise de Sistemas,2009,TJ/SE,FCC,Superior,https://www.pciconcursos.com.br/provas/download/analista-judiciario-analise-de-sistemas-tj-se-fcc-2009
Analista Judiciário - Análise de Sistemas,2007,TJ/PE,FCC,Superior,https://www.pciconcursos.com.br/provas/download/analista-judiciario-analise-de-sistemas-tj-pe-fcc-2007
Analista Judiciário - Análise de Sistemas,2007,TRE/MS,FCC,Superior,https://www.pciconcursos.com.br/provas/download/analista-judiciario-analise-de-sistemas-tre-ms-fcc-2007
Analista Judiciário - Análise de Sistemas,2007,TRE/SE,FCC,Superior,https://www.pciconcursos.com.br/provas/download/analista-judiciario-analise-de-sistemas-tre-se-fcc-2007
Analista Judiciário - Análise de Sistemas,2006,TRT 4ª,FCC,Superior,https://www.pciconcursos.com.br/provas/download/analista-judiciario-analise-de-sistemas-trt-4-fcc-2006
Analista Judiciário - Analise de Sistemas,2004,TRT 2ª,FCC,Superior,https://www.pciconcursos.com.br/provas/download/analista-judiciario-analise-de-sistemas-trt-2-fcc-2004
Analista Judiciário - Análise de Suporte,2007,TJ/PE,FCC,Superior,https://www.pciconcursos.com.br/provas/download/analista-judiciario-analise-de-suporte-tj-pe-fcc-2007
Analista Judiciário - Analista de Sistemas,2012,TJ/RJ,FCC,Superior,https://www.pciconcursos.com.br/provas/download/analista-judiciario-analista-de-sistemas-tj-rj-fcc-2012
Analista Judiciário - Analista de Sistemas,2012,TJ/PE,FCC,Superior,https://www.pciconcursos.com.br/provas/download/analista-judiciario-analista-de-sistemas-tj-pe-fcc-2012
Analista Judiciário - Analista de Sistemas,2011,TRE/RN,FCC,Superior,https://www.pciconcursos.com.br/provas/download/analista-judiciario-analista-de-sistemas-tre-rn-fcc-2011
Analista Judiciário - Analista de Sistemas,2011,TRE/AP,FCC,Superior,https://www.pciconcursos.com.br/provas/download/analista-judiciario-analista-de-sistemas-tre-ap-fcc-2011
Analista Judiciário - Analista de Sistemas,2010,TRE/RS,FCC,Superior,https://www.pciconcursos.com.br/provas/download/analista-judiciario-analista-de-sistemas-tre-rs-fcc-2010
Analista Judiciário - Analista de Sistemas,2009,TJ/PI,FCC,Superior,https://www.pciconcursos.com.br/provas/download/analista-judiciario-analista-de-sistemas-tj-pi-fcc-2009
Analista Judiciário - Analista de Sistemas,2007,TRE/PB,FCC,Superior,https://www.pciconcursos.com.br/provas/download/analista-judiciario-analista-de-sistemas-tre-pb-fcc-2007
Analista Judiciário - Analista de Sistemas,2006,TRT 24ª,FCC,Superior,https://www.pciconcursos.com.br/provas/download/analista-judiciario-analista-de-sistemas-trt-24-fcc-2006
Analista Judiciário - Analista de Sistemas,2006,TRE/SP,FCC,Superior,https://www.pciconcursos.com.br/provas/download/analista-judiciario-analista-de-sistemas-tre-sp-fcc-2006
Analista Judiciário - Analista de Sistemas,2005,TRT 3ª,FCC,Superior,https://www.pciconcursos.com.br/provas/download/prova-analista-judiciario-analista-de-sistemas-trt-3-fcc-2005-96
Analista Judiciário - Analista de Sistemas,2005,TRT 13ª,FCC,Superior,https://www.pciconcursos.com.br/provas/download/analista-judiciario-analista-de-sistemas-trt-13-fcc-2005
Analista Judiciário - Analista de Sistemas,2005,TRE/MG,FCC,Superior,https://www.pciconcursos.com.br/provas/download/analista-judiciario-analista-de-sistemas-tre-mg-fcc-2005
Analista Judiciário - Analista de Sistemas,2005,TRT 3ª,FCC,Superior,https://www.pciconcursos.com.br/provas/download/analista-judiciario-analista-de-sistemas-trt-3-fcc-2005
Analista Judiciário - Analista de Sistemas,2005,TRE/RN,FCC,Superior,https://www.pciconcursos.com.br/provas/download/analista-judiciario-analista-de-sistemas-tre-rn-fcc-2005
Analista Judiciário - Analista de Sistemas,2004,TRT 23ª,FCC,Superior,https://www.pciconcursos.com.br/provas/download/analista-judiciario-analista-de-sistemas-trt-23-fcc-2004
Analista Judiciário - Analista de Sistemas,2004,TRF 4ª,FCC,Superior,https://www.pciconcursos.com.br/provas/download/analista-judiciario-analista-de-sistemas-trf-4-fcc-2004
Analista Judiciário - Analista de Sistemas,2004,TRT 2ª,FCC,Superior,https://www.pciconcursos.com.br/provas/download/analista-judiciario-analista-de-sistemas-trt-2-fcc-2004
Analista Judiciário - Analista de Sistemas,2004,TRT 9ª,FCC,Superior,https://www.pciconcursos.com.br/provas/download/analista-judiciario-analista-de-sistemas-trt-9-fcc-2004
Analista Judiciário - Analista de Sistemas,2004,TRT 23ª,FCC,Superior,https://www.pciconcursos.com.br/provas/download/prova-analista-judiciario-analista-de-sistemas-trt-23-fcc-2004-30
Analista Judiciário - Analista de Sistemas,2004,TRT 22ª,FCC,Superior,https://www.pciconcursos.com.br/provas/download/analista-judiciario-analista-de-sistemas-trt-22-fcc-2004
Analista Judiciário - Analista de Sistemas,2003,TRF 5ª,FCC,Superior,https://www.pciconcursos.com.br/provas/download/analista-judiciario-analista-de-sistemas-trf-5-fcc-2003
Analista Judiciário - Analista de Sistemas,2003,TRT 24ª,FCC,Superior,https://www.pciconcursos.com.br/provas/download/analista-judiciario-analista-de-sistemas-trt-24-fcc-2003
Analista Judiciário - Analista de Sistemas,2003,TRE/AM,FCC,Superior,https://www.pciconcursos.com.br/provas/download/analista-judiciario-analista-de-sistemas-tre-am-fcc-2003
Analista Judiciário - Analista de Sistemas,2002,TRE/CE,FCC,Superior,https://www.pciconcursos.com.br/provas/download/analista-judiciario-analista-de-sistemas-tre-ce-fcc-2002
Analista Judiciário - Analista de Sistemas,2001,TRF 4ª,FCC,Superior,https://www.pciconcursos.com.br/provas/download/analista-judiciario-analista-de-sistemas-trf-4-fcc-2001
Analista Judiciário - Analista de Suporte,2012,TJ/PE,FCC,Superior,https://www.pciconcursos.com.br/provas/download/analista-judiciario-analista-de-suporte-tj-pe-fcc-2012
Analista Judiciário - Apoio Administrativo - Contabilidade,2015,TRE/AP,FCC,Superior,https://www.pciconcursos.com.br/provas/download/analista-judiciario-apoio-administrativo-contabilidade-tre-ap-fcc-2015
Analista Judiciário - Apoio Especializado - Análise de Sistemas,2015,TRE/AP,FCC,Superior,https://www.pciconcursos.com.br/provas/download/analista-judiciario-apoio-especializado-analise-de-sistemas-tre-ap-fcc-2015
Analista Judiciário - Apoio Especializado - Biblioteconomia,2016,TRT 23ª,FCC,Superior,https://www.pciconcursos.com.br/provas/download/analista-judiciario-apoio-especializado-biblioteconomia-trt-23-fcc-2016
Analista Judiciário - Apoio Especializado - Biblioteconomia,2016,TRF 3ª,FCC,Superior,https://www.pciconcursos.com.br/provas/download/analista-judiciario-apoio-especializado-biblioteconomia-trf-3-fcc-2016
Analista Judiciário - Apoio Especializado - Contadoria,2016,TRF 3ª,FCC,Superior,https://www.pciconcursos.com.br/provas/download/analista-judiciario-apoio-especializado-contadoria-trf-3-fcc-2016
Analista Judiciário - Apoio Especializado - Engenharia,2015,TRE/AP,FCC,Superior,https://www.pciconcursos.com.br/provas/download/analista-judiciario-apoio-especializado-engenharia-tre-ap-fcc-2015
Analista Judiciário - Apoio Especializado - Engenharia - Elétrica,2016,TRF 3ª,FCC,Superior,https://www.pciconcursos.com.br/provas/download/analista-judiciario-apoio-especializado-engenharia-eletrica-trf-3-fcc-2016
Analista Judiciário - Apoio Especializado - Fisioterapia,2016,TRT 23ª,FCC,Superior,https://www.pciconcursos.com.br/provas/download/analista-judiciario-apoio-especializado-fisioterapia-trt-23-fcc-2016
Analista Judiciário - Apoio Especializado - Medicina - Clínica Geral,2016,TRF 3ª,FCC,Superior,https://www.pciconcursos.com.br/provas/download/analista-judiciario-apoio-especializado-medicina-clinica-geral-trf-3-fcc-2016
Analista Judiciário - Apoio Especializado - Medicina do Trabalho,2016,TRT 23ª,FCC,Superior,https://www.pciconcursos.com.br/provas/download/analista-judiciario-apoio-especializado-medicina-do-trabalho-trt-23-fcc-2016
Analista Judiciário - Apoio Especializado - Tecnologia da Informação,2016,TRT 23ª,FCC,Superior,https://www.pciconcursos.com.br/provas/download/analista-judiciario-apoio-especializado-tecnologia-da-informacao-trt-23-fcc-2016
Analista Judiciário - Apoio Especializado - Tecnologia da Informação,2016,TRT 14ª,FCC,Superior,https://www.pciconcursos.com.br/provas/download/analista-judiciario-apoio-especializado-tecnologia-da-informacao-trt-14-fcc-2016
Analista Judiciário - Apoio Especializado - Tecnologia da Informação,2015,TRT 9ª,FCC,Superior,https://www.pciconcursos.com.br/provas/download/analista-judiciario-apoio-especializado-tecnologia-da-informacao-trt-9-fcc-2015
Analista Judiciário - Apoio Especializado/Arquitetura,2012,TRT 6ª,FCC,Superior,https://www.pciconcursos.com.br/provas/download/analista-judiciario-apoio-especializado-arquitetura-trt-6-fcc-2012
Analista Judiciário - Apoio Especializado/Arquivologia,2012,TRT 6ª,FCC,Superior,https://www.pciconcursos.com.br/provas/download/analista-judiciario-apoio-especializado-arquivologia-trt-6-fcc-2012
Analista Judiciário - Apoio Especializado/Biblioteconomia,2012,TRT 6ª,FCC,Superior,https://www.pciconcursos.com.br/provas/download/analista-judiciario-apoio-especializado-biblioteconomia-trt-6-fcc-2012
Analista Judiciário - Apoio Especializado/Comunicação Social/Jornalismo,2012,TRT 6ª,FCC,Superior,https://www.pciconcursos.com.br/provas/download/analista-judiciario-apoio-especializado-comunicacao-social-jornalismo-trt-6-fcc-2012
Analista Judiciário - Apoio Especializado/Enfermagem,2012,TRT 6ª,FCC,Superior,https://www.pciconcursos.com.br/provas/download/analista-judiciario-apoio-especializado-enfermagem-trt-6-fcc-2012
Analista Judiciário - Apoio Especializado/Engenharia Civil,2012,TRT 6ª,FCC,Superior,https://www.pciconcursos.com.br/provas/download/analista-judiciario-apoio-especializado-engenharia-civil-trt-6-fcc-2012
Analista Judiciário - Apoio Especializado/Engenharia Elétrica,2012,TRT 6ª,FCC,Superior,https://www.pciconcursos.com.br/provas/download/analista-judiciario-apoio-especializado-engenharia-eletrica-trt-6-fcc-2012
Analista Judiciário - Apoio Especializado/Engenharia Mecânica,2012,TRT 6ª,FCC,Superior,https://www.pciconcursos.com.br/provas/download/analista-judiciario-apoio-especializado-engenharia-mecanica-trt-6-fcc-2012
Analista Judiciário - Apoio Especializado/Estatística,2012,TRT 6ª,FCC,Superior,https://www.pciconcursos.com.br/provas/download/analista-judiciario-apoio-especializado-estatistica-trt-6-fcc-2012
Analista Judiciário - Apoio Especializado/Fisioterapia,2012,TRT 6ª,FCC,Superior,https://www.pciconcursos.com.br/provas/download/analista-judiciario-apoio-especializado-fisioterapia-trt-6-fcc-2012
Analista Judiciário - Apoio Especializado/Medicina - Psiquiatria,2012,TRT 6ª,FCC,Superior,https://www.pciconcursos.com.br/provas/download/analista-judiciario-apoio-especializado-medicina-psiquiatria-trt-6-fcc-2012
Analista Judiciário - Apoio Especializado/Medicina do Trabalho,2012,TRT 6ª,FCC,Superior,https://www.pciconcursos.com.br/provas/download/analista-judiciario-apoio-especializado-medicina-do-trabalho-trt-6-fcc-2012
Analista Judiciário - Apoio Especializado/Odontologia,2012,TRT 6ª,FCC,Superior,https://www.pciconcursos.com.br/provas/download/analista-judiciario-apoio-especializado-odontologia-trt-6-fcc-2012
Analista Judiciário - Apoio Especializado/Psicologia,2012,TRT 6ª,FCC,Superior,https://www.pciconcursos.com.br/provas/download/analista-judiciario-apoio-especializado-psicologia-trt-6-fcc-2012
Analista Judiciário - Apoio Especializado/Serviço Social,2012,TRT 6ª,FCC,Superior,https://www.pciconcursos.com.br/provas/download/analista-judiciario-apoio-especializado-servico-social-trt-6-fcc-2012
Analista Judiciário - Apoio Especializado/Tecnologia da Informação,2012,TRT 6ª,FCC,Superior,https://www.pciconcursos.com.br/provas/download/analista-judiciario-apoio-especializado-tecnologia-da-informacao-trt-6-fcc-2012
Analista Judiciário - Área Administrativa,2022,TRT 5ª,FCC,Superior,https://www.pciconcursos.com.br/provas/download/analista-judiciario-area-administrativa-trt-5-fcc-2022
Analista Judiciário - Área Administrativa,2022,TRT 5ª,FCC,Superior,https://www.pciconcursos.com.br/provas/download/analista-judiciario-area-administrativa-trt-5-fcc-2022-75
Analista Judiciário - Área Administrativa,2017,TST,FCC,Superior,https://www.pciconcursos.com.br/provas/download/analista-judiciario-area-administrativa-tst-fcc-2017
Analista Judiciário - Área Administrativa,2017,TRE/SP,FCC,Superior,https://www.pciconcursos.com.br/provas/download/analista-judiciario-area-administrativa-tre-sp-fcc-2017
Analista Judiciário - Área Administrativa,2017,TRT 11ª,FCC,Superior,https://www.pciconcursos.com.br/provas/download/analista-judiciario-area-administrativa-trt-11-fcc-2017
Analista Judiciário - Área Administrativa,2015,TRE/RR,FCC,Superior,https://www.pciconcursos.com.br/provas/download/analista-judiciario-area-administrativa-tre-rr-fcc-2015
Analista Judiciário - Área Administrativa,2014,TRT 19ª,FCC,Superior,https://www.pciconcursos.com.br/provas/download/analista-judiciario-area-administrativa-trt-19-fcc-2014
Analista Judiciário - Área Administrativa,2013,TRT 12ª,FCC,Superior,https://www.pciconcursos.com.br/provas/download/analista-judiciario-area-administrativa-trt-12-fcc-2013
Analista Judiciário - Área Administrativa,2013,TRT 18º,FCC,Superior,https://www.pciconcursos.com.br/provas/download/analista-judiciario-area-administrativa-trt-18-fcc-2013
Analista Judiciário - Área Administrativa,2013,TRT 5ª,FCC,Superior,https://www.pciconcursos.com.br/provas/download/analista-judiciario-area-administrativa-trt-5-fcc-2013
Analista Judiciário - Área Administrativa,2013,TRT 18º,FCC,Superior,https://www.pciconcursos.com.br/provas/download/analista-judiciario-area-administrativa-trt-18-fcc-2013
Analista Judiciário - Área Administrativa,2013,TRT 9ª,FCC,Superior,https://www.pciconcursos.com.br/provas/download/analista-judiciario-area-administrativa-trt-9-fcc-2013
Analista Judiciário - Área Administrativa,2013,TRT 1ª,FCC,Superior,https://www.pciconcursos.com.br/provas/download/analista-judiciario-area-administrativa-trt-1-fcc-2013
Analista Judiciário - Área Administrativa,2012,TRF 2ª,FCC,Superior,https://www.pciconcursos.com.br/provas/download/prova-analista-judiciario-area-administrativa-trf-2-fcc-2012-90
Analista Judiciário - Área Administrativa,2012,TRE/PR,FCC,Superior,https://www.pciconcursos.com.br/provas/download/analista-judiciario-area-administrativa-tre-pr-fcc-2012
Analista Judiciário - Área Administrativa,2012,TRF 2ª,FCC,Superior,https://www.pciconcursos.com.br/provas/download/analista-judiciario-area-administrativa-trf-2-fcc-2012
Analista Judiciário - Área Administrativa,2007,TRF 2ª,FCC,Superior,https://www.pciconcursos.com.br/provas/download/analista-judiciario-area-administrativa-trf-2-fcc-2007
Analista Judiciário - Área Administrativa - Contabilidade,2013,TRE/RO,FCC,Superior,https://www.pciconcursos.com.br/provas/download/analista-judiciario-area-administrativa-contabilidade-tre-ro-fcc-2013
Analista Judiciário - Área Administrativo,2018,TRT 15ª,FCC,Superior,https://www.pciconcursos.com.br/provas/download/analista-judiciario-area-administrativo-trt-15-fcc-2018
Analista Judiciário - Área Apoio - Odontologia,2013,TRE/RO,FCC,Superior,https://www.pciconcursos.com.br/provas/download/analista-judiciario-area-apoio-odontologia-tre-ro-fcc-2013
Analista Judiciário - Área Apoio Especializado - Especialidade Taquigrafia,2017,TST,FCC,Superior,https://www.pciconcursos.com.br/provas/download/analista-judiciario-area-apoio-especializado-especialidade-taquigrafia-tst-fcc-2017
Analista Judiciário - Área Apoio Especializado Especialidade Análise de Sistemas,2017,TRE/PR,FCC,Superior,https://www.pciconcursos.com.br/provas/download/analista-judiciario-area-apoio-especializado-especialidade-analise-de-sistemas-tre-pr-fcc-2017
Analista Judiciário - Área Apoio Especializado Especialidade Biblioteconomia,2017,TRE/PR,FCC,Superior,https://www.pciconcursos.com.br/provas/download/analista-judiciario-area-apoio-especializado-especialidade-biblioteconomia-tre-pr-fcc-2017
Analista Judiciário - Área Apoio Especializado Especialidade Contabilidade,2017,TRE/PR,FCC,Superior,https://www.pciconcursos.com.br/provas/download/analista-judiciario-area-apoio-especializado-especialidade-contabilidade-tre-pr-fcc-2017
Analista Judiciário - Área Apoio Especializado Especialidade Medicina do Trabalho,2017,TRE/PR,FCC,Superior,https://www.pciconcursos.com.br/provas/download/analista-judiciario-area-apoio-especializado-especialidade-medicina-do-trabalho-tre-pr-fcc-2017
Analista Judiciário - Área Apoio Especializado/Especialidade Informática,2014,TRF 4ª,FCC,Superior,https://www.pciconcursos.com.br/provas/download/analista-judiciario-area-apoio-especializado-especialidade-informatica-trf-4-fcc-2014
Analista Judiciário - Área Judiciária,2018,TRT 15ª,FCC,Superior,https://www.pciconcursos.com.br/provas/download/analista-judiciario-area-judiciaria-trt-15-fcc-2018
Analista Judiciário - Área Judiciária,2017,TRE/PR,FCC,Superior,https://www.pciconcursos.com.br/provas/download/analista-judiciario-area-judiciaria-tre-pr-fcc-2017
Analista Judiciário - Área Judiciária,2015,TRT 4ª,FCC,Superior,https://www.pciconcursos.com.br/provas/download/analista-judiciario-area-judiciaria-trt-4-fcc-2015
Analista Judiciário - Área Judiciária,2014,TRF 4ª,FCC,Superior,https://www.pciconcursos.com.br/provas/download/analista-judiciario-area-judiciaria-trf-4-fcc-2014
Analista Judiciário - Área Judiciária,2013,TRT 1ª,FCC,Superior,https://www.pciconcursos.com.br/provas/download/analista-judiciario-area-judiciaria-trt-1-fcc-2013
Analista Judiciário - Área Judiciária,2013,TRT 15ª,FCC,Superior,https://www.pciconcursos.com.br/provas/download/analista-judiciario-area-judiciaria-trt-15-fcc-2013
Analista Judiciário - Área Judiciária,2013,TRT 18º,FCC,Superior,https://www.pciconcursos.com.br/provas/download/analista-judiciario-area-judiciaria-trt-18-fcc-2013
Analista Judiciário - Área Judiciária,2013,TRT 12ª,FCC,Superior,https://www.pciconcursos.com.br/provas/download/analista-judiciario-area-judiciaria-trt-12-fcc-2013
Analista Judiciário - Área Judiciária,2013,TRE/RO,FCC,Superior,https://www.pciconcursos.com.br/provas/download/analista-judiciario-area-judiciaria-tre-ro-fcc-2013
Analista Judiciário - Área Judiciária,2013,TRT 5ª,FCC,Superior,https://www.pciconcursos.com.br/provas/download/analista-judiciario-area-judiciaria-trt-5-fcc-2013
Analista Judiciário - Área Judiciária,2013,TRT 9ª,FCC,Superior,https://www.pciconcursos.com.br/provas/download/analista-judiciario-area-judiciaria-trt-9-fcc-2013
Analista Judiciário - Área Judiciária,2012,TRF 2ª,FCC,Superior,https://www.pciconcursos.com.br/provas/download/prova-analista-judiciario-area-judiciaria-trf-2-fcc-2012-51
Analista Judiciário - Área Judiciária,2012,TRF 2ª,FCC,Superior,https://www.pciconcursos.com.br/provas/download/analista-judiciario-area-judiciaria-trf-2-fcc-2012
Analista Judiciário - Área Judiciária,2007,TRF 2ª,FCC,Superior,https://www.pciconcursos.com.br/provas/download/analista-judiciario-area-judiciaria-trf-2-fcc-2007
Analista Judiciário - Área Judiciária,2007,TRF 4ª,FCC,Superior,https://www.pciconcursos.com.br/provas/download/analista-judiciario-area-judiciaria-trf-4-fcc-2007
Analista Judiciário - Área Judiciária,2006,TRT 6ª,FCC,Superior,https://www.pciconcursos.com.br/provas/download/analista-judiciario-area-judiciaria-trt-6-fcc-2006
Analista Judiciário - Área Judiciária,2006,TRT 4ª,FCC,Superior,https://www.pciconcursos.com.br/provas/download/analista-judiciario-area-judiciaria-trt-4-fcc-2006
Analista Judiciário - Área Judiciária,2006,TRT 20ª,FCC,Superior,https://www.pciconcursos.com.br/provas/download/analista-judiciario-area-judiciaria-trt-20-fcc-2006
Analista Judiciário - Área Judiciária/Especialidade Oficial de Justiça Avaliador Federal,2014,TRF 4ª,FCC,Superior,https://www.pciconcursos.com.br/provas/download/analista-judiciario-area-judiciaria-especialidade-oficial-de-justica-avaliador-federal-trf-4-fcc-2014
Analista Judiciário - Área Jurídica,2012,TRE/PR,FCC,Superior,https://www.pciconcursos.com.br/provas/download/analista-judiciario-area-juridica-tre-pr-fcc-2012
Analista Judiciário - Arquiteto,2009,TJ/PI,FCC,Superior,https://www.pciconcursos.com.br/provas/download/analista-judiciario-arquiteto-tj-pi-fcc-2009
Analista Judiciário - Arquitetura,2015,TRT 3ª,FCC,Superior,https://www.pciconcursos.com.br/provas/download/analista-judiciario-arquitetura-trt-3-fcc-2015
Analista Judiciário - Arquitetura,2014,TJ/AP,FCC,Superior,https://www.pciconcursos.com.br/provas/download/analista-judiciario-arquitetura-tj-ap-fcc-2014
Analista Judiciário - Arquitetura,2014,TRF 1ª,FCC,Superior,https://www.pciconcursos.com.br/provas/download/analista-judiciario-arquitetura-trf-1-fcc-2014
Analista Judiciário - Arquitetura,2013,TRT 5ª,FCC,Superior,https://www.pciconcursos.com.br/provas/download/analista-judiciario-arquitetura-trt-5-fcc-2013
Analista Judiciário - Arquitetura,2012,TRF 2ª,FCC,Superior,https://www.pciconcursos.com.br/provas/download/analista-judiciario-arquitetura-trf-2-fcc-2012
Analista Judiciário - Arquitetura,2012,TRT 11ª,FCC,Superior,https://www.pciconcursos.com.br/provas/download/analista-judiciario-arquitetura-trt-11-fcc-2012
Analista Judiciário - Arquitetura,2011,TRE/PE,FCC,Superior,https://www.pciconcursos.com.br/provas/download/analista-judiciario-arquitetura-tre-pe-fcc-2011
Analista Judiciário - Arquitetura,2010,TRF 4ª,FCC,Superior,https://www.pciconcursos.com.br/provas/download/analista-judiciario-arquitetura-trf-4-fcc-2010
Analista Judiciário - Arquitetura,2009,TRT 3ª,FCC,Superior,https://www.pciconcursos.com.br/provas/download/analista-judiciario-arquitetura-trt-3-fcc-2009
Analista Judiciário - Arquitetura,2009,TJ/SE,FCC,Superior,https://www.pciconcursos.com.br/provas/download/analista-judiciario-arquitetura-tj-se-fcc-2009
Analista Judiciário - Arquitetura,2009,TRT 7ª,FCC,Superior,https://www.pciconcursos.com.br/provas/download/analista-judiciario-arquitetura-trt-7-fcc-2009
Analista Judiciário - Arquitetura,2008,TRF 5ª,FCC,Superior,https://www.pciconcursos.com.br/provas/download/analista-judiciario-arquitetura-trf-5-fcc-2008
Analista Judiciário - Arquitetura,2008,TRT 18ª,FCC,Superior,https://www.pciconcursos.com.br/provas/download/analista-judiciario-arquitetura-trt-18-fcc-2008
Analista Judiciário - Arquitetura,2007,TRF 3ª,FCC,Superior,https://www.pciconcursos.com.br/provas/download/analista-judiciario-arquitetura-trf-3-fcc-2007
Analista Judiciário - Arquitetura,2006,TRT 4ª,FCC,Superior,https://www.pciconcursos.com.br/provas/download/analista-judiciario-arquitetura-trt-4-fcc-2006
Analista Judiciário - Arquitetura Segurança do Trabalho,2011,TRT 23ª,FCC,Superior,https://www.pciconcursos.com.br/provas/download/analista-judiciario-arquitetura-seguranca-do-trabalho-trt-23-fcc-2011
Analista Judiciário - Arquivologia,2015,TRT 3ª,FCC,Superior,https://www.pciconcursos.com.br/provas/download/analista-judiciario-arquivologia-trt-3-fcc-2015
Analista Judiciário - Arquivologia,2014,TRF 3ª,FCC,Superior,https://www.pciconcursos.com.br/provas/download/analista-judiciario-arquivologia-trf-3-fcc-2014
Analista Judiciário - Arquivologia,2014,TJ/AP,FCC,Superior,https://www.pciconcursos.com.br/provas/download/analista-judiciario-arquivologia-tj-ap-fcc-2014
Analista Judiciário - Arquivologia,2014,TRT 13ª,FCC,Superior,https://www.pciconcursos.com.br/provas/download/analista-judiciario-arquivologia-trt-13-fcc-2014
Analista Judiciário - Arquivologia,2014,TRT 2ª,FCC,Superior,https://www.pciconcursos.com.br/provas/download/analista-judiciario-arquivologia-trt-2-fcc-2014
Analista Judiciário - Arquivologia,2013,TRT 5ª,FCC,Superior,https://www.pciconcursos.com.br/provas/download/analista-judiciario-arquivologia-trt-5-fcc-2013
Analista Judiciário - Arquivologia,2013,TRT 15ª,FCC,Superior,https://www.pciconcursos.com.br/provas/download/analista-judiciario-arquivologia-trt-15-fcc-2013
Analista Judiciário - Arquivologia,2012,TRF 2ª,FCC,Superior,https://www.pciconcursos.com.br/provas/download/analista-judiciario-arquivologia-trf-2-fcc-2012
Analista Judiciário - Arquivologia,2012,TRT 4ª,FCC,Superior,https://www.pciconcursos.com.br/provas/download/analista-judiciario-arquivologia-trt-4-fcc-2012
Analista Judiciário - Arquivologia,2012,TRT 11ª,FCC,Superior,https://www.pciconcursos.com.br/provas/download/analista-judiciario-arquivologia-trt-11-fcc-2012
Analista Judiciário - Arquivologia,2011,TRT 19ª,FCC,Superior,https://www.pciconcursos.com.br/provas/download/analista-judiciario-arquivologia-trt-19-fcc-2011
Analista Judiciário - Arquivologia,2011,TRT 23ª,FCC,Superior,https://www.pciconcursos.com.br/provas/download/analista-judiciario-arquivologia-trt-23-fcc-2011
Analista Judiciário - Arquivologia,2011,TRT 1ª,FCC,Superior,https://www.pciconcursos.com.br/provas/download/analista-judiciario-arquivologia-trt-1-fcc-2011
Analista Judiciário - Arquivologia,2010,TRT 8ª,FCC,Superior,https://www.pciconcursos.com.br/provas/download/analista-judiciario-arquivologia-trt-8-fcc-2010
Analista Judiciário - Arquivologia,2009,TRE/PI,FCC,Superior,https://www.pciconcursos.com.br/provas/download/analista-judiciario-arquivologia-tre-pi-fcc-2009
Analista Judiciário - Arquivologia,2007,TRE/PB,FCC,Superior,https://www.pciconcursos.com.br/provas/download/analista-judiciario-arquivologia-tre-pb-fcc-2007
Analista Judiciário - Arquivologista,2009,TRT 3ª,FCC,Superior,https://www.pciconcursos.com.br/provas/download/analista-judiciario-arquivologista-trt-3-fcc-2009
Analista Judiciário - Arquivologista,2009,TJ/PI,FCC,Superior,https://www.pciconcursos.com.br/provas/download/analista-judiciario-arquivologista-tj-pi-fcc-2009
Analista Judiciário - Arquivologista,2004,TRT 17ª,FCC,Superior,https://www.pciconcursos.com.br/provas/download/analista-judiciario-arquivologista-trt-17-fcc-2004
Analista Judiciário - Assistência Social,2012,TJ/PE,FCC,Superior,https://www.pciconcursos.com.br/provas/download/analista-judiciario-assistencia-social-tj-pe-fcc-2012
Analista Judiciário - Assistência Social,2011,TRE/PE,FCC,Superior,https://www.pciconcursos.com.br/provas/download/analista-judiciario-assistencia-social-tre-pe-fcc-2011
Analista Judiciário - Assistente Social,2012,TJ/RJ,FCC,Superior,https://www.pciconcursos.com.br/provas/download/analista-judiciario-assistente-social-tj-rj-fcc-2012
Analista Judiciário - Assistente Social,2010,TJ/PI,FCC,Superior,https://www.pciconcursos.com.br/provas/download/analista-judiciario-assistente-social-tj-pi-fcc-2010
Analista Judiciário - Assistente Social,2009,TJ/PA,FCC,Superior,https://www.pciconcursos.com.br/provas/download/analista-judiciario-assistente-social-tj-pa-fcc-2009
Analista Judiciário - Assistente Social,2009,TJ/AP,FCC,Superior,https://www.pciconcursos.com.br/provas/download/analista-judiciario-assistente-social-tj-ap-fcc-2009
Analista Judiciário - Assistente Social,2007,TJ/PE,FCC,Superior,https://www.pciconcursos.com.br/provas/download/analista-judiciario-assistente-social-tj-pe-fcc-2007
Analista Judiciário - Assistente Social,2004,TRE/SP,FCC,Superior,https://www.pciconcursos.com.br/provas/download/analista-judiciario-assistente-social-tre-sp-fcc-2004
Analista Judiciário - Assistente Social,2004,TRF 4ª,FCC,Superior,https://www.pciconcursos.com.br/provas/download/analista-judiciario-assistente-social-trf-4-fcc-2004
Analista Judiciário - Assistente Social,2004,TRT 9ª,FCC,Superior,https://www.pciconcursos.com.br/provas/download/analista-judiciario-assistente-social-trt-9-fcc-2004
Analista Judiciário - Assistente Social,2003,TRE/BA,FCC,Superior,https://www.pciconcursos.com.br/provas/download/analista-judiciario-assistente-social-tre-ba-fcc-2003
Analista Judiciário - Assistente Social,2001,TRF 4ª,FCC,Superior,https://www.pciconcursos.com.br/provas/download/analista-judiciario-assistente-social-trf-4-fcc-2001
Analista Judiciário - Auditor,2009,TJ/PI,FCC,Superior,https://www.pciconcursos.com.br/provas/download/analista-judiciario-auditor-tj-pi-fcc-2009
Analista Judiciário - Banco de Dados,2005,TRT 13ª,FCC,Superior,https://www.pciconcursos.com.br/provas/download/analista-judiciario-banco-de-dados-trt-13-fcc-2005
Analista Judiciário - Bibliotecário,2012,TJ/PE,FCC,Superior,https://www.pciconcursos.com.br/provas/download/analista-judiciario-bibliotecario-tj-pe-fcc-2012
Analista Judiciário - Bibliotecário,2009,TJ/AP,FCC,Superior,https://www.pciconcursos.com.br/provas/download/analista-judiciario-bibliotecario-tj-ap-fcc-2009
Analista Judiciário - Bibliotecário,2007,TJ/PE,FCC,Superior,https://www.pciconcursos.com.br/provas/download/analista-judiciario-bibliotecario-tj-pe-fcc-2007
Analista Judiciário - Biblioteconomia,2015,TRE/RR,FCC,Superior,https://www.pciconcursos.com.br/provas/download/analista-judiciario-biblioteconomia-tre-rr-fcc-2015
Analista Judiciário - Biblioteconomia,2015,TRT 3ª,FCC,Superior,https://www.pciconcursos.com.br/provas/download/analista-judiciario-biblioteconomia-trt-3-fcc-2015
Analista Judiciário - Biblioteconomia,2014,TRT 16ª,FCC,Superior,https://www.pciconcursos.com.br/provas/download/analista-judiciario-biblioteconomia-trt-16-fcc-2014
Analista Judiciário - Biblioteconomia,2014,TRF 1ª,FCC,Superior,https://www.pciconcursos.com.br/provas/download/analista-judiciario-biblioteconomia-trf-1-fcc-2014
Analista Judiciário - Biblioteconomia,2014,TRF 3ª,FCC,Superior,https://www.pciconcursos.com.br/provas/download/analista-judiciario-biblioteconomia-trf-3-fcc-2014
Analista Judiciário - Biblioteconomia,2013,TRT 15ª,FCC,Superior,https://www.pciconcursos.com.br/provas/download/analista-judiciario-biblioteconomia-trt-15-fcc-2013
Analista Judiciário - Biblioteconomia,2013,TRT 5ª,FCC,Superior,https://www.pciconcursos.com.br/provas/download/analista-judiciario-biblioteconomia-trt-5-fcc-2013
Analista Judiciário - Biblioteconomia,2012,TRF 2ª,FCC,Superior,https://www.pciconcursos.com.br/provas/download/prova-analista-judiciario-biblioteconomia-trf-2-fcc-2012-46
Analista Judiciário - Biblioteconomia,2012,TRF 2ª,FCC,Superior,https://www.pciconcursos.com.br/provas/download/analista-judiciario-biblioteconomia-trf-2-fcc-2012
Analista Judiciário - Biblioteconomia,2011,TRE/RN,FCC,Superior,https://www.pciconcursos.com.br/provas/download/analista-judiciario-biblioteconomia-tre-rn-fcc-2011
Analista Judiciário - Biblioteconomia,2011,TRT 24ª,FCC,Superior,https://www.pciconcursos.com.br/provas/download/analista-judiciario-biblioteconomia-trt-24-fcc-2011
Analista Judiciário - Biblioteconomia,2011,TRT 23ª,FCC,Superior,https://www.pciconcursos.com.br/provas/download/analista-judiciario-biblioteconomia-trt-23-fcc-2011
Analista Judiciário - Biblioteconomia,2010,TRF 4ª,FCC,Superior,https://www.pciconcursos.com.br/provas/download/analista-judiciario-biblioteconomia-trf-4-fcc-2010
Analista Judiciário - Biblioteconomia,2009,TRE/PI,FCC,Superior,https://www.pciconcursos.com.br/provas/download/analista-judiciario-biblioteconomia-tre-pi-fcc-2009
Analista Judiciário - Biblioteconomia,2009,TRT 16ª,FCC,Superior,https://www.pciconcursos.com.br/provas/download/analista-judiciario-biblioteconomia-trt-16-fcc-2009
Analista Judiciário - Biblioteconomia,2009,TRE/AM,FCC,Superior,https://www.pciconcursos.com.br/provas/download/analista-judiciario-biblioteconomia-tre-am-fcc-2009
Analista Judiciário - Biblioteconomia,2008,TRT 2ª,FCC,Superior,https://www.pciconcursos.com.br/provas/download/analista-judiciario-biblioteconomia-trt-2-fcc-2008
Analista Judiciário - Biblioteconomia,2008,TRF 5ª,FCC,Superior,https://www.pciconcursos.com.br/provas/download/analista-judiciario-biblioteconomia-trf-5-fcc-2008
Analista Judiciário - Biblioteconomia,2008,TRT 18ª,FCC,Superior,https://www.pciconcursos.com.br/provas/download/analista-judiciario-biblioteconomia-trt-18-fcc-2008
Analista Judiciário - Biblioteconomia,2007,TRE/PB,FCC,Superior,https://www.pciconcursos.com.br/provas/download/analista-judiciario-biblioteconomia-tre-pb-fcc-2007
Analista Judiciário - Biblioteconomia,2007,TRF 3ª,FCC,Superior,https://www.pciconcursos.com.br/provas/download/analista-judiciario-biblioteconomia-trf-3-fcc-2007
Analista Judiciário - Biblioteconomia,2006,TRT 4ª,FCC,Superior,https://www.pciconcursos.com.br/provas/download/analista-judiciario-biblioteconomia-trt-4-fcc-2006
Analista Judiciário - Biblioteconomia,2006,TRT 24ª,FCC,Superior,https://www.pciconcursos.com.br/provas/download/analista-judiciario-biblioteconomia-trt-24-fcc-2006
Analista Judiciário - Biblioteconomia,2005,TRE/RN,FCC,Superior,https://www.pciconcursos.com.br/provas/download/analista-judiciario-biblioteconomia-tre-rn-fcc-2005
Analista Judiciário - Biblioteconomia,2004,TRF 4ª,FCC,Superior,https://www.pciconcursos.com.br/provas/download/analista-judiciario-biblioteconomia-trf-4-fcc-2004
Analista Judiciário - Biblioteconomia,2004,TRT 23ª,FCC,Superior,https://www.pciconcursos.com.br/provas/download/prova-analista-judiciario-biblioteconomia-trt-23-fcc-2004-97
Analista Judiciário - Biblioteconomia,2004,TRT 22ª,FCC,Superior,https://www.pciconcursos.com.br/provas/download/analista-judiciario-biblioteconomia-trt-22-fcc-2004
Analista Judiciário - Biblioteconomia,2004,TRT 23ª,FCC,Superior,https://www.pciconcursos.com.br/provas/download/analista-judiciario-biblioteconomia-trt-23-fcc-2004
Analista Judiciário - Biblioteconomia,2003,TRT 24ª,FCC,Superior,https://www.pciconcursos.com.br/provas/download/analista-judiciario-biblioteconomia-trt-24-fcc-2003
Analista Judiciário - Biblioteconomia,2003,TRE/AM,FCC,Superior,https://www.pciconcursos.com.br/provas/download/analista-judiciario-biblioteconomia-tre-am-fcc-2003
Analista Judiciário - Biblioteconomia,2001,TRF 1ª,FCC,Superior,https://www.pciconcursos.com.br/provas/download/analista-judiciario-biblioteconomia-trf-1-fcc-2001
Analista Judiciário - Biblioteconomia/ Documentação,2014,Pref. Campinas/SP,FCC,Superior,https://www.pciconcursos.com.br/provas/download/analista-judiciario-biblioteconomia-documentacao-prefeitura-campinas-sp-fcc-2014
Analista Judiciário - Biblioteconomista,2010,TRE/RS,FCC,Superior,https://www.pciconcursos.com.br/provas/download/analista-judiciario-biblioteconomista-tre-rs-fcc-2010
Analista Judiciário - Cardiologia,2011,TRT 1ª,FCC,Superior,https://www.pciconcursos.com.br/provas/download/analista-judiciario-cardiologia-trt-1-fcc-2011
Analista Judiciário - Cardiologia,2001,TRE/RJ,FCC,Superior,https://www.pciconcursos.com.br/provas/download/analista-judiciario-cardiologia-tre-rj-fcc-2001
Analista Judiciário - Cardiologista,2008,TRT 2ª,FCC,Superior,https://www.pciconcursos.com.br/provas/download/analista-judiciario-cardiologista-trt-2-fcc-2008
Analista Judiciário - Ciências Contábeis,2009,TJ/PA,FCC,Superior,https://www.pciconcursos.com.br/provas/download/analista-judiciario-ciencias-contabeis-tj-pa-fcc-2009
Analista Judiciário - Clínica Geral,2005,TRT 11ª,FCC,Superior,https://www.pciconcursos.com.br/provas/download/analista-judiciario-clinica-geral-trt-11-fcc-2005
Analista Judiciário - Clínica Geral,2003,TRF 5ª,FCC,Superior,https://www.pciconcursos.com.br/provas/download/analista-judiciario-clinica-geral-trf-5-fcc-2003
Analista Judiciário - Clínica Médica,2003,TRE/AC,FCC,Superior,https://www.pciconcursos.com.br/provas/download/analista-judiciario-clinica-medica-tre-ac-fcc-2003
Analista Judiciário - Clínico Geral,2008,TRT 2ª,FCC,Superior,https://www.pciconcursos.com.br/provas/download/analista-judiciario-clinico-geral-trt-2-fcc-2008
Analista Judiciário - Comissário de Justiça da Infância/ da Juventude e do Idoso,2012,TJ/RJ,FCC,Superior,https://www.pciconcursos.com.br/provas/download/analista-judiciario-comissario-de-justica-da-infancia-da-juventude-e-do-idoso-tj-rj-fcc-2012
Analista Judiciário - Comissário de Justiça da Infância/Juventude e Idoso - Tipo I,2012,TJ/RJ,FCC,Superior,https://www.pciconcursos.com.br/provas/download/analista-judiciario-comissario-de-justica-da-infancia-juventude-e-idoso-tipo-i-tj-rj-fcc-2012
Analista Judiciário - Comissário de Justiça da Infância/Juventude e Idoso - Tipo II,2012,TJ/RJ,FCC,Superior,https://www.pciconcursos.com.br/provas/download/analista-judiciario-comissario-de-justica-da-infancia-juventude-e-idoso-tipo-ii-tj-rj-fcc-2012
Analista Judiciário - Comissário de Justiça da Infância/Juventude e Idoso - Tipo III,2012,TJ/RJ,FCC,Superior,https://www.pciconcursos.com.br/provas/download/analista-judiciario-comissario-de-justica-da-infancia-juventude-e-idoso-tipo-iii-tj-rj-fcc-2012
Analista Judiciário - Comissário de Justiça da Infância/Juventude e Idoso - Tipo IV,2012,TJ/RJ,FCC,Superior,https://www.pciconcursos.com.br/provas/download/analista-judiciario-comissario-de-justica-da-infancia-juventude-e-idoso-tipo-iv-tj-rj-fcc-2012
Analista Judiciário - Comissário de Justiça da Infância/Juventude e Idoso - Tipo V,2012,TJ/RJ,FCC,Superior,https://www.pciconcursos.com.br/provas/download/analista-judiciario-comissario-de-justica-da-infancia-juventude-e-idoso-tipo-v-tj-rj-fcc-2012
Analista Judiciário - Comunicação Social,2015,TRT 3ª,FCC,Superior,https://www.pciconcursos.com.br/provas/download/analista-judiciario-comunicacao-social-trt-3-fcc-2015
Analista Judiciário - Comunicação Social,2012,TJ/RJ,FCC,Superior,https://www.pciconcursos.com.br/provas/download/analista-judiciario-comunicacao-social-tj-rj-fcc-2012
Analista Judiciário - Comunicação Social,2011,TRT 23ª,FCC,Superior,https://www.pciconcursos.com.br/provas/download/analista-judiciario-comunicacao-social-trt-23-fcc-2011
Analista Judiciário - Comunicação Social,2009,TRT 7ª,FCC,Superior,https://www.pciconcursos.com.br/provas/download/analista-judiciario-comunicacao-social-trt-7-fcc-2009
Analista Judiciário - Comunicação Social,2009,TRT 4ª,FCC,Superior,https://www.pciconcursos.com.br/provas/download/analista-judiciario-comunicacao-social-trt-4-fcc-2009
Analista Judiciário - Comunicação Social Jornalismo,2011,TRT 23ª,FCC,Superior,https://www.pciconcursos.com.br/provas/download/analista-judiciario-comunicacao-social-jornalismo-trt-23-fcc-2011
Analista Judiciário - Comunicação Social Radio e TV,2011,TRT 23ª,FCC,Superior,https://www.pciconcursos.com.br/provas/download/analista-judiciario-comunicacao-social-radio-e-tv-trt-23-fcc-2011
Analista Judiciário - Comunicação Social Relações Públicas,2011,TRT 23ª,FCC,Superior,https://www.pciconcursos.com.br/provas/download/analista-judiciario-comunicacao-social-relacoes-publicas-trt-23-fcc-2011
Analista Judiciário - Contabilidade,2015,TRT 3ª,FCC,Superior,https://www.pciconcursos.com.br/provas/download/analista-judiciario-contabilidade-trt-3-fcc-2015
Analista Judiciário - Contabilidade,2014,TJ/AP,FCC,Superior,https://www.pciconcursos.com.br/provas/download/analista-judiciario-contabilidade-tj-ap-fcc-2014
Analista Judiciário - Contabilidade,2014,TRT 19ª,FCC,Superior,https://www.pciconcursos.com.br/provas/download/analista-judiciario-contabilidade-trt-19-fcc-2014
Analista Judiciário - Contabilidade,2014,TRT 16ª,FCC,Superior,https://www.pciconcursos.com.br/provas/download/analista-judiciario-contabilidade-trt-16-fcc-2014
Analista Judiciário - Contabilidade,2014,TRT 13ª,FCC,Superior,https://www.pciconcursos.com.br/provas/download/analista-judiciario-contabilidade-trt-13-fcc-2014
Analista Judiciário - Contabilidade,2013,TRT 12ª,FCC,Superior,https://www.pciconcursos.com.br/provas/download/analista-judiciario-contabilidade-trt-12-fcc-2013
Analista Judiciário - Contabilidade,2013,TRT 5ª,FCC,Superior,https://www.pciconcursos.com.br/provas/download/analista-judiciario-contabilidade-trt-5-fcc-2013
Analista Judiciário - Contabilidade,2013,TRT 18º,FCC,Superior,https://www.pciconcursos.com.br/provas/download/analista-judiciario-contabilidade-trt-18-fcc-2013
Analista Judiciário - Contabilidade,2013,TRT 15ª,FCC,Superior,https://www.pciconcursos.com.br/provas/download/analista-judiciario-contabilidade-trt-15-fcc-2013
Analista Judiciário - Contabilidade,2012,TRE/SP,FCC,Superior,https://www.pciconcursos.com.br/provas/download/analista-judiciario-contabilidade-tre-sp-fcc-2012
Analista Judiciário - Contabilidade,2012,TRE/CE,FCC,Superior,https://www.pciconcursos.com.br/provas/download/analista-judiciario-contabilidade-tre-ce-fcc-2012
Analista Judiciário - Contabilidade,2011,TRT 20ª,FCC,Superior,https://www.pciconcursos.com.br/provas/download/analista-judiciario-contabilidade-trt-20-fcc-2011
Analista Judiciário - Contabilidade,2011,TRE/AP,FCC,Superior,https://www.pciconcursos.com.br/provas/download/analista-judiciario-contabilidade-tre-ap-fcc-2011
Analista Judiciário - Contabilidade,2011,TRT 4ª,FCC,Superior,https://www.pciconcursos.com.br/provas/download/analista-judiciario-contabilidade-trt-4-fcc-2011
Analista Judiciário - Contabilidade,2011,TRE/RN,FCC,Superior,https://www.pciconcursos.com.br/provas/download/analista-judiciario-contabilidade-tre-rn-fcc-2011
Analista Judiciário - Contabilidade,2011,TRT 24ª,FCC,Superior,https://www.pciconcursos.com.br/provas/download/analista-judiciario-contabilidade-trt-24-fcc-2011
Analista Judiciário - Contabilidade,2011,TRT 23ª,FCC,Superior,https://www.pciconcursos.com.br/provas/download/analista-judiciario-contabilidade-trt-23-fcc-2011
Analista Judiciário - Contabilidade,2010,TRE/AL,FCC,Superior,https://www.pciconcursos.com.br/provas/download/analista-judiciario-contabilidade-tre-al-fcc-2010
Analista Judiciário - Contabilidade,2009,TRE/PI,FCC,Superior,https://www.pciconcursos.com.br/provas/download/analista-judiciario-contabilidade-tre-pi-fcc-2009
Analista Judiciário - Contabilidade,2009,TRE/AM,FCC,Superior,https://www.pciconcursos.com.br/provas/download/analista-judiciario-contabilidade-tre-am-fcc-2009
Analista Judiciário - Contabilidade,2009,TRT 3ª,FCC,Superior,https://www.pciconcursos.com.br/provas/download/analista-judiciario-contabilidade-trt-3-fcc-2009
Analista Judiciário - Contabilidade,2009,TRT 16ª,FCC,Superior,https://www.pciconcursos.com.br/provas/download/analista-judiciario-contabilidade-trt-16-fcc-2009
Analista Judiciário - Contabilidade,2009,TJ/SE,FCC,Superior,https://www.pciconcursos.com.br/provas/download/analista-judiciario-contabilidade-tj-se-fcc-2009
Analista Judiciário - Contabilidade,2008,TRT 2ª,FCC,Superior,https://www.pciconcursos.com.br/provas/download/analista-judiciario-contabilidade-trt-2-fcc-2008
Analista Judiciário - Contabilidade,2008,TRT 18ª,FCC,Superior,https://www.pciconcursos.com.br/provas/download/analista-judiciario-contabilidade-trt-18-fcc-2008
Analista Judiciário - Contabilidade,2007,TRE/SE,FCC,Superior,https://www.pciconcursos.com.br/provas/download/analista-judiciario-contabilidade-tre-se-fcc-2007
Analista Judiciário - Contabilidade,2007,TRE/PB,FCC,Superior,https://www.pciconcursos.com.br/provas/download/analista-judiciario-contabilidade-tre-pb-fcc-2007
Analista Judiciário - Contabilidade,2007,TRE/MS,FCC,Superior,https://www.pciconcursos.com.br/provas/download/analista-judiciario-contabilidade-tre-ms-fcc-2007
Analista Judiciário - Contabilidade,2006,TRT 4ª,FCC,Superior,https://www.pciconcursos.com.br/provas/download/analista-judiciario-contabilidade-trt-4-fcc-2006
Analista Judiciário - Contabilidade,2006,TRT 20ª,FCC,Superior,https://www.pciconcursos.com.br/provas/download/prova-analista-judiciario-contabilidade-trt-20-fcc-2006-81
Analista Judiciário - Contabilidade,2006,TRT 20ª,FCC,Superior,https://www.pciconcursos.com.br/provas/download/analista-judiciario-contabilidade-trt-20-fcc-2006
Analista Judiciário - Contabilidade,2006,TRT 6ª,FCC,Superior,https://www.pciconcursos.com.br/provas/download/analista-judiciario-contabilidade-trt-6-fcc-2006
Analista Judiciário - Contabilidade,2006,TRT 24ª,FCC,Superior,https://www.pciconcursos.com.br/provas/download/analista-judiciario-contabilidade-trt-24-fcc-2006
Analista Judiciário - Contabilidade,2005,TRT 11ª,FCC,Superior,https://www.pciconcursos.com.br/provas/download/analista-judiciario-contabilidade-trt-11-fcc-2005
Analista Judiciário - Contabilidade,2004,TRT 23ª,FCC,Superior,https://www.pciconcursos.com.br/provas/download/prova-analista-judiciario-contabilidade-trt-23-fcc-2004-84
Analista Judiciário - Contabilidade,2004,TRT 23ª,FCC,Superior,https://www.pciconcursos.com.br/provas/download/analista-judiciario-contabilidade-trt-23-fcc-2004
Analista Judiciário - Contabilidade,2003,TRE/AM,FCC,Superior,https://www.pciconcursos.com.br/provas/download/analista-judiciario-contabilidade-tre-am-fcc-2003
Analista Judiciário - Contador,2012,TJ/RJ,FCC,Superior,https://www.pciconcursos.com.br/provas/download/analista-judiciario-contador-tj-rj-fcc-2012
Analista Judiciário - Contador,2012,TJ/PE,FCC,Superior,https://www.pciconcursos.com.br/provas/download/analista-judiciario-contador-tj-pe-fcc-2012
Analista Judiciário - Contador,2011,TRF 1ª,FCC,Superior,https://www.pciconcursos.com.br/provas/download/analista-judiciario-contador-trf-1-fcc-2011
Analista Judiciário - Contador,2009,TJ/PI,FCC,Superior,https://www.pciconcursos.com.br/provas/download/analista-judiciario-contador-tj-pi-fcc-2009
Analista Judiciário - Contador,2009,TJ/AP,FCC,Superior,https://www.pciconcursos.com.br/provas/download/analista-judiciario-contador-tj-ap-fcc-2009
Analista Judiciário - Contador,2006,TRE/SP,FCC,Superior,https://www.pciconcursos.com.br/provas/download/analista-judiciario-contador-tre-sp-fcc-2006
Analista Judiciário - Contador,2005,TRE/ES,FCC,Superior,https://www.pciconcursos.com.br/provas/download/analista-judiciario-contador-tre-es-fcc-2005
Analista Judiciário - Contador,2005,TRT 3ª,FCC,Superior,https://www.pciconcursos.com.br/provas/download/analista-judiciario-contador-trt-3-fcc-2005
Analista Judiciário - Contador,2005,TRE/RN,FCC,Superior,https://www.pciconcursos.com.br/provas/download/analista-judiciario-contador-tre-rn-fcc-2005
Analista Judiciário - Contador,2005,TRT 3ª,FCC,Superior,https://www.pciconcursos.com.br/provas/download/prova-analista-judiciario-contador-trt-3-fcc-2005-41
Analista Judiciário - Contador,2004,TRT 22ª,FCC,Superior,https://www.pciconcursos.com.br/provas/download/analista-judiciario-contador-trt-22-fcc-2004
Analista Judiciário - Contador,2004,TRF 4ª,FCC,Superior,https://www.pciconcursos.com.br/provas/download/analista-judiciario-contador-trf-4-fcc-2004
Analista Judiciário - Contador,2003,TRT 21ª,FCC,Superior,https://www.pciconcursos.com.br/provas/download/analista-judiciario-contador-trt-21-fcc-2003
Analista Judiciário - Contador,2003,TRT 24ª,FCC,Superior,https://www.pciconcursos.com.br/provas/download/analista-judiciario-contador-trt-24-fcc-2003
Analista Judiciário - Contador,2001,TRF 4ª,FCC,Superior,https://www.pciconcursos.com.br/provas/download/analista-judiciario-contador-trf-4-fcc-2001
Analista Judiciário - Contadoria,2014,TRF 3ª,FCC,Superior,https://www.pciconcursos.com.br/provas/download/analista-judiciario-contadoria-trf-3-fcc-2014
Analista Judiciário - Contadoria,2012,TRF 2ª,FCC,Superior,https://www.pciconcursos.com.br/provas/download/prova-analista-judiciario-contadoria-trf-2-fcc-2012-69
Analista Judiciário - Contadoria,2012,TRF 2ª,FCC,Superior,https://www.pciconcursos.com.br/provas/download/prova-analista-judiciario-contadoria-trf-2-fcc-2012-69
Analista Judiciário - Contadoria,2010,TRF 4ª,FCC,Superior,https://www.pciconcursos.com.br/provas/download/analista-judiciario-contadoria-trf-4-fcc-2010
Analista Judiciário - Contadoria,2008,TRF 5ª,FCC,Superior,https://www.pciconcursos.com.br/provas/download/analista-judiciario-contadoria-trf-5-fcc-2008
Analista Judiciário - Contadoria,2007,TRF 3ª,FCC,Superior,https://www.pciconcursos.com.br/provas/download/analista-judiciario-contadoria-trf-3-fcc-2007
Analista Judiciário - Contadoria,2007,TRF 4ª,FCC,Superior,https://www.pciconcursos.com.br/provas/download/analista-judiciario-contadoria-trf-4-fcc-2007
Analista Judiciário - Direito,2009,TJ/SE,FCC,Superior,https://www.pciconcursos.com.br/provas/download/analista-judiciario-direito-tj-se-fcc-2009
Analista Judiciário - Direito,2009,TJ/PA,FCC,Superior,https://www.pciconcursos.com.br/provas/download/analista-judiciario-direito-tj-pa-fcc-2009
Analista Judiciário - Direito,2007,TRE/PB,FCC,Superior,https://www.pciconcursos.com.br/provas/download/analista-judiciario-direito-tre-pb-fcc-2007
Analista Judiciário - Dispensada a Especialidade,2007,TRE/PB,FCC,Superior,https://www.pciconcursos.com.br/provas/download/analista-judiciario-dispensada-a-especialidade-tre-pb-fcc-2007
Analista Judiciário - Economia,2009,TJ/PA,FCC,Superior,https://www.pciconcursos.com.br/provas/download/analista-judiciario-economia-tj-pa-fcc-2009
Analista Judiciário - Economia,2006,TRT 4ª,FCC,Superior,https://www.pciconcursos.com.br/provas/download/analista-judiciario-economia-trt-4-fcc-2006
Analista Judiciário - Educação Física,2011,TRT 23ª,FCC,Superior,https://www.pciconcursos.com.br/provas/download/analista-judiciario-educacao-fisica-trt-23-fcc-2011
Analista Judiciário - Educador Físico,2012,TJ/PE,FCC,Superior,https://www.pciconcursos.com.br/provas/download/analista-judiciario-educador-fisico-tj-pe-fcc-2012
Analista Judiciário - Enfermagem,2015,TRT 3ª,FCC,Superior,https://www.pciconcursos.com.br/provas/download/analista-judiciario-enfermagem-trt-3-fcc-2015
Analista Judiciário - Enfermagem,2014,TRT 2ª,FCC,Superior,https://www.pciconcursos.com.br/provas/download/analista-judiciario-enfermagem-trt-2-fcc-2014
Analista Judiciário - Enfermagem,2014,TRT 13ª,FCC,Superior,https://www.pciconcursos.com.br/provas/download/analista-judiciario-enfermagem-trt-13-fcc-2014
Analista Judiciário - Enfermagem,2014,TJ/AP,FCC,Superior,https://www.pciconcursos.com.br/provas/download/analista-judiciario-enfermagem-tj-ap-fcc-2014
Analista Judiciário - Enfermagem,2013,TRT 5ª,FCC,Superior,https://www.pciconcursos.com.br/provas/download/analista-judiciario-enfermagem-trt-5-fcc-2013
Analista Judiciário - Enfermagem,2012,TRF 2ª,FCC,Superior,https://www.pciconcursos.com.br/provas/download/analista-judiciario-enfermagem-trf-2-fcc-2012
Analista Judiciário - Enfermagem,2011,TRT 23ª,FCC,Superior,https://www.pciconcursos.com.br/provas/download/analista-judiciario-enfermagem-trt-23-fcc-2011
Analista Judiciário - Enfermagem,2011,TRE/AP,FCC,Superior,https://www.pciconcursos.com.br/provas/download/analista-judiciario-enfermagem-tre-ap-fcc-2011
Analista Judiciário - Enfermagem,2010,TRF 4ª,FCC,Superior,https://www.pciconcursos.com.br/provas/download/analista-judiciario-enfermagem-trf-4-fcc-2010
Analista Judiciário - Enfermagem,2007,TRE/PB,FCC,Superior,https://www.pciconcursos.com.br/provas/download/analista-judiciario-enfermagem-tre-pb-fcc-2007
Analista Judiciário - Enfermagem,2001,TRF 4ª,FCC,Superior,https://www.pciconcursos.com.br/provas/download/analista-judiciario-enfermagem-trf-4-fcc-2001
Analista Judiciário - Enfermagem do Trabalho,2012,TRF 2ª,FCC,Superior,https://www.pciconcursos.com.br/provas/download/analista-judiciario-enfermagem-do-trabalho-trf-2-fcc-2012
Analista Judiciário - Enfermeiro,2010,TRT 9ª,FCC,Superior,https://www.pciconcursos.com.br/provas/download/analista-judiciario-enfermeiro-trt-9-fcc-2010
Analista Judiciário - Enfermeiro,2009,TRT 3ª,FCC,Superior,https://www.pciconcursos.com.br/provas/download/analista-judiciario-enfermeiro-trt-3-fcc-2009
Analista Judiciário - Enfermeiro,2007,TJ/PE,FCC,Superior,https://www.pciconcursos.com.br/provas/download/analista-judiciario-enfermeiro-tj-pe-fcc-2007
Analista Judiciário - Enfermeiro do Trabalho,2009,TJ/PA,FCC,Superior,https://www.pciconcursos.com.br/provas/download/analista-judiciario-enfermeiro-do-trabalho-tj-pa-fcc-2009
Analista Judiciário - Engenharia,2015,TRT 3ª,FCC,Superior,https://www.pciconcursos.com.br/provas/download/analista-judiciario-engenharia-trt-3-fcc-2015
Analista Judiciário - Engenharia,2014,TRT 16ª,FCC,Superior,https://www.pciconcursos.com.br/provas/download/analista-judiciario-engenharia-trt-16-fcc-2014
Analista Judiciário - Engenharia,2011,TRT 24ª,FCC,Superior,https://www.pciconcursos.com.br/provas/download/analista-judiciario-engenharia-trt-24-fcc-2011
Analista Judiciário - Engenharia,2009,TRE/PI,FCC,Superior,https://www.pciconcursos.com.br/provas/download/analista-judiciario-engenharia-tre-pi-fcc-2009
Analista Judiciário - Engenharia,2009,TRT 16ª,FCC,Superior,https://www.pciconcursos.com.br/provas/download/analista-judiciario-engenharia-trt-16-fcc-2009
Analista Judiciário - Engenharia,2009,TRT 4ª,FCC,Superior,https://www.pciconcursos.com.br/provas/download/analista-judiciario-engenharia-trt-4-fcc-2009
Analista Judiciário - Engenharia,2008,TRT 18ª,FCC,Superior,https://www.pciconcursos.com.br/provas/download/analista-judiciario-engenharia-trt-18-fcc-2008
Analista Judiciário - Engenharia,2007,TRE/MS,FCC,Superior,https://www.pciconcursos.com.br/provas/download/analista-judiciario-engenharia-tre-ms-fcc-2007
Analista Judiciário - Engenharia,2007,TRE/SE,FCC,Superior,https://www.pciconcursos.com.br/provas/download/analista-judiciario-engenharia-tre-se-fcc-2007
Analista Judiciário - Engenharia,2006,TRT 4ª,FCC,Superior,https://www.pciconcursos.com.br/provas/download/analista-judiciario-engenharia-trt-4-fcc-2006
Analista Judiciário - Engenharia,2004,TRT 23ª,FCC,Superior,https://www.pciconcursos.com.br/provas/download/analista-judiciario-engenharia-trt-23-fcc-2004
Analista Judiciário - Engenharia - Segurança do Trabalho,2015,TRT 3ª,FCC,Superior,https://www.pciconcursos.com.br/provas/download/analista-judiciario-engenharia-seguranca-do-trabalho-trt-3-fcc-2015
Analista Judiciário - Engenharia - Segurança do Trabalho,2014,TRT 2ª,FCC,Superior,https://www.pciconcursos.com.br/provas/download/analista-judiciario-engenharia-seguranca-do-trabalho-trt-2-fcc-2014
Analista Judiciário - Engenharia - Segurança do Trabalho,2013,TRT 5ª,FCC,Superior,https://www.pciconcursos.com.br/provas/download/analista-judiciario-engenharia-seguranca-do-trabalho-trt-5-fcc-2013
Analista Judiciário - Engenharia Civil,2015,TRT 3ª,FCC,Superior,https://www.pciconcursos.com.br/provas/download/analista-judiciario-engenharia-civil-trt-3-fcc-2015
Analista Judiciário - Engenharia Civil,2015,TRE/RR,FCC,Superior,https://www.pciconcursos.com.br/provas/download/analista-judiciario-engenharia-civil-tre-rr-fcc-2015
Analista Judiciário - Engenharia Civil,2014,TRF 3ª,FCC,Superior,https://www.pciconcursos.com.br/provas/download/analista-judiciario-engenharia-civil-trf-3-fcc-2014
Analista Judiciário - Engenharia Civil,2014,TRT 19ª,FCC,Superior,https://www.pciconcursos.com.br/provas/download/analista-judiciario-engenharia-civil-trt-19-fcc-2014
Analista Judiciário - Engenharia Civil,2014,TJ/AP,FCC,Superior,https://www.pciconcursos.com.br/provas/download/analista-judiciario-engenharia-civil-tj-ap-fcc-2014
Analista Judiciário - Engenharia Civil,2014,TRF 1ª,FCC,Superior,https://www.pciconcursos.com.br/provas/download/analista-judiciario-engenharia-civil-trf-1-fcc-2014
Analista Judiciário - Engenharia Civil,2013,TRT 12ª,FCC,Superior,https://www.pciconcursos.com.br/provas/download/analista-judiciario-engenharia-civil-trt-12-fcc-2013
Analista Judiciário - Engenharia Civil,2013,TRT 5ª,FCC,Superior,https://www.pciconcursos.com.br/provas/download/analista-judiciario-engenharia-civil-trt-5-fcc-2013
Analista Judiciário - Engenharia Civil,2013,TRT 15ª,FCC,Superior,https://www.pciconcursos.com.br/provas/download/analista-judiciario-engenharia-civil-trt-15-fcc-2013
Analista Judiciário - Engenharia Civil,2013,TRT 18º,FCC,Superior,https://www.pciconcursos.com.br/provas/download/analista-judiciario-engenharia-civil-trt-18-fcc-2013
Analista Judiciário - Engenharia Civil,2012,TRT 11ª,FCC,Superior,https://www.pciconcursos.com.br/provas/download/analista-judiciario-engenharia-civil-trt-11-fcc-2012
Analista Judiciário - Engenharia Civil,2012,TRF 2ª,FCC,Superior,https://www.pciconcursos.com.br/provas/download/analista-judiciario-engenharia-civil-trf-2-fcc-2012
Analista Judiciário - Engenharia Civil,2012,TRE/CE,FCC,Superior,https://www.pciconcursos.com.br/provas/download/analista-judiciario-engenharia-civil-tre-ce-fcc-2012
Analista Judiciário - Engenharia Civil,2012,TRF 2ª,FCC,Superior,https://www.pciconcursos.com.br/provas/download/prova-analista-judiciario-engenharia-civil-trf-2-fcc-2012-42
Analista Judiciário - Engenharia Civil,2011,TRE/RN,FCC,Superior,https://www.pciconcursos.com.br/provas/download/analista-judiciario-engenharia-civil-tre-rn-fcc-2011
Analista Judiciário - Engenharia Civil,2011,TRE/AP,FCC,Superior,https://www.pciconcursos.com.br/provas/download/analista-judiciario-engenharia-civil-tre-ap-fcc-2011
Analista Judiciário - Engenharia Civil,2010,TRT 8ª,FCC,Superior,https://www.pciconcursos.com.br/provas/download/analista-judiciario-engenharia-civil-trt-8-fcc-2010
Analista Judiciário - Engenharia Civil,2010,TRF 4ª,FCC,Superior,https://www.pciconcursos.com.br/provas/download/analista-judiciario-engenharia-civil-trf-4-fcc-2010
Analista Judiciário - Engenharia Civil,2010,TRE/AL,FCC,Superior,https://www.pciconcursos.com.br/provas/download/analista-judiciario-engenharia-civil-tre-al-fcc-2010
Analista Judiciário - Engenharia Civil,2009,TJ/SE,FCC,Superior,https://www.pciconcursos.com.br/provas/download/analista-judiciario-engenharia-civil-tj-se-fcc-2009
Analista Judiciário - Engenharia Civil,2009,TRT 3ª,FCC,Superior,https://www.pciconcursos.com.br/provas/download/analista-judiciario-engenharia-civil-trt-3-fcc-2009
Analista Judiciário - Engenharia Civil,2009,TRT 7ª,FCC,Superior,https://www.pciconcursos.com.br/provas/download/analista-judiciario-engenharia-civil-trt-7-fcc-2009
Analista Judiciário - Engenharia Civil,2009,TRE/AM,FCC,Superior,https://www.pciconcursos.com.br/provas/download/analista-judiciario-engenharia-civil-tre-am-fcc-2009
Analista Judiciário - Engenharia Civil,2009,TJ/PI,FCC,Superior,https://www.pciconcursos.com.br/provas/download/analista-judiciario-engenharia-civil-tj-pi-fcc-2009
Analista Judiciário - Engenharia Civil,2008,TRF 5ª,FCC,Superior,https://www.pciconcursos.com.br/provas/download/analista-judiciario-engenharia-civil-trf-5-fcc-2008
Analista Judiciário - Engenharia Civil,2007,TRF 4ª,FCC,Superior,https://www.pciconcursos.com.br/provas/download/analista-judiciario-engenharia-civil-trf-4-fcc-2007
Analista Judiciário - Engenharia Civil,2007,TRE/PB,FCC,Superior,https://www.pciconcursos.com.br/provas/download/analista-judiciario-engenharia-civil-tre-pb-fcc-2007
Analista Judiciário - Engenharia Civil,2007,TRF 3ª,FCC,Superior,https://www.pciconcursos.com.br/provas/download/analista-judiciario-engenharia-civil-trf-3-fcc-2007
Analista Judiciário - Engenharia Civil,2006,TRT 24ª,FCC,Superior,https://www.pciconcursos.com.br/provas/download/analista-judiciario-engenharia-civil-trt-24-fcc-2006
Analista Judiciário - Engenharia Civil,2004,TRT 22ª,FCC,Superior,https://www.pciconcursos.com.br/provas/download/analista-judiciario-engenharia-civil-trt-22-fcc-2004
Analista Judiciário - Engenharia Civil,2003,TRE/AM,FCC,Superior,https://www.pciconcursos.com.br/provas/download/analista-judiciario-engenharia-civil-tre-am-fcc-2003
Analista Judiciário - Engenharia Civil,2003,TRT 24ª,FCC,Superior,https://www.pciconcursos.com.br/provas/download/analista-judiciario-engenharia-civil-trt-24-fcc-2003
Analista Judiciário - Engenharia Civil Segurança do Trabalho,2011,TRT 23ª,FCC,Superior,https://www.pciconcursos.com.br/provas/download/analista-judiciario-engenharia-civil-seguranca-do-trabalho-trt-23-fcc-2011
Analista Judiciário - Engenharia de Segurança do Trabalho,2011,TRT 14ª,FCC,Superior,https://www.pciconcursos.com.br/provas/download/analista-judiciario-engenharia-de-seguranca-do-trabalho-trt-14-fcc-2011
Analista Judiciário - Engenharia de Segurança no Trabalho,2014,TRT 13ª,FCC,Superior,https://www.pciconcursos.com.br/provas/download/analista-judiciario-engenharia-de-seguranca-no-trabalho-trt-13-fcc-2014
Analista Judiciário - Engenharia Elétrica,2015,TRT 3ª,FCC,Superior,https://www.pciconcursos.com.br/provas/download/analista-judiciario-engenharia-eletrica-trt-3-fcc-2015
Analista Judiciário - Engenharia Elétrica,2014,TJ/AP,FCC,Superior,https://www.pciconcursos.com.br/provas/download/analista-judiciario-engenharia-eletrica-tj-ap-fcc-2014
Analista Judiciário - Engenharia Elétrica,2013,TRT 5ª,FCC,Superior,https://www.pciconcursos.com.br/provas/download/analista-judiciario-engenharia-eletrica-trt-5-fcc-2013
Analista Judiciário - Engenharia Elétrica,2012,TRF 2ª,FCC,Superior,https://www.pciconcursos.com.br/provas/download/prova-analista-judiciario-engenharia-eletrica-trf-2-fcc-2012-20
Analista Judiciário - Engenharia Elétrica,2012,TRF 2ª,FCC,Superior,https://www.pciconcursos.com.br/provas/download/analista-judiciario-engenharia-eletrica-trf-2-fcc-2012
Analista Judiciário - Engenharia Elétrica,2012,TRE/CE,FCC,Superior,https://www.pciconcursos.com.br/provas/download/analista-judiciario-engenharia-eletrica-tre-ce-fcc-2012
Analista Judiciário - Engenharia Elétrica,2011,TRT 23ª,FCC,Superior,https://www.pciconcursos.com.br/provas/download/analista-judiciario-engenharia-eletrica-trt-23-fcc-2011
Analista Judiciário - Engenharia Elétrica,2010,TRT 8ª,FCC,Superior,https://www.pciconcursos.com.br/provas/download/analista-judiciario-engenharia-eletrica-trt-8-fcc-2010
Analista Judiciário - Engenharia Elétrica,2009,TJ/PA,FCC,Superior,https://www.pciconcursos.com.br/provas/download/analista-judiciario-engenharia-eletrica-tj-pa-fcc-2009
Analista Judiciário - Engenharia Elétrica,2009,TRT 3ª,FCC,Superior,https://www.pciconcursos.com.br/provas/download/analista-judiciario-engenharia-eletrica-trt-3-fcc-2009
Analista Judiciário - Engenharia Elétrica,2009,TRT 7ª,FCC,Superior,https://www.pciconcursos.com.br/provas/download/analista-judiciario-engenharia-eletrica-trt-7-fcc-2009
Analista Judiciário - Engenharia Elétrica,2009,TRT 4ª,FCC,Superior,https://www.pciconcursos.com.br/provas/download/analista-judiciario-engenharia-eletrica-trt-4-fcc-2009
Analista Judiciário - Engenharia Elétrica,2007,TRF 3ª,FCC,Superior,https://www.pciconcursos.com.br/provas/download/analista-judiciario-engenharia-eletrica-trf-3-fcc-2007
Analista Judiciário - Engenharia Elétrica,2007,TRF 4ª,FCC,Superior,https://www.pciconcursos.com.br/provas/download/analista-judiciario-engenharia-eletrica-trf-4-fcc-2007
Analista Judiciário - Engenharia Eletrônica,2012,TRF 2ª,FCC,Superior,https://www.pciconcursos.com.br/provas/download/analista-judiciario-engenharia-eletronica-trf-2-fcc-2012
Analista Judiciário - Engenharia em Segurança do Trabalho,2015,TRT 4ª,FCC,Superior,https://www.pciconcursos.com.br/provas/download/analista-judiciario-engenharia-em-seguranca-do-trabalho-trt-4-fcc-2015
Analista Judiciário - Engenharia Mecânica,2015,TRT 3ª,FCC,Superior,https://www.pciconcursos.com.br/provas/download/analista-judiciario-engenharia-mecanica-trt-3-fcc-2015
Analista Judiciário - Engenharia Mecânica,2014,TRF 3ª,FCC,Superior,https://www.pciconcursos.com.br/provas/download/analista-judiciario-engenharia-mecanica-trf-3-fcc-2014
Analista Judiciário - Engenharia Mecânica,2012,TRF 2ª,FCC,Superior,https://www.pciconcursos.com.br/provas/download/analista-judiciario-engenharia-mecanica-trf-2-fcc-2012
Analista Judiciário - Engenharia Mecânica,2012,TRF 2ª,FCC,Superior,https://www.pciconcursos.com.br/provas/download/prova-analista-judiciario-engenharia-mecanica-trf-2-fcc-2012-53
Analista Judiciário - Engenheiro Civil,2012,TRT 4ª,FCC,Superior,https://www.pciconcursos.com.br/provas/download/analista-judiciario-engenheiro-civil-trt-4-fcc-2012
Analista Judiciário - Engenheiro Civil,2006,TRE/SP,FCC,Superior,https://www.pciconcursos.com.br/provas/download/analista-judiciario-engenheiro-civil-tre-sp-fcc-2006
Analista Judiciário - Engenheiro Civil,2005,TRE/RN,FCC,Superior,https://www.pciconcursos.com.br/provas/download/analista-judiciario-engenheiro-civil-tre-rn-fcc-2005
Analista Judiciário - Engenheiro Civil,2004,TRT 23ª,FCC,Superior,https://www.pciconcursos.com.br/provas/download/analista-judiciario-engenheiro-civil-trt-23-fcc-2004
Analista Judiciário - Engenheiro Civil,2003,TRE/BA,FCC,Superior,https://www.pciconcursos.com.br/provas/download/analista-judiciario-engenheiro-civil-tre-ba-fcc-2003
Analista Judiciário - Engenheiro Civil,2003,TRT 21ª,FCC,Superior,https://www.pciconcursos.com.br/provas/download/analista-judiciario-engenheiro-civil-trt-21-fcc-2003
Analista Judiciário - Engenheiro do Trabalho,2005,TRT 3ª,FCC,Superior,https://www.pciconcursos.com.br/provas/download/analista-judiciario-engenheiro-do-trabalho-trt-3-fcc-2005
Analista Judiciário - Engenheiro do Trabalho,2005,TRT 3ª,FCC,Superior,https://www.pciconcursos.com.br/provas/download/prova-analista-judiciario-engenheiro-do-trabalho-trt-3-fcc-2005-36
Analista Judiciário - Engenheiro Eletricista,2006,TRE/SP,FCC,Superior,https://www.pciconcursos.com.br/provas/download/analista-judiciario-engenheiro-eletricista-tre-sp-fcc-2006
Analista Judiciário - Escrivão Judicial,2009,TJ/PI,FCC,Superior,https://www.pciconcursos.com.br/provas/download/analista-judiciario-escrivao-judicial-tj-pi-fcc-2009
Analista Judiciário - Especialidade Análise de Sistemas,2007,TRT 23ª,FCC,Superior,https://www.pciconcursos.com.br/provas/download/analista-judiciario-especialidade-analise-de-sistemas-trt-23-fcc-2007
Analista Judiciário - Especialidade Arquivologia,2007,TRF 2ª,FCC,Superior,https://www.pciconcursos.com.br/provas/download/analista-judiciario-especialidade-arquivologia-trf-2-fcc-2007
Analista Judiciário - Especialidade Biblioteconomia,2012,TRE/PR,FCC,Superior,https://www.pciconcursos.com.br/provas/download/analista-judiciario-especialidade-biblioteconomia-tre-pr-fcc-2012
Analista Judiciário - Especialidade Biblioteconomia,2007,TRT 23ª,FCC,Superior,https://www.pciconcursos.com.br/provas/download/analista-judiciario-especialidade-biblioteconomia-trt-23-fcc-2007
Analista Judiciário - Especialidade Biblioteconomia,2007,TRF 2ª,FCC,Superior,https://www.pciconcursos.com.br/provas/download/analista-judiciario-especialidade-biblioteconomia-trf-2-fcc-2007
Analista Judiciário - Especialidade Contabilidade,2012,TRE/PR,FCC,Superior,https://www.pciconcursos.com.br/provas/download/analista-judiciario-especialidade-contabilidade-tre-pr-fcc-2012
Analista Judiciário - Especialidade Contabilidade,2007,TRT 23ª,FCC,Superior,https://www.pciconcursos.com.br/provas/download/analista-judiciario-especialidade-contabilidade-trt-23-fcc-2007
Analista Judiciário - Especialidade Contadoria,2007,TRF 2ª,FCC,Superior,https://www.pciconcursos.com.br/provas/download/analista-judiciario-especialidade-contadoria-trf-2-fcc-2007
Analista Judiciário - Especialidade Enfermagem,2007,TRT 23ª,FCC,Superior,https://www.pciconcursos.com.br/provas/download/analista-judiciario-especialidade-enfermagem-trt-23-fcc-2007
Analista Judiciário - Especialidade Enfermagem,2006,TRE/SP,FCC,Superior,https://www.pciconcursos.com.br/provas/download/analista-judiciario-especialidade-enfermagem-tre-sp-fcc-2006
Analista Judiciário - Especialidade Engenharia Civil,2007,TRT 23ª,FCC,Superior,https://www.pciconcursos.com.br/provas/download/analista-judiciario-especialidade-engenharia-civil-trt-23-fcc-2007
Analista Judiciário - Especialidade Engenharia Civil,2007,TRF 2ª,FCC,Superior,https://www.pciconcursos.com.br/provas/download/analista-judiciario-especialidade-engenharia-civil-trf-2-fcc-2007
Analista Judiciário - Especialidade Engenharia Elétrica,2007,TRF 2ª,FCC,Superior,https://www.pciconcursos.com.br/provas/download/analista-judiciario-especialidade-engenharia-eletrica-trf-2-fcc-2007
Analista Judiciário - Especialidade Engenharia Elétrica,2007,TRT 23ª,FCC,Superior,https://www.pciconcursos.com.br/provas/download/analista-judiciario-especialidade-engenharia-eletrica-trt-23-fcc-2007
Analista Judiciário - Especialidade Engenharia Eletrônica,2007,TRF 2ª,FCC,Superior,https://www.pciconcursos.com.br/provas/download/analista-judiciario-especialidade-engenharia-eletronica-trf-2-fcc-2007
Analista Judiciário - Especialidade Engenharia Mecânica,2007,TRF 2ª,FCC,Superior,https://www.pciconcursos.com.br/provas/download/analista-judiciario-especialidade-engenharia-mecanica-trf-2-fcc-2007
Analista Judiciário - Especialidade Estatística,2007,TRF 2ª,FCC,Superior,https://www.pciconcursos.com.br/provas/download/analista-judiciario-especialidade-estatistica-trf-2-fcc-2007
Analista Judiciário - Especialidade Execução de Mandados,2007,TRF 2ª,FCC,Superior,https://www.pciconcursos.com.br/provas/download/analista-judiciario-especialidade-execucao-de-mandados-trf-2-fcc-2007
Analista Judiciário - Especialidade Execução de Mandados,2007,TRT 23ª,FCC,Superior,https://www.pciconcursos.com.br/provas/download/analista-judiciario-especialidade-execucao-de-mandados-trt-23-fcc-2007
Analista Judiciário - Especialidade Fisioterapia,2007,TRT 23ª,FCC,Superior,https://www.pciconcursos.com.br/provas/download/analista-judiciario-especialidade-fisioterapia-trt-23-fcc-2007
Analista Judiciário - Especialidade Informática,2007,TRF 2ª,FCC,Superior,https://www.pciconcursos.com.br/provas/download/analista-judiciario-especialidade-informatica-trf-2-fcc-2007
Analista Judiciário - Especialidade Medicina do Trabalho,2007,TRF 2ª,FCC,Superior,https://www.pciconcursos.com.br/provas/download/analista-judiciario-especialidade-medicina-do-trabalho-trf-2-fcc-2007
Analista Judiciário - Especialidade Medicina do Trabalho,2007,TRT 23ª,FCC,Superior,https://www.pciconcursos.com.br/provas/download/analista-judiciario-especialidade-medicina-do-trabalho-trt-23-fcc-2007
Analista Judiciário - Especialidade odontologia,2012,TRE/PR,FCC,Superior,https://www.pciconcursos.com.br/provas/download/analista-judiciario-especialidade-odontologia-tre-pr-fcc-2012
Analista Judiciário - Especialidade Odontologia,2007,TRF 2ª,FCC,Superior,https://www.pciconcursos.com.br/provas/download/analista-judiciario-especialidade-odontologia-trf-2-fcc-2007
Analista Judiciário - Especialidade Odontologia,2007,TRT 23ª,FCC,Superior,https://www.pciconcursos.com.br/provas/download/analista-judiciario-especialidade-odontologia-trt-23-fcc-2007
Analista Judiciário - Especialidade Psicologia,2007,TRT 23ª,FCC,Superior,https://www.pciconcursos.com.br/provas/download/analista-judiciario-especialidade-psicologia-trt-23-fcc-2007
Analista Judiciário - Especialidade Serviço Social,2007,TRF 2ª,FCC,Superior,https://www.pciconcursos.com.br/provas/download/analista-judiciario-especialidade-servico-social-trf-2-fcc-2007
Analista Judiciário - Especialidade Taquigrafia,2007,TRF 2ª,FCC,Superior,https://www.pciconcursos.com.br/provas/download/analista-judiciario-especialidade-taquigrafia-trf-2-fcc-2007
Analista Judiciário - Estatística,2015,TRE/RR,FCC,Superior,https://www.pciconcursos.com.br/provas/download/analista-judiciario-estatistica-tre-rr-fcc-2015
Analista Judiciário - Estatística,2015,TRT 3ª,FCC,Superior,https://www.pciconcursos.com.br/provas/download/analista-judiciario-estatistica-trt-3-fcc-2015
Analista Judiciário - Estatística,2014,TRT 19ª,FCC,Superior,https://www.pciconcursos.com.br/provas/download/analista-judiciario-estatistica-trt-19-fcc-2014
Analista Judiciário - Estatística,2014,TRT 16ª,FCC,Superior,https://www.pciconcursos.com.br/provas/download/analista-judiciario-estatistica-trt-16-fcc-2014
Analista Judiciário - Estatística,2014,TRT 13ª,FCC,Superior,https://www.pciconcursos.com.br/provas/download/analista-judiciario-estatistica-trt-13-fcc-2014
Analista Judiciário - Estatística,2013,TRT 5ª,FCC,Superior,https://www.pciconcursos.com.br/provas/download/analista-judiciario-estatistica-trt-5-fcc-2013
Analista Judiciário - Estatística,2013,TRT 12ª,FCC,Superior,https://www.pciconcursos.com.br/provas/download/analista-judiciario-estatistica-trt-12-fcc-2013
Analista Judiciário - Estatística,2012,TRE/SP,FCC,Superior,https://www.pciconcursos.com.br/provas/download/analista-judiciario-estatistica-tre-sp-fcc-2012
Analista Judiciário - Estatística,2012,TRF 2ª,FCC,Superior,https://www.pciconcursos.com.br/provas/download/analista-judiciario-estatistica-trf-2-fcc-2012
Analista Judiciário - Estatística,2011,TRT 23ª,FCC,Superior,https://www.pciconcursos.com.br/provas/download/analista-judiciario-estatistica-trt-23-fcc-2011
Analista Judiciário - Estatística,2011,TRT 1ª,FCC,Superior,https://www.pciconcursos.com.br/provas/download/analista-judiciario-estatistica-trt-1-fcc-2011
Analista Judiciário - Estatística,2010,TRT 8ª,FCC,Superior,https://www.pciconcursos.com.br/provas/download/analista-judiciario-estatistica-trt-8-fcc-2010
Analista Judiciário - Estatística,2009,TJ/AP,FCC,Superior,https://www.pciconcursos.com.br/provas/download/analista-judiciario-estatistica-tj-ap-fcc-2009
Analista Judiciário - Estatística,2009,TRT 3ª,FCC,Superior,https://www.pciconcursos.com.br/provas/download/analista-judiciario-estatistica-trt-3-fcc-2009
Analista Judiciário - Estatística,2009,TRT 7ª,FCC,Superior,https://www.pciconcursos.com.br/provas/download/analista-judiciario-estatistica-trt-7-fcc-2009
Analista Judiciário - Estatística,2009,TRT 4ª,FCC,Superior,https://www.pciconcursos.com.br/provas/download/analista-judiciario-estatistica-trt-4-fcc-2009
Analista Judiciário - Estatística,2009,TRE/PI,FCC,Superior,https://www.pciconcursos.com.br/provas/download/analista-judiciario-estatistica-tre-pi-fcc-2009
Analista Judiciário - Estatística,2009,TJ/PA,FCC,Superior,https://www.pciconcursos.com.br/provas/download/analista-judiciario-estatistica-tj-pa-fcc-2009
Analista Judiciário - Estatística,2008,TRT 2ª,FCC,Superior,https://www.pciconcursos.com.br/provas/download/analista-judiciario-estatistica-trt-2-fcc-2008
Analista Judiciário - Estatística,2001,TRF 1ª,FCC,Superior,https://www.pciconcursos.com.br/provas/download/analista-judiciario-estatistica-trf-1-fcc-2001
Analista Judiciário - Estatístico,2010,TRT 9ª,FCC,Superior,https://www.pciconcursos.com.br/provas/download/analista-judiciario-estatistico-trt-9-fcc-2010
Analista Judiciário - Estatístico,2009,TJ/PI,FCC,Superior,https://www.pciconcursos.com.br/provas/download/analista-judiciario-estatistico-tj-pi-fcc-2009
Analista Judiciário - Excução de Mandatos,2010,TRT 9ª,FCC,Superior,https://www.pciconcursos.com.br/provas/download/analista-judiciario-excucao-de-mandatos-trt-9-fcc-2010
Analista Judiciário - Execução de Mandados,2013,TRT 1ª,FCC,Superior,https://www.pciconcursos.com.br/provas/download/analista-judiciario-execucao-de-mandados-trt-1-fcc-2013
Analista Judiciário - Execução de Mandados,2013,TRT 9ª,FCC,Superior,https://www.pciconcursos.com.br/provas/download/analista-judiciario-execucao-de-mandados-trt-9-fcc-2013
Analista Judiciário - Execução de Mandados,2012,TRF 2ª,FCC,Superior,https://www.pciconcursos.com.br/provas/download/analista-judiciario-execucao-de-mandados-trf-2-fcc-2012
Analista Judiciário - Execução de Mandados,2012,TRF 2ª,FCC,Superior,https://www.pciconcursos.com.br/provas/download/prova-analista-judiciario-execucao-de-mandados-trf-2-fcc-2012-43
Analista Judiciário - Execução de Mandados,2012,TJ/RJ,FCC,Superior,https://www.pciconcursos.com.br/provas/download/analista-judiciario-execucao-de-mandados-tj-rj-fcc-2012
Analista Judiciário - Execução de Mandados,2012,TRT 11ª,FCC,Superior,https://www.pciconcursos.com.br/provas/download/analista-judiciario-execucao-de-mandados-trt-11-fcc-2012
Analista Judiciário - Execução de Mandados,2011,TRT 20ª,FCC,Superior,https://www.pciconcursos.com.br/provas/download/analista-judiciario-execucao-de-mandados-trt-20-fcc-2011
Analista Judiciário - Execução de Mandados,2011,TRT 23ª,FCC,Superior,https://www.pciconcursos.com.br/provas/download/analista-judiciario-execucao-de-mandados-trt-23-fcc-2011
Analista Judiciário - Execução de Mandados,2011,TRT 14ª,FCC,Superior,https://www.pciconcursos.com.br/provas/download/analista-judiciario-execucao-de-mandados-trt-14-fcc-2011
Analista Judiciário - Execução de Mandados,2011,TRF 1ª,FCC,Superior,https://www.pciconcursos.com.br/provas/download/analista-judiciario-execucao-de-mandados-trf-1-fcc-2011
Analista Judiciário - Execução de Mandados,2011,TRT 4ª,FCC,Superior,https://www.pciconcursos.com.br/provas/download/analista-judiciario-execucao-de-mandados-trt-4-fcc-2011
Analista Judiciário - Execução de Mandados,2010,TRT 22ª,FCC,Superior,https://www.pciconcursos.com.br/provas/download/analista-judiciario-execucao-de-mandados-trt-22-fcc-2010
Analista Judiciário - Execução de Mandados,2010,TRF 4ª,FCC,Superior,https://www.pciconcursos.com.br/provas/download/analista-judiciario-execucao-de-mandados-trf-4-fcc-2010
Analista Judiciário - Execução de Mandados,2009,TRT 7ª,FCC,Superior,https://www.pciconcursos.com.br/provas/download/analista-judiciario-execucao-de-mandados-trt-7-fcc-2009
Analista Judiciário - Execução de Mandados,2009,TJ/AP,FCC,Superior,https://www.pciconcursos.com.br/provas/download/analista-judiciario-execucao-de-mandados-tj-ap-fcc-2009
Analista Judiciário - Execução de Mandados,2009,TRT 3ª,FCC,Superior,https://www.pciconcursos.com.br/provas/download/analista-judiciario-execucao-de-mandados-trt-3-fcc-2009
Analista Judiciário - Execução de Mandados,2009,TRT 15ª,FCC,Superior,https://www.pciconcursos.com.br/provas/download/analista-judiciario-execucao-de-mandados-trt-15-fcc-2009
Analista Judiciário - Execução de Mandados,2009,TRT 16ª,FCC,Superior,https://www.pciconcursos.com.br/provas/download/analista-judiciario-execucao-de-mandados-trt-16-fcc-2009
Analista Judiciário - Execução de Mandados,2008,TRT 19ª,FCC,Superior,https://www.pciconcursos.com.br/provas/download/analista-judiciario-execucao-de-mandados-trt-19-fcc-2008
Analista Judiciário - Execução de Mandados,2008,TRF 5ª,FCC,Superior,https://www.pciconcursos.com.br/provas/download/analista-judiciario-execucao-de-mandados-trf-5-fcc-2008
Analista Judiciário - Execução de Mandados,2008,TRT 18ª,FCC,Superior,https://www.pciconcursos.com.br/provas/download/analista-judiciario-execucao-de-mandados-trt-18-fcc-2008
Analista Judiciário - Execução de Mandados,2008,TRT 2ª,FCC,Superior,https://www.pciconcursos.com.br/provas/download/analista-judiciario-execucao-de-mandados-trt-2-fcc-2008
Analista Judiciário - Execução de Mandados,2007,TRF 3ª,FCC,Superior,https://www.pciconcursos.com.br/provas/download/analista-judiciario-execucao-de-mandados-trf-3-fcc-2007
Analista Judiciário - Execução de Mandados,2007,TRF 4ª,FCC,Superior,https://www.pciconcursos.com.br/provas/download/analista-judiciario-execucao-de-mandados-trf-4-fcc-2007
Analista Judiciário - Execução de Mandados,2006,TRF 1ª,FCC,Superior,https://www.pciconcursos.com.br/provas/download/analista-judiciario-execucao-de-mandados-trf-1-fcc-2006
Analista Judiciário - Execução de Mandados,2006,TRT 20ª,FCC,Superior,https://www.pciconcursos.com.br/provas/download/analista-judiciario-execucao-de-mandados-trt-20-fcc-2006
Analista Judiciário - Execução de Mandados,2006,TRT 20ª,FCC,Superior,https://www.pciconcursos.com.br/provas/download/prova-analista-judiciario-execucao-de-mandados-trt-20-fcc-2006-74
Analista Judiciário - Execução de Mandados,2006,TRT 24ª,FCC,Superior,https://www.pciconcursos.com.br/provas/download/analista-judiciario-execucao-de-mandados-trt-24-fcc-2006
Analista Judiciário - Execução de Mandados,2006,TRT 4ª,FCC,Superior,https://www.pciconcursos.com.br/provas/download/analista-judiciario-execucao-de-mandados-trt-4-fcc-2006
Analista Judiciário - Execução de Mandados,2006,TRT 6ª,FCC,Superior,https://www.pciconcursos.com.br/provas/download/analista-judiciario-execucao-de-mandados-trt-6-fcc-2006
Analista Judiciário - Execução de Mandados,2005,TRT 13ª,FCC,Superior,https://www.pciconcursos.com.br/provas/download/analista-judiciario-execucao-de-mandados-trt-13-fcc-2005
Analista Judiciário - Execução de Mandados,2004,TRT 23ª,FCC,Superior,https://www.pciconcursos.com.br/provas/download/analista-judiciario-execucao-de-mandados-trt-23-fcc-2004
Analista Judiciário - Execução de Mandados,2004,TRT 22ª,FCC,Superior,https://www.pciconcursos.com.br/provas/download/analista-judiciario-execucao-de-mandados-trt-22-fcc-2004
Analista Judiciário - Execução de Mandados,2004,TRT 2ª,FCC,Superior,https://www.pciconcursos.com.br/provas/download/analista-judiciario-execucao-de-mandados-trt-2-fcc-2004
Analista Judiciário - Execução de Mandados,2004,TRT 23ª,FCC,Superior,https://www.pciconcursos.com.br/provas/download/prova-analista-judiciario-execucao-de-mandados-trt-23-fcc-2004-53
Analista Judiciário - Execução de Mandados,2004,TRT 14ª,FCC,Superior,https://www.pciconcursos.com.br/provas/download/analista-judiciario-execucao-de-mandados-trt-14-fcc-2004
Analista Judiciário - Execução de Mandados,2003,TRF 5ª,FCC,Superior,https://www.pciconcursos.com.br/provas/download/analista-judiciario-execucao-de-mandados-trf-5-fcc-2003
Analista Judiciário - Execução de Mandato,2003,TRT 21ª,FCC,Superior,https://www.pciconcursos.com.br/provas/download/analista-judiciario-execucao-de-mandato-trt-21-fcc-2003
Analista Judiciário - Execução de Mandatos,2011,TRT 24ª,FCC,Superior,https://www.pciconcursos.com.br/provas/download/analista-judiciario-execucao-de-mandatos-trt-24-fcc-2011
Analista Judiciário - Execução de Mandatos,2010,TRT 8ª,FCC,Superior,https://www.pciconcursos.com.br/provas/download/analista-judiciario-execucao-de-mandatos-trt-8-fcc-2010
Analista Judiciário - Executor de Mandados,2005,TRT 11ª,FCC,Superior,https://www.pciconcursos.com.br/provas/download/analista-judiciario-executor-de-mandados-trt-11-fcc-2005
Analista Judiciário - Executor de Mandados,2004,TRT 2ª,FCC,Superior,https://www.pciconcursos.com.br/provas/download/analista-judiciario-executor-de-mandados-trt-2-fcc-2004
Analista Judiciário - Executor de Mandados,2004,TRT 9ª,FCC,Superior,https://www.pciconcursos.com.br/provas/download/analista-judiciario-executor-de-mandados-trt-9-fcc-2004
Analista Judiciário - Executor de Mandados,2004,TRF 4ª,FCC,Superior,https://www.pciconcursos.com.br/provas/download/analista-judiciario-executor-de-mandados-trf-4-fcc-2004
Analista Judiciário - Executor de Mandados,2004,TRT 2ª,FCC,Superior,https://www.pciconcursos.com.br/provas/download/prova-analista-judiciario-executor-de-mandados-trt-2-fcc-2004-51
Analista Judiciário - Executor de Mandados,2003,TRT 5ª,FCC,Superior,https://www.pciconcursos.com.br/provas/download/analista-judiciario-executor-de-mandados-trt-5-fcc-2003
Analista Judiciário - Executor de Mandados,2003,TRT 19ª,FCC,Superior,https://www.pciconcursos.com.br/provas/download/analista-judiciario-executor-de-mandados-trt-19-fcc-2003
Analista Judiciário - Executor de Mandados,2001,TRF 4ª,FCC,Superior,https://www.pciconcursos.com.br/provas/download/analista-judiciario-executor-de-mandados-trf-4-fcc-2001
Analista Judiciário - Executor de Mandados,2001,TRF 1ª,FCC,Superior,https://www.pciconcursos.com.br/provas/download/analista-judiciario-executor-de-mandados-trf-1-fcc-2001
Analista Judiciário - Fiscal de Arrecadação,2009,TJ/PA,FCC,Superior,https://www.pciconcursos.com.br/provas/download/analista-judiciario-fiscal-de-arrecadacao-tj-pa-fcc-2009
Analista Judiciário - Fisioterapeuta,2012,TJ/PE,FCC,Superior,https://www.pciconcursos.com.br/provas/download/analista-judiciario-fisioterapeuta-tj-pe-fcc-2012
Analista Judiciário - Fisioterapeuta,2010,TRT 9ª,FCC,Superior,https://www.pciconcursos.com.br/provas/download/analista-judiciario-fisioterapeuta-trt-9-fcc-2010
Analista Judiciário - Fisioterapeuta,2009,TRT 3ª,FCC,Superior,https://www.pciconcursos.com.br/provas/download/analista-judiciario-fisioterapeuta-trt-3-fcc-2009
Analista Judiciário - Fisioterapeuta,2007,TJ/PE,FCC,Superior,https://www.pciconcursos.com.br/provas/download/analista-judiciario-fisioterapeuta-tj-pe-fcc-2007
Analista Judiciário - Fisioterapia,2015,TRT 3ª,FCC,Superior,https://www.pciconcursos.com.br/provas/download/analista-judiciario-fisioterapia-trt-3-fcc-2015
Analista Judiciário - Fisioterapia,2014,TRT 13ª,FCC,Superior,https://www.pciconcursos.com.br/provas/download/analista-judiciario-fisioterapia-trt-13-fcc-2014
Analista Judiciário - Fisioterapia,2013,TRT 5ª,FCC,Superior,https://www.pciconcursos.com.br/provas/download/analista-judiciario-fisioterapia-trt-5-fcc-2013
Analista Judiciário - Fisioterapia,2011,TRT 23ª,FCC,Superior,https://www.pciconcursos.com.br/provas/download/analista-judiciario-fisioterapia-trt-23-fcc-2011
Analista Judiciário - Fisioterapia,2009,TRT 7ª,FCC,Superior,https://www.pciconcursos.com.br/provas/download/analista-judiciario-fisioterapia-trt-7-fcc-2009
Analista Judiciário - Fisioterapia,2007,TRE/PB,FCC,Superior,https://www.pciconcursos.com.br/provas/download/analista-judiciario-fisioterapia-tre-pb-fcc-2007
Analista Judiciário - Fisioterapia,2005,TRT 15ª,FCC,Superior,https://www.pciconcursos.com.br/provas/download/analista-judiciario-fisioterapia-trt-15-fcc-2005
Analista Judiciário - Fonoaudiólogo,2009,TJ/AP,FCC,Superior,https://www.pciconcursos.com.br/provas/download/analista-judiciario-fonoaudiologo-tj-ap-fcc-2009
Analista Judiciário - História,2015,TRT 3ª,FCC,Superior,https://www.pciconcursos.com.br/provas/download/analista-judiciario-historia-trt-3-fcc-2015
Analista Judiciário - História,2014,TJ/AP,FCC,Superior,https://www.pciconcursos.com.br/provas/download/analista-judiciario-historia-tj-ap-fcc-2014
Analista Judiciário - Informática,2014,TRF 3ª,FCC,Superior,https://www.pciconcursos.com.br/provas/download/analista-judiciario-informatica-trf-3-fcc-2014
Analista Judiciário - Informática,2014,TRF 1ª,FCC,Superior,https://www.pciconcursos.com.br/provas/download/analista-judiciario-informatica-trf-1-fcc-2014
Analista Judiciário - Informática,2012,TRF 2ª,FCC,Superior,https://www.pciconcursos.com.br/provas/download/analista-judiciario-informatica-trf-2-fcc-2012
Analista Judiciário - Informática,2011,TRF 2ª,FCC,Superior,https://www.pciconcursos.com.br/provas/download/analista-judiciario-informatica-trf-2-fcc-2011
Analista Judiciário - Informática,2010,TRF 4ª,FCC,Superior,https://www.pciconcursos.com.br/provas/download/analista-judiciario-informatica-trf-4-fcc-2010
Analista Judiciário - Informática,2008,TRF 5ª,FCC,Superior,https://www.pciconcursos.com.br/provas/download/analista-judiciario-informatica-trf-5-fcc-2008
Analista Judiciário - Informática,2007,TRF 3ª,FCC,Superior,https://www.pciconcursos.com.br/provas/download/analista-judiciario-informatica-trf-3-fcc-2007
Analista Judiciário - Informática,2007,TRF 4ª,FCC,Superior,https://www.pciconcursos.com.br/provas/download/analista-judiciario-informatica-trf-4-fcc-2007
Analista Judiciário - Informática,2005,TRT 13ª,FCC,Superior,https://www.pciconcursos.com.br/provas/download/analista-judiciario-informatica-trt-13-fcc-2005
Analista Judiciário - Informática,2004,TRT 9ª,FCC,Superior,https://www.pciconcursos.com.br/provas/download/analista-judiciario-informatica-trt-9-fcc-2004
Analista Judiciário - Informática,2001,TRF 4ª,FCC,Superior,https://www.pciconcursos.com.br/provas/download/analista-judiciario-informatica-trf-4-fcc-2001
Analista Judiciário - Informática/ Banco de Dados,2014,TRF 3ª,FCC,Superior,https://www.pciconcursos.com.br/provas/download/analista-judiciario-informatica-banco-de-dados-trf-3-fcc-2014
Analista Judiciário - Informática/ Infraestrutura,2014,TRF 3ª,FCC,Superior,https://www.pciconcursos.com.br/provas/download/analista-judiciario-informatica-infraestrutura-trf-3-fcc-2014
Analista Judiciário - Jornalismo,2014,TJ/AP,FCC,Superior,https://www.pciconcursos.com.br/provas/download/analista-judiciario-jornalismo-tj-ap-fcc-2014
Analista Judiciário - Jornalista,2007,TJ/PE,FCC,Superior,https://www.pciconcursos.com.br/provas/download/analista-judiciario-jornalista-tj-pe-fcc-2007
Analista Judiciário - Judiciária,2016,TRT 14ª,FCC,Superior,https://www.pciconcursos.com.br/provas/download/analista-judiciario-judiciaria-trt-14-fcc-2016
Analista Judiciário - Judiciária,2016,TRT 23ª,FCC,Superior,https://www.pciconcursos.com.br/provas/download/analista-judiciario-judiciaria-trt-23-fcc-2016
Analista Judiciário - Judiciária,2016,TRT 20ª,FCC,Superior,https://www.pciconcursos.com.br/provas/download/analista-judiciario-judiciaria-trt-20-fcc-2016
Analista Judiciário - Judiciária,2015,TRE/SE,FCC,Superior,https://www.pciconcursos.com.br/provas/download/analista-judiciario-judiciaria-tre-se-fcc-2015
Analista Judiciário - Judiciária,2015,TRT 3ª,FCC,Superior,https://www.pciconcursos.com.br/provas/download/analista-judiciario-judiciaria-trt-3-fcc-2015
Analista Judiciário - Judiciária,2015,TRT 9ª,FCC,Superior,https://www.pciconcursos.com.br/provas/download/analista-judiciario-judiciaria-trt-9-fcc-2015
Analista Judiciário - Judiciária,2015,TRE/RR,FCC,Superior,https://www.pciconcursos.com.br/provas/download/analista-judiciario-judiciaria-tre-rr-fcc-2015
Analista Judiciário - Judiciária,2015,TRE/AP,FCC,Superior,https://www.pciconcursos.com.br/provas/download/analista-judiciario-judiciaria-tre-ap-fcc-2015
Analista Judiciário - Judiciária,2014,TRT 16ª,FCC,Superior,https://www.pciconcursos.com.br/provas/download/analista-judiciario-judiciaria-trt-16-fcc-2014
Analista Judiciário - Judiciária,2014,TRT 2ª,FCC,Superior,https://www.pciconcursos.com.br/provas/download/analista-judiciario-judiciaria-trt-2-fcc-2014
Analista Judiciário - Judiciária,2012,TRT 11ª,FCC,Superior,https://www.pciconcursos.com.br/provas/download/analista-judiciario-judiciaria-trt-11-fcc-2012
Analista Judiciário - Judiciária,2012,TRT 6ª,FCC,Superior,https://www.pciconcursos.com.br/provas/download/analista-judiciario-judiciaria-trt-6-fcc-2012
Analista Judiciário - Judiciária,2011,TRE/AP,FCC,Superior,https://www.pciconcursos.com.br/provas/download/analista-judiciario-judiciaria-tre-ap-fcc-2011
Analista Judiciário - Judiciária,2011,TRT 23ª,FCC,Superior,https://www.pciconcursos.com.br/provas/download/analista-judiciario-judiciaria-trt-23-fcc-2011
Analista Judiciário - Judiciária,2011,TRE/TO,FCC,Superior,https://www.pciconcursos.com.br/provas/download/analista-judiciario-judiciaria-tre-to-fcc-2011
Analista Judiciário - Judiciária,2011,TRT 24ª,FCC,Superior,https://www.pciconcursos.com.br/provas/download/analista-judiciario-judiciaria-trt-24-fcc-2011
Analista Judiciário - Judiciária,2011,TRT 14ª,FCC,Superior,https://www.pciconcursos.com.br/provas/download/analista-judiciario-judiciaria-trt-14-fcc-2011
Analista Judiciário - Judiciária,2011,TRF 1ª,FCC,Superior,https://www.pciconcursos.com.br/provas/download/analista-judiciario-judiciaria-trf-1-fcc-2011
Analista Judiciário - Judiciária,2011,TRT 4ª,FCC,Superior,https://www.pciconcursos.com.br/provas/download/analista-judiciario-judiciaria-trt-4-fcc-2011
Analista Judiciário - Judiciária,2010,TRE/AL,FCC,Superior,https://www.pciconcursos.com.br/provas/download/analista-judiciario-judiciaria-tre-al-fcc-2010
Analista Judiciário - Judiciária,2010,TRF 4ª,FCC,Superior,https://www.pciconcursos.com.br/provas/download/analista-judiciario-judiciaria-trf-4-fcc-2010
Analista Judiciário - Judiciária,2010,TRE/RS,FCC,Superior,https://www.pciconcursos.com.br/provas/download/analista-judiciario-judiciaria-tre-rs-fcc-2010
Analista Judiciário - Judiciária,2010,TRT 9ª,FCC,Superior,https://www.pciconcursos.com.br/provas/download/analista-judiciario-judiciaria-trt-9-fcc-2010
Analista Judiciário - Judiciária,2010,TRE/AC,FCC,Superior,https://www.pciconcursos.com.br/provas/download/analista-judiciario-judiciaria-tre-ac-fcc-2010
Analista Judiciário - Judiciária,2009,TRT 3ª,FCC,Superior,https://www.pciconcursos.com.br/provas/download/analista-judiciario-judiciaria-trt-3-fcc-2009
Analista Judiciário - Judiciária,2009,TRE/AM,FCC,Superior,https://www.pciconcursos.com.br/provas/download/analista-judiciario-judiciaria-tre-am-fcc-2009
Analista Judiciário - Judiciária,2009,TRT 7ª,FCC,Superior,https://www.pciconcursos.com.br/provas/download/analista-judiciario-judiciaria-trt-7-fcc-2009
Analista Judiciário - Judiciária,2009,TRE/PI,FCC,Superior,https://www.pciconcursos.com.br/provas/download/analista-judiciario-judiciaria-tre-pi-fcc-2009
Analista Judiciário - Judiciária,2009,TRT 15ª,FCC,Superior,https://www.pciconcursos.com.br/provas/download/analista-judiciario-judiciaria-trt-15-fcc-2009
Analista Judiciário - Judiciária,2008,TRT 2ª,FCC,Superior,https://www.pciconcursos.com.br/provas/download/analista-judiciario-judiciaria-trt-2-fcc-2008
Analista Judiciário - Judiciária,2008,TRF 5ª,FCC,Superior,https://www.pciconcursos.com.br/provas/download/analista-judiciario-judiciaria-trf-5-fcc-2008
Analista Judiciário - Judiciária,2008,TRT 18ª,FCC,Superior,https://www.pciconcursos.com.br/provas/download/analista-judiciario-judiciaria-trt-18-fcc-2008
Analista Judiciário - Judiciária,2008,TRT 19ª,FCC,Superior,https://www.pciconcursos.com.br/provas/download/analista-judiciario-judiciaria-trt-19-fcc-2008
Analista Judiciário - Judiciária,2007,TRF 3ª,FCC,Superior,https://www.pciconcursos.com.br/provas/download/analista-judiciario-judiciaria-trf-3-fcc-2007
Analista Judiciário - Judiciária,2007,TRT 23ª,FCC,Superior,https://www.pciconcursos.com.br/provas/download/analista-judiciario-judiciaria-trt-23-fcc-2007
Analista Judiciário - Judiciária,2007,TRE/SE,FCC,Superior,https://www.pciconcursos.com.br/provas/download/analista-judiciario-judiciaria-tre-se-fcc-2007
Analista Judiciário - Judiciária,2007,TRE/MS,FCC,Superior,https://www.pciconcursos.com.br/provas/download/analista-judiciario-judiciaria-tre-ms-fcc-2007
Analista Judiciário - Judiciária,2006,TRF 1ª,FCC,Superior,https://www.pciconcursos.com.br/provas/download/analista-judiciario-judiciaria-trf-1-fcc-2006
Analista Judiciário - Judiciária,2006,TRT 24ª,FCC,Superior,https://www.pciconcursos.com.br/provas/download/analista-judiciario-judiciaria-trt-24-fcc-2006
Analista Judiciário - Judiciária,2006,TRE/SP,FCC,Superior,https://www.pciconcursos.com.br/provas/download/analista-judiciario-judiciaria-tre-sp-fcc-2006
Analista Judiciário - Judiciária,2006,TRT 20ª,FCC,Superior,https://www.pciconcursos.com.br/provas/download/analista-judiciario-judiciaria-trt-20-fcc-2006
Analista Judiciário - Judiciária,2005,TRE/RN,FCC,Superior,https://www.pciconcursos.com.br/provas/download/analista-judiciario-judiciaria-tre-rn-fcc-2005
Analista Judiciário - Judiciária,2005,TRE/MG,FCC,Superior,https://www.pciconcursos.com.br/provas/download/analista-judiciario-judiciaria-tre-mg-fcc-2005
Analista Judiciário - Judiciária,2005,TRT 11ª,FCC,Superior,https://www.pciconcursos.com.br/provas/download/analista-judiciario-judiciaria-trt-11-fcc-2005
Analista Judiciário - Judiciária,2005,TRT 13ª,FCC,Superior,https://www.pciconcursos.com.br/provas/download/analista-judiciario-judiciaria-trt-13-fcc-2005
Analista Judiciário - Judiciária,2005,TRT 3ª,FCC,Superior,https://www.pciconcursos.com.br/provas/download/analista-judiciario-judiciaria-trt-3-fcc-2005
Analista Judiciário - Judiciária,2005,TRT 3ª,FCC,Superior,https://www.pciconcursos.com.br/provas/download/prova-analista-judiciario-judiciaria-trt-3-fcc-2005-52
Analista Judiciário - Judiciária,2004,TRT 2ª,FCC,Superior,https://www.pciconcursos.com.br/provas/download/prova-analista-judiciario-judiciaria-trt-2-fcc-2004-54
Analista Judiciário - Judiciária,2004,TRT 8ª,FCC,Superior,https://www.pciconcursos.com.br/provas/download/analista-judiciario-judiciaria-trt-8-fcc-2004
Analista Judiciário - Judiciária,2004,TRT 22ª,FCC,Superior,https://www.pciconcursos.com.br/provas/download/analista-judiciario-judiciaria-trt-22-fcc-2004
Analista Judiciário - Judiciária,2004,TRT 23ª,FCC,Superior,https://www.pciconcursos.com.br/provas/download/prova-analista-judiciario-judiciaria-trt-23-fcc-2004-64
Analista Judiciário - Judiciária,2004,TRT 9ª,FCC,Superior,https://www.pciconcursos.com.br/provas/download/analista-judiciario-judiciaria-trt-9-fcc-2004
Analista Judiciário - Judiciária,2004,TRF 4ª,FCC,Superior,https://www.pciconcursos.com.br/provas/download/analista-judiciario-judiciaria-trf-4-fcc-2004
Analista Judiciário - Judiciária,2004,TRT 2ª,FCC,Superior,https://www.pciconcursos.com.br/provas/download/analista-judiciario-judiciaria-trt-2-fcc-2004
Analista Judiciário - Judiciária,2004,TRT 23ª,FCC,Superior,https://www.pciconcursos.com.br/provas/download/analista-judiciario-judiciaria-trt-23-fcc-2004
Analista Judiciário - Judiciária,2004,TRE/PE,FCC,Superior,https://www.pciconcursos.com.br/provas/download/analista-judiciario-judiciaria-tre-pe-fcc-2004
Analista Judiciário - Judiciária,2003,TRE/BA,FCC,Superior,https://www.pciconcursos.com.br/provas/download/analista-judiciario-judiciaria-tre-ba-fcc-2003
Analista Judiciário - Judiciária,2003,TRT 24ª,FCC,Superior,https://www.pciconcursos.com.br/provas/download/analista-judiciario-judiciaria-trt-24-fcc-2003
Analista Judiciário - Judiciária,2003,TRT 21ª,FCC,Superior,https://www.pciconcursos.com.br/provas/download/analista-judiciario-judiciaria-trt-21-fcc-2003
Analista Judiciário - Judiciária,2003,TRT 24ª,FCC,Superior,https://www.pciconcursos.com.br/provas/download/analista-judiciario-judiciaria-trt-24-fcc-2003
Analista Judiciário - Judiciária,2003,TRT 21ª,FCC,Superior,https://www.pciconcursos.com.br/provas/download/analista-judiciario-judiciaria-trt-21-fcc-2003
Analista Judiciário - Judiciária,2003,TRF 5ª,FCC,Superior,https://www.pciconcursos.com.br/provas/download/analista-judiciario-judiciaria-trf-5-fcc-2003
Analista Judiciário - Judiciária,2003,TRT 5ª,FCC,Superior,https://www.pciconcursos.com.br/provas/download/analista-judiciario-judiciaria-trt-5-fcc-2003
Analista Judiciário - Judiciária,2003,TRT 19ª,FCC,Superior,https://www.pciconcursos.com.br/provas/download/analista-judiciario-judiciaria-trt-19-fcc-2003
Analista Judiciário - Judiciária,2002,TRE/CE,FCC,Superior,https://www.pciconcursos.com.br/provas/download/analista-judiciario-judiciaria-tre-ce-fcc-2002
Analista Judiciário - Judiciária,2002,TRT 20ª,FCC,Superior,https://www.pciconcursos.com.br/provas/download/analista-judiciario-judiciaria-trt-20-fcc-2002
Analista Judiciário - Judiciária,2002,TRE/PI,FCC,Superior,https://www.pciconcursos.com.br/provas/download/analista-judiciario-judiciaria-tre-pi-fcc-2002
Analista Judiciário - Judiciária,2001,TRF 4ª,FCC,Superior,https://www.pciconcursos.com.br/provas/download/analista-judiciario-judiciaria-trf-4-fcc-2001
Analista Judiciário - Judiciária,2001,TRF 1ª,FCC,Superior,https://www.pciconcursos.com.br/provas/download/analista-judiciario-judiciaria-trf-1-fcc-2001
Analista Judiciário - Judiciária - Execução de Mandados,2014,TJ/AP,FCC,Superior,https://www.pciconcursos.com.br/provas/download/analista-judiciario-judiciaria-execucao-de-mandados-tj-ap-fcc-2014
Analista Judiciário - Judiciária - Oficial de Justiça Avaliador Federal,2016,TRT 23ª,FCC,Superior,https://www.pciconcursos.com.br/provas/download/analista-judiciario-judiciaria-oficial-de-justica-avaliador-federal-trt-23-fcc-2016
Analista Judiciário - Judiciária - Oficial de Justiça Avaliador Federal,2016,TRT 20ª,FCC,Superior,https://www.pciconcursos.com.br/provas/download/analista-judiciario-judiciaria-oficial-de-justica-avaliador-federal-trt-20-fcc-2016
Analista Judiciário - Judiciária - Oficial de Justiça Avaliador Federal,2016,TRT 14ª,FCC,Superior,https://www.pciconcursos.com.br/provas/download/analista-judiciario-judiciaria-oficial-de-justica-avaliador-federal-trt-14-fcc-2016
Analista Judiciário - Judiciária - Oficial de Justiça Avaliador Federal,2015,TRT 9ª,FCC,Superior,https://www.pciconcursos.com.br/provas/download/analista-judiciario-judiciaria-oficial-de-justica-avaliador-federal-trt-9-fcc-2015
Analista Judiciário - Judiciária / Administrativa,2004,TRT 2ª,FCC,Superior,https://www.pciconcursos.com.br/provas/download/analista-judiciario-judiciaria-administrativa-trt-2-fcc-2004
Analista Judiciário - Judiciária Especialidade Oficial de Justiça Avaliador Federal,2015,TRT 3ª,FCC,Superior,https://www.pciconcursos.com.br/provas/download/analista-judiciario-judiciaria-especialidade-oficial-de-justica-avaliador-federal-trt-3-fcc-2015
Analista Judiciário - Judiciária/Execução de Mandados,2012,TRT 6ª,FCC,Superior,https://www.pciconcursos.com.br/provas/download/analista-judiciario-judiciaria-execucao-de-mandados-trt-6-fcc-2012
Analista Judiciário - Judiciário,2011,TRE/PE,FCC,Superior,https://www.pciconcursos.com.br/provas/download/analista-judiciario-judiciario-tre-pe-fcc-2011
Analista Judiciário - Judiciário,2011,TRT 20ª,FCC,Superior,https://www.pciconcursos.com.br/provas/download/analista-judiciario-judiciario-trt-20-fcc-2011
Analista Judiciário - Judiciário,2011,TRE/RN,FCC,Superior,https://www.pciconcursos.com.br/provas/download/analista-judiciario-judiciario-tre-rn-fcc-2011
Analista Judiciário - Judiciário,2010,TRT 12ª,FCC,Superior,https://www.pciconcursos.com.br/provas/download/analista-judiciario-judiciario-trt-12-fcc-2010
Analista Judiciário - Judiciário,2010,TRT 22ª,FCC,Superior,https://www.pciconcursos.com.br/provas/download/analista-judiciario-judiciario-trt-22-fcc-2010
Analista Judiciário - Judiciário,2010,TRT 8ª,FCC,Superior,https://www.pciconcursos.com.br/provas/download/analista-judiciario-judiciario-trt-8-fcc-2010
Analista Judiciário - Jurídica,2012,TRE/CE,FCC,Superior,https://www.pciconcursos.com.br/provas/download/analista-judiciario-juridica-tre-ce-fcc-2012
Analista Judiciário - Juridiciária,2009,TRT 16ª,FCC,Superior,https://www.pciconcursos.com.br/provas/download/analista-judiciario-juridiciaria-trt-16-fcc-2009
Analista Judiciário - Médica,2004,TRT 22ª,FCC,Superior,https://www.pciconcursos.com.br/provas/download/analista-judiciario-medica-trt-22-fcc-2004
Analista Judiciário - Medicina,2015,TRE/RR,FCC,Superior,https://www.pciconcursos.com.br/provas/download/analista-judiciario-medicina-tre-rr-fcc-2015
Analista Judiciário - Medicina,2015,TRT 3ª,FCC,Superior,https://www.pciconcursos.com.br/provas/download/analista-judiciario-medicina-trt-3-fcc-2015
Analista Judiciário - Medicina,2014,TRT 13ª,FCC,Superior,https://www.pciconcursos.com.br/provas/download/analista-judiciario-medicina-trt-13-fcc-2014
Analista Judiciário - Medicina,2014,TRT 2ª,FCC,Superior,https://www.pciconcursos.com.br/provas/download/analista-judiciario-medicina-trt-2-fcc-2014
Analista Judiciário - Medicina,2014,TRT 16ª,FCC,Superior,https://www.pciconcursos.com.br/provas/download/analista-judiciario-medicina-trt-16-fcc-2014
Analista Judiciário - Medicina,2013,TRT 5ª,FCC,Superior,https://www.pciconcursos.com.br/provas/download/analista-judiciario-medicina-trt-5-fcc-2013
Analista Judiciário - Medicina,2013,TRT 9ª,FCC,Superior,https://www.pciconcursos.com.br/provas/download/analista-judiciario-medicina-trt-9-fcc-2013
Analista Judiciário - Medicina,2011,TRT 1ª,FCC,Superior,https://www.pciconcursos.com.br/provas/download/analista-judiciario-medicina-trt-1-fcc-2011
Analista Judiciário - Medicina,2011,TRE/RN,FCC,Superior,https://www.pciconcursos.com.br/provas/download/analista-judiciario-medicina-tre-rn-fcc-2011
Analista Judiciário - Medicina,2011,TRT 24ª,FCC,Superior,https://www.pciconcursos.com.br/provas/download/analista-judiciario-medicina-trt-24-fcc-2011
Analista Judiciário - Medicina,2011,TRT 14ª,FCC,Superior,https://www.pciconcursos.com.br/provas/download/analista-judiciario-medicina-trt-14-fcc-2011
Analista Judiciário - Medicina,2011,TRE/AP,FCC,Superior,https://www.pciconcursos.com.br/provas/download/analista-judiciario-medicina-tre-ap-fcc-2011
Analista Judiciário - Medicina,2009,TRT 16ª,FCC,Superior,https://www.pciconcursos.com.br/provas/download/analista-judiciario-medicina-trt-16-fcc-2009
Analista Judiciário - Medicina,2009,TRT 15ª,FCC,Superior,https://www.pciconcursos.com.br/provas/download/analista-judiciario-medicina-trt-15-fcc-2009
Analista Judiciário - Medicina,2009,TRE/AM,FCC,Superior,https://www.pciconcursos.com.br/provas/download/analista-judiciario-medicina-tre-am-fcc-2009
Analista Judiciário - Medicina,2008,TRT 18ª,FCC,Superior,https://www.pciconcursos.com.br/provas/download/analista-judiciario-medicina-trt-18-fcc-2008
Analista Judiciário - Medicina,2003,TRE/AM,FCC,Superior,https://www.pciconcursos.com.br/provas/download/analista-judiciario-medicina-tre-am-fcc-2003
Analista Judiciário - Medicina - Cardiologia,2015,TRT 3ª,FCC,Superior,https://www.pciconcursos.com.br/provas/download/analista-judiciario-medicina-cardiologia-trt-3-fcc-2015
Analista Judiciário - Medicina - Clínica Geral,2014,TRF 1ª,FCC,Superior,https://www.pciconcursos.com.br/provas/download/analista-judiciario-medicina-clinica-geral-trf-1-fcc-2014
Analista Judiciário - Medicina - Clínica Geral,2008,TRF 5ª,FCC,Superior,https://www.pciconcursos.com.br/provas/download/analista-judiciario-medicina-clinica-geral-trf-5-fcc-2008
Analista Judiciário - Medicina - Clínica Geral,2007,TRF 4ª,FCC,Superior,https://www.pciconcursos.com.br/provas/download/analista-judiciario-medicina-clinica-geral-trf-4-fcc-2007
Analista Judiciário - Medicina - Perícia Médica,2014,TJ/AP,FCC,Superior,https://www.pciconcursos.com.br/provas/download/analista-judiciario-medicina-pericia-medica-tj-ap-fcc-2014
Analista Judiciário - Medicina - Psiquiatria,2015,TRT 3ª,FCC,Superior,https://www.pciconcursos.com.br/provas/download/analista-judiciario-medicina-psiquiatria-trt-3-fcc-2015
Analista Judiciário - Medicina - Psiquiatria,2014,TRT 1ª,FCC,Superior,https://www.pciconcursos.com.br/provas/download/analista-judiciario-medicina-psiquiatria-trt-1-fcc-2014
Analista Judiciário - Medicina - Psiquiatria,2014,TJ/AP,FCC,Superior,https://www.pciconcursos.com.br/provas/download/analista-judiciario-medicina-psiquiatria-tj-ap-fcc-2014
Analista Judiciário - Medicina - Psiquiatria,2013,TRT 5ª,FCC,Superior,https://www.pciconcursos.com.br/provas/download/analista-judiciario-medicina-psiquiatria-trt-5-fcc-2013
Analista Judiciário - Medicina - Psiquiatria,2007,TRF 4ª,FCC,Superior,https://www.pciconcursos.com.br/provas/download/analista-judiciario-medicina-psiquiatria-trf-4-fcc-2007
Analista Judiciário - Medicina - Psiquiatria,2006,TRT 6ª,FCC,Superior,https://www.pciconcursos.com.br/provas/download/analista-judiciario-medicina-psiquiatria-trt-6-fcc-2006
Analista Judiciário - Medicina Clínica Geral,2007,TRF 3ª,FCC,Superior,https://www.pciconcursos.com.br/provas/download/analista-judiciario-medicina-clinica-geral-trf-3-fcc-2007
Analista Judiciário - Medicina Clínica Médica,2012,TRF 2ª,FCC,Superior,https://www.pciconcursos.com.br/provas/download/analista-judiciario-medicina-clinica-medica-trf-2-fcc-2012
Analista Judiciário - Medicina Clínica Médica,2012,TRF 2ª,FCC,Superior,https://www.pciconcursos.com.br/provas/download/prova-analista-judiciario-medicina-clinica-medica-trf-2-fcc-2012-79
Analista Judiciário - Medicina do Trabalho,2015,TRT 3ª,FCC,Superior,https://www.pciconcursos.com.br/provas/download/analista-judiciario-medicina-do-trabalho-trt-3-fcc-2015
Analista Judiciário - Medicina do Trabalho,2014,TJ/AP,FCC,Superior,https://www.pciconcursos.com.br/provas/download/analista-judiciario-medicina-do-trabalho-tj-ap-fcc-2014
Analista Judiciário - Medicina do Trabalho,2014,TRT 13ª,FCC,Superior,https://www.pciconcursos.com.br/provas/download/analista-judiciario-medicina-do-trabalho-trt-13-fcc-2014
Analista Judiciário - Medicina do Trabalho,2014,TRT 2ª,FCC,Superior,https://www.pciconcursos.com.br/provas/download/analista-judiciario-medicina-do-trabalho-trt-2-fcc-2014
Analista Judiciário - Medicina do Trabalho,2013,TRT 5ª,FCC,Superior,https://www.pciconcursos.com.br/provas/download/analista-judiciario-medicina-do-trabalho-trt-5-fcc-2013
Analista Judiciário - Medicina do Trabalho,2012,TRF 2ª,FCC,Superior,https://www.pciconcursos.com.br/provas/download/analista-judiciario-medicina-do-trabalho-trf-2-fcc-2012
Analista Judiciário - Medicina do Trabalho,2011,TRE/PE,FCC,Superior,https://www.pciconcursos.com.br/provas/download/analista-judiciario-medicina-do-trabalho-tre-pe-fcc-2011
Analista Judiciário - Medicina do Trabalho,2011,TRT 14ª,FCC,Superior,https://www.pciconcursos.com.br/provas/download/analista-judiciario-medicina-do-trabalho-trt-14-fcc-2011
Analista Judiciário - Medicina do Trabalho,2011,TRT 1ª,FCC,Superior,https://www.pciconcursos.com.br/provas/download/analista-judiciario-medicina-do-trabalho-trt-1-fcc-2011
Analista Judiciário - Medicina do Trabalho,2011,TRT 23ª,FCC,Superior,https://www.pciconcursos.com.br/provas/download/analista-judiciario-medicina-do-trabalho-trt-23-fcc-2011
Analista Judiciário - Medicina do Trabalho,2008,TRT 2ª,FCC,Superior,https://www.pciconcursos.com.br/provas/download/analista-judiciario-medicina-do-trabalho-trt-2-fcc-2008
Analista Judiciário - Medicina Psiquiatria,2012,TRF 2ª,FCC,Superior,https://www.pciconcursos.com.br/provas/download/analista-judiciario-medicina-psiquiatria-trf-2-fcc-2012
Analista Judiciário - Medicina Psiquiátrica,2009,TJ/PA,FCC,Superior,https://www.pciconcursos.com.br/provas/download/analista-judiciario-medicina-psiquiatrica-tj-pa-fcc-2009
Analista Judiciário - Medicina/ Cardiologia,2014,TRF 3ª,FCC,Superior,https://www.pciconcursos.com.br/provas/download/analista-judiciario-medicina-cardiologia-trf-3-fcc-2014
Analista Judiciário - Medicina/ Ortopedia,2014,TRF 3ª,FCC,Superior,https://www.pciconcursos.com.br/provas/download/analista-judiciario-medicina-ortopedia-trf-3-fcc-2014
Analista Judiciário - Medicina/ Psiquiatria,2014,TRT 19ª,FCC,Superior,https://www.pciconcursos.com.br/provas/download/analista-judiciario-medicina-psiquiatria-trt-19-fcc-2014
Analista Judiciário - Medicina/ Psiquiatria,2014,TRF 3ª,FCC,Superior,https://www.pciconcursos.com.br/provas/download/analista-judiciario-medicina-psiquiatria-trf-3-fcc-2014
Analista Judiciário - Medicina/Psiquiatria,2012,TRE/SP,FCC,Superior,https://www.pciconcursos.com.br/provas/download/analista-judiciario-medicina-psiquiatria-tre-sp-fcc-2012
Analista Judiciário - Médico,2012,TJ/RJ,FCC,Superior,https://www.pciconcursos.com.br/provas/download/analista-judiciario-medico-tj-rj-fcc-2012
Analista Judiciário - Médico,2010,TRE/RS,FCC,Superior,https://www.pciconcursos.com.br/provas/download/analista-judiciario-medico-tre-rs-fcc-2010
Analista Judiciário - Médico,2010,TRT 9ª,FCC,Superior,https://www.pciconcursos.com.br/provas/download/analista-judiciario-medico-trt-9-fcc-2010
Analista Judiciário - Médico,2009,TRT 3ª,FCC,Superior,https://www.pciconcursos.com.br/provas/download/analista-judiciario-medico-trt-3-fcc-2009
Analista Judiciário - Médico,2005,TRE/RN,FCC,Superior,https://www.pciconcursos.com.br/provas/download/analista-judiciario-medico-tre-rn-fcc-2005
Analista Judiciário - Médico,2003,TRT 24ª,FCC,Superior,https://www.pciconcursos.com.br/provas/download/analista-judiciario-medico-trt-24-fcc-2003
Analista Judiciário - Médico Cardiologiasta,2012,TJ/PE,FCC,Superior,https://www.pciconcursos.com.br/provas/download/analista-judiciario-medico-cardiologiasta-tj-pe-fcc-2012
Analista Judiciário - Médico Cardiologista,2009,TRT 3ª,FCC,Superior,https://www.pciconcursos.com.br/provas/download/analista-judiciario-medico-cardiologista-trt-3-fcc-2009
Analista Judiciário - Médico Cardiologista,2007,TJ/PE,FCC,Superior,https://www.pciconcursos.com.br/provas/download/analista-judiciario-medico-cardiologista-tj-pe-fcc-2007
Analista Judiciário - Médico Cardiologista,2004,TRT 9ª,FCC,Superior,https://www.pciconcursos.com.br/provas/download/analista-judiciario-medico-cardiologista-trt-9-fcc-2004
Analista Judiciário - Médico Clínico Geral,2013,TRT 18º,FCC,Superior,https://www.pciconcursos.com.br/provas/download/analista-judiciario-medico-clinico-geral-trt-18-fcc-2013
Analista Judiciário - Médico Clínico Geral,2012,TJ/PE,FCC,Superior,https://www.pciconcursos.com.br/provas/download/analista-judiciario-medico-clinico-geral-tj-pe-fcc-2012
Analista Judiciário - Médico Clínico Geral,2007,TJ/PE,FCC,Superior,https://www.pciconcursos.com.br/provas/download/analista-judiciario-medico-clinico-geral-tj-pe-fcc-2007
Analista Judiciário - Médico do Trabalho,2010,TRT 9ª,FCC,Superior,https://www.pciconcursos.com.br/provas/download/analista-judiciario-medico-do-trabalho-trt-9-fcc-2010
Analista Judiciário - Médico do Trabalho,2007,TRE/PB,FCC,Superior,https://www.pciconcursos.com.br/provas/download/analista-judiciario-medico-do-trabalho-tre-pb-fcc-2007
Analista Judiciário - Médico do Trabalho,2006,TRE/SP,FCC,Superior,https://www.pciconcursos.com.br/provas/download/analista-judiciario-medico-do-trabalho-tre-sp-fcc-2006
Analista Judiciário - Médico do Trabalho,2005,TRT 3ª,FCC,Superior,https://www.pciconcursos.com.br/provas/download/prova-analista-judiciario-medico-do-trabalho-trt-3-fcc-2005-25
Analista Judiciário - Médico do Trabalho,2005,TRT 3ª,FCC,Superior,https://www.pciconcursos.com.br/provas/download/analista-judiciario-medico-do-trabalho-trt-3-fcc-2005
Analista Judiciário - Médico do Trabalho,2001,TRF 4ª,FCC,Superior,https://www.pciconcursos.com.br/provas/download/analista-judiciario-medico-do-trabalho-trf-4-fcc-2001
Analista Judiciário - Médico Ginecologista,2012,TJ/PE,FCC,Superior,https://www.pciconcursos.com.br/provas/download/analista-judiciario-medico-ginecologista-tj-pe-fcc-2012
Analista Judiciário - Médico Ginecologista,2007,TJ/PE,FCC,Superior,https://www.pciconcursos.com.br/provas/download/analista-judiciario-medico-ginecologista-tj-pe-fcc-2007
Analista Judiciário - Médico Neurologista,2012,TJ/PE,FCC,Superior,https://www.pciconcursos.com.br/provas/download/analista-judiciario-medico-neurologista-tj-pe-fcc-2012
Analista Judiciário - Médico Oftalmologista,2012,TJ/PE,FCC,Superior,https://www.pciconcursos.com.br/provas/download/analista-judiciario-medico-oftalmologista-tj-pe-fcc-2012
Analista Judiciário - Médico Oftalmologista,2007,TJ/PE,FCC,Superior,https://www.pciconcursos.com.br/provas/download/analista-judiciario-medico-oftalmologista-tj-pe-fcc-2007
Analista Judiciário - Médico Pediatra,2007,TJ/PE,FCC,Superior,https://www.pciconcursos.com.br/provas/download/analista-judiciario-medico-pediatra-tj-pe-fcc-2007
Analista Judiciário - Médico Psiquiatra,2012,TJ/PE,FCC,Superior,https://www.pciconcursos.com.br/provas/download/analista-judiciario-medico-psiquiatra-tj-pe-fcc-2012
Analista Judiciário - Médico Psiquiatra,2009,TRT 3ª,FCC,Superior,https://www.pciconcursos.com.br/provas/download/analista-judiciario-medico-psiquiatra-trt-3-fcc-2009
Analista Judiciário - Médico Psiquiatra,2007,TJ/PE,FCC,Superior,https://www.pciconcursos.com.br/provas/download/analista-judiciario-medico-psiquiatra-tj-pe-fcc-2007
Analista Judiciário - Médico Psiquiatra,2004,TRT 9ª,FCC,Superior,https://www.pciconcursos.com.br/provas/download/analista-judiciario-medico-psiquiatra-trt-9-fcc-2004
Analista Judiciário - Médico Reumatologista,2012,TJ/PE,FCC,Superior,https://www.pciconcursos.com.br/provas/download/analista-judiciario-medico-reumatologista-tj-pe-fcc-2012
Analista Judiciário - Médico Traumatologista,2012,TJ/PE,FCC,Superior,https://www.pciconcursos.com.br/provas/download/analista-judiciario-medico-traumatologista-tj-pe-fcc-2012
Analista Judiciário - Museologia,2014,TJ/AP,FCC,Superior,https://www.pciconcursos.com.br/provas/download/analista-judiciario-museologia-tj-ap-fcc-2014
Analista Judiciário - Nutrição,2011,TRT 23ª,FCC,Superior,https://www.pciconcursos.com.br/provas/download/analista-judiciario-nutricao-trt-23-fcc-2011
Analista Judiciário - Nutricionista,2012,TJ/PE,FCC,Superior,https://www.pciconcursos.com.br/provas/download/analista-judiciario-nutricionista-tj-pe-fcc-2012
Analista Judiciário - Odontologia,2015,TRT 3ª,FCC,Superior,https://www.pciconcursos.com.br/provas/download/analista-judiciario-odontologia-trt-3-fcc-2015
Analista Judiciário - Odontologia,2015,TRE/RR,FCC,Superior,https://www.pciconcursos.com.br/provas/download/analista-judiciario-odontologia-tre-rr-fcc-2015
Analista Judiciário - Odontologia,2014,TRT 13ª,FCC,Superior,https://www.pciconcursos.com.br/provas/download/analista-judiciario-odontologia-trt-13-fcc-2014
Analista Judiciário - Odontologia,2014,TRT 16ª,FCC,Superior,https://www.pciconcursos.com.br/provas/download/analista-judiciario-odontologia-trt-16-fcc-2014
Analista Judiciário - Odontologia,2014,TRF 1ª,FCC,Superior,https://www.pciconcursos.com.br/provas/download/analista-judiciario-odontologia-trf-1-fcc-2014
Analista Judiciário - Odontologia,2013,TRT 5ª,FCC,Superior,https://www.pciconcursos.com.br/provas/download/analista-judiciario-odontologia-trt-5-fcc-2013
Analista Judiciário - Odontologia,2012,TRF 2ª,FCC,Superior,https://www.pciconcursos.com.br/provas/download/analista-judiciario-odontologia-trf-2-fcc-2012
Analista Judiciário - Odontologia,2012,TRF 2ª,FCC,Superior,https://www.pciconcursos.com.br/provas/download/prova-analista-judiciario-odontologia-trf-2-fcc-2012-67
Analista Judiciário - Odontologia,2011,TRT 23ª,FCC,Superior,https://www.pciconcursos.com.br/provas/download/analista-judiciario-odontologia-trt-23-fcc-2011
Analista Judiciário - Odontologia,2011,TRT 20ª,FCC,Superior,https://www.pciconcursos.com.br/provas/download/analista-judiciario-odontologia-trt-20-fcc-2011
Analista Judiciário - Odontologia,2011,TRT 24ª,FCC,Superior,https://www.pciconcursos.com.br/provas/download/analista-judiciario-odontologia-trt-24-fcc-2011
Analista Judiciário - Odontologia,2011,TRE/RN,FCC,Superior,https://www.pciconcursos.com.br/provas/download/analista-judiciario-odontologia-tre-rn-fcc-2011
Analista Judiciário - Odontologia,2010,TRF 4ª,FCC,Superior,https://www.pciconcursos.com.br/provas/download/analista-judiciario-odontologia-trf-4-fcc-2010
Analista Judiciário - Odontologia,2009,TRE/AM,FCC,Superior,https://www.pciconcursos.com.br/provas/download/analista-judiciario-odontologia-tre-am-fcc-2009
Analista Judiciário - Odontologia,2009,TRE/PI,FCC,Superior,https://www.pciconcursos.com.br/provas/download/analista-judiciario-odontologia-tre-pi-fcc-2009
Analista Judiciário - Odontologia,2009,TRT 16ª,FCC,Superior,https://www.pciconcursos.com.br/provas/download/analista-judiciario-odontologia-trt-16-fcc-2009
Analista Judiciário - Odontologia,2008,TRT 18ª,FCC,Superior,https://www.pciconcursos.com.br/provas/download/analista-judiciario-odontologia-trt-18-fcc-2008
Analista Judiciário - Odontologia,2008,TRF 5ª,FCC,Superior,https://www.pciconcursos.com.br/provas/download/analista-judiciario-odontologia-trf-5-fcc-2008
Analista Judiciário - Odontologia,2007,TRE/PB,FCC,Superior,https://www.pciconcursos.com.br/provas/download/analista-judiciario-odontologia-tre-pb-fcc-2007
Analista Judiciário - Odontologia,2007,TRF 3ª,FCC,Superior,https://www.pciconcursos.com.br/provas/download/analista-judiciario-odontologia-trf-3-fcc-2007
Analista Judiciário - Odontologia,2006,TRT 24ª,FCC,Superior,https://www.pciconcursos.com.br/provas/download/analista-judiciario-odontologia-trt-24-fcc-2006
Analista Judiciário - Odontologia,2006,TRF 1ª,FCC,Superior,https://www.pciconcursos.com.br/provas/download/analista-judiciario-odontologia-trf-1-fcc-2006
Analista Judiciário - Odontologia,2005,TRE/RN,FCC,Superior,https://www.pciconcursos.com.br/provas/download/analista-judiciario-odontologia-tre-rn-fcc-2005
Analista Judiciário - Odontologia,2004,TRT 22ª,FCC,Superior,https://www.pciconcursos.com.br/provas/download/analista-judiciario-odontologia-trt-22-fcc-2004
Analista Judiciário - Odontologia,2003,TRE/AM,FCC,Superior,https://www.pciconcursos.com.br/provas/download/analista-judiciario-odontologia-tre-am-fcc-2003
Analista Judiciário - Odontologia,2003,TRT 24ª,FCC,Superior,https://www.pciconcursos.com.br/provas/download/analista-judiciario-odontologia-trt-24-fcc-2003
Analista Judiciário - Odontologia,2003,TRT 5ª,FCC,Superior,https://www.pciconcursos.com.br/provas/download/analista-judiciario-odontologia-trt-5-fcc-2003
Analista Judiciário - Odontologia - Endodontia,2015,TRT 3ª,FCC,Superior,https://www.pciconcursos.com.br/provas/download/analista-judiciario-odontologia-endodontia-trt-3-fcc-2015
Analista Judiciário - Odontologia - Endodontia,2005,TRT 3ª,FCC,Superior,https://www.pciconcursos.com.br/provas/download/analista-judiciario-odontologia-endodontia-trt-3-fcc-2005
Analista Judiciário - Odontologia - Endodontia,2005,TRT 3ª,FCC,Superior,https://www.pciconcursos.com.br/provas/download/prova-analista-judiciario-odontologia-endodontia-trt-3-fcc-2005-31
Analista Judiciário - Odontologia - Pediatria,2015,TRT 3ª,FCC,Superior,https://www.pciconcursos.com.br/provas/download/analista-judiciario-odontologia-pediatria-trt-3-fcc-2015
Analista Judiciário - Odontologia - Prótese,2015,TRT 3ª,FCC,Superior,https://www.pciconcursos.com.br/provas/download/analista-judiciario-odontologia-protese-trt-3-fcc-2015
Analista Judiciário - Odontologia - Prótese,2005,TRT 3ª,FCC,Superior,https://www.pciconcursos.com.br/provas/download/analista-judiciario-odontologia-protese-trt-3-fcc-2005
Analista Judiciário - Odontologia - Prótese,2005,TRT 3ª,FCC,Superior,https://www.pciconcursos.com.br/provas/download/prova-analista-judiciario-odontologia-protese-trt-3-fcc-2005-90
Analista Judiciário - Odontologia /Endodontia,2015,TRT 15ª,FCC,Superior,https://www.pciconcursos.com.br/provas/download/analista-judiciario-odontologia-endodontia-trt-15-fcc-2015
Analista Judiciário - Odontologia/Periodontologia,2004,TRT 9ª,FCC,Superior,https://www.pciconcursos.com.br/provas/download/analista-judiciario-odontologia-periodontologia-trt-9-fcc-2004
Analista Judiciário - Odontólogo,2012,TJ/PE,FCC,Superior,https://www.pciconcursos.com.br/provas/download/analista-judiciario-odontologo-tj-pe-fcc-2012
Analista Judiciário - Odontólogo/ Pediatra,2009,TRT 3ª,FCC,Superior,https://www.pciconcursos.com.br/provas/download/analista-judiciario-odontologo-pediatra-trt-3-fcc-2009
Analista Judiciário - Odontólogo/ Prótese,2009,TRT 3ª,FCC,Superior,https://www.pciconcursos.com.br/provas/download/analista-judiciario-odontologo-protese-trt-3-fcc-2009
Analista Judiciário - Oficial Avaliador,2004,TRT 17ª,FCC,Superior,https://www.pciconcursos.com.br/provas/download/analista-judiciario-oficial-avaliador-trt-17-fcc-2004
Analista Judiciário - Oficial de Justiça Avaliador Federal,2015,TRT 4ª,FCC,Superior,https://www.pciconcursos.com.br/provas/download/analista-judiciario-oficial-de-justica-avaliador-federal-trt-4-fcc-2015
Analista Judiciário - Oficial de Justiça Avaliador Federal,2014,TRT 19ª,FCC,Superior,https://www.pciconcursos.com.br/provas/download/analista-judiciario-oficial-de-justica-avaliador-federal-trt-19-fcc-2014
Analista Judiciário - Oficial de Justiça Avaliador Federal,2014,TRT 2ª,FCC,Superior,https://www.pciconcursos.com.br/provas/download/analista-judiciario-oficial-de-justica-avaliador-federal-trt-2-fcc-2014
Analista Judiciário - Oficial de Justiça Avaliador Federal,2014,TRF 3ª,FCC,Superior,https://www.pciconcursos.com.br/provas/download/analista-judiciario-oficial-de-justica-avaliador-federal-trf-3-fcc-2014
Analista Judiciário - Oficial de Justiça Avaliador Federal,2014,TRT 16ª,FCC,Superior,https://www.pciconcursos.com.br/provas/download/analista-judiciario-oficial-de-justica-avaliador-federal-trt-16-fcc-2014
Analista Judiciário - Oficial de Justiça Avaliador Federal,2013,TRT 15ª,FCC,Superior,https://www.pciconcursos.com.br/provas/download/analista-judiciario-oficial-de-justica-avaliador-federal-trt-15-fcc-2013
Analista Judiciário - Oficial de Justiça Avaliador Federal,2013,TRT 5ª,FCC,Superior,https://www.pciconcursos.com.br/provas/download/analista-judiciario-oficial-de-justica-avaliador-federal-trt-5-fcc-2013
Analista Judiciário - Oficial de Justiça e Avaliador,2009,TJ/PI,FCC,Superior,https://www.pciconcursos.com.br/provas/download/analista-judiciario-oficial-de-justica-e-avaliador-tj-pi-fcc-2009
Analista Judiciário - Ortopedia,2008,TRT 18ª,FCC,Superior,https://www.pciconcursos.com.br/provas/download/analista-judiciario-ortopedia-trt-18-fcc-2008
Analista Judiciário - Pedagogia,2011,TRT 23ª,FCC,Superior,https://www.pciconcursos.com.br/provas/download/analista-judiciario-pedagogia-trt-23-fcc-2011
Analista Judiciário - Pedagogia,2009,TJ/PA,FCC,Superior,https://www.pciconcursos.com.br/provas/download/analista-judiciario-pedagogia-tj-pa-fcc-2009
Analista Judiciário - Pedagogo,2012,TJ/PE,FCC,Superior,https://www.pciconcursos.com.br/provas/download/analista-judiciario-pedagogo-tj-pe-fcc-2012
Analista Judiciário - Pedagogo,2009,TJ/AP,FCC,Superior,https://www.pciconcursos.com.br/provas/download/analista-judiciario-pedagogo-tj-ap-fcc-2009
Analista Judiciário - Pedagogo,2007,TJ/PE,FCC,Superior,https://www.pciconcursos.com.br/provas/download/analista-judiciario-pedagogo-tj-pe-fcc-2007
Analista Judiciário - Psciologia,2012,TRF 2ª,FCC,Superior,https://www.pciconcursos.com.br/provas/download/analista-judiciario-psciologia-trf-2-fcc-2012
Analista Judiciário - Psicologia,2015,TRE/RR,FCC,Superior,https://www.pciconcursos.com.br/provas/download/analista-judiciario-psicologia-tre-rr-fcc-2015
Analista Judiciário - Psicologia,2015,TRT 3ª,FCC,Superior,https://www.pciconcursos.com.br/provas/download/analista-judiciario-psicologia-trt-3-fcc-2015
Analista Judiciário - Psicologia,2014,TRT 19ª,FCC,Superior,https://www.pciconcursos.com.br/provas/download/analista-judiciario-psicologia-trt-19-fcc-2014
Analista Judiciário - Psicologia,2014,TRT 13ª,FCC,Superior,https://www.pciconcursos.com.br/provas/download/analista-judiciario-psicologia-trt-13-fcc-2014
Analista Judiciário - Psicologia,2014,TRT 2ª,FCC,Superior,https://www.pciconcursos.com.br/provas/download/analista-judiciario-psicologia-trt-2-fcc-2014
Analista Judiciário - Psicologia,2014,TJ/AP,FCC,Superior,https://www.pciconcursos.com.br/provas/download/analista-judiciario-psicologia-tj-ap-fcc-2014
Analista Judiciário - Psicologia,2013,TRT 15ª,FCC,Superior,https://www.pciconcursos.com.br/provas/download/analista-judiciario-psicologia-trt-15-fcc-2013
Analista Judiciário - Psicologia,2013,TRT 18º,FCC,Superior,https://www.pciconcursos.com.br/provas/download/analista-judiciario-psicologia-trt-18-fcc-2013
Analista Judiciário - Psicologia,2013,TRT 5ª,FCC,Superior,https://www.pciconcursos.com.br/provas/download/analista-judiciario-psicologia-trt-5-fcc-2013
Analista Judiciário - Psicologia,2013,TRT 12ª,FCC,Superior,https://www.pciconcursos.com.br/provas/download/analista-judiciario-psicologia-trt-12-fcc-2013
Analista Judiciário - Psicologia,2012,TRE/CE,FCC,Superior,https://www.pciconcursos.com.br/provas/download/analista-judiciario-psicologia-tre-ce-fcc-2012
Analista Judiciário - Psicologia,2012,TRF 2ª,FCC,Superior,https://www.pciconcursos.com.br/provas/download/analista-judiciario-psicologia-trf-2-fcc-2012
Analista Judiciário - Psicologia,2011,TRE/AP,FCC,Superior,https://www.pciconcursos.com.br/provas/download/analista-judiciario-psicologia-tre-ap-fcc-2011
Analista Judiciário - Psicologia,2011,TRT 1ª,FCC,Superior,https://www.pciconcursos.com.br/provas/download/analista-judiciario-psicologia-trt-1-fcc-2011
Analista Judiciário - Psicologia,2011,TRT 23ª,FCC,Superior,https://www.pciconcursos.com.br/provas/download/analista-judiciario-psicologia-trt-23-fcc-2011
Analista Judiciário - Psicologia,2009,TRT 4ª,FCC,Superior,https://www.pciconcursos.com.br/provas/download/analista-judiciario-psicologia-trt-4-fcc-2009
Analista Judiciário - Psicologia,2009,TJ/SE,FCC,Superior,https://www.pciconcursos.com.br/provas/download/analista-judiciario-psicologia-tj-se-fcc-2009
Analista Judiciário - Psicologia,2009,TJ/PA,FCC,Superior,https://www.pciconcursos.com.br/provas/download/analista-judiciario-psicologia-tj-pa-fcc-2009
Analista Judiciário - Psicologia,2008,TRT 2ª,FCC,Superior,https://www.pciconcursos.com.br/provas/download/analista-judiciario-psicologia-trt-2-fcc-2008
Analista Judiciário - Psicologia,2008,TRT 18ª,FCC,Superior,https://www.pciconcursos.com.br/provas/download/analista-judiciario-psicologia-trt-18-fcc-2008
Analista Judiciário - Psicologia,2007,TRE/PB,FCC,Superior,https://www.pciconcursos.com.br/provas/download/analista-judiciario-psicologia-tre-pb-fcc-2007
Analista Judiciário - Psicologia,2007,TRE/SE,FCC,Superior,https://www.pciconcursos.com.br/provas/download/analista-judiciario-psicologia-tre-se-fcc-2007
Analista Judiciário - Psicologia,2004,TRT 9ª,FCC,Superior,https://www.pciconcursos.com.br/provas/download/analista-judiciario-psicologia-trt-9-fcc-2004
Analista Judiciário - Psicologia Clínica,2007,TRF 3ª,FCC,Superior,https://www.pciconcursos.com.br/provas/download/analista-judiciario-psicologia-clinica-trf-3-fcc-2007
Analista Judiciário - Psicologia do Trabalho,2014,TRF 3ª,FCC,Superior,https://www.pciconcursos.com.br/provas/download/analista-judiciario-psicologia-do-trabalho-trf-3-fcc-2014
Analista Judiciário - Psicologia do Trabalho,2010,TRF 4ª,FCC,Superior,https://www.pciconcursos.com.br/provas/download/analista-judiciario-psicologia-do-trabalho-trf-4-fcc-2010
Analista Judiciário - Psicologia do Trabalho,2007,TRF 3ª,FCC,Superior,https://www.pciconcursos.com.br/provas/download/analista-judiciario-psicologia-do-trabalho-trf-3-fcc-2007
Analista Judiciário - Psicologia/Organizacional,2012,TRE/SP,FCC,Superior,https://www.pciconcursos.com.br/provas/download/analista-judiciario-psicologia-organizacional-tre-sp-fcc-2012
Analista Judiciário - Psicólogo,2012,TJ/RJ,FCC,Superior,https://www.pciconcursos.com.br/provas/download/analista-judiciario-psicologo-tj-rj-fcc-2012
Analista Judiciário - Psicólogo,2012,TJ/PE,FCC,Superior,https://www.pciconcursos.com.br/provas/download/analista-judiciario-psicologo-tj-pe-fcc-2012
Analista Judiciário - Psicólogo,2010,TRT 9ª,FCC,Superior,https://www.pciconcursos.com.br/provas/download/analista-judiciario-psicologo-trt-9-fcc-2010
Analista Judiciário - Psicólogo,2010,TRE/RS,FCC,Superior,https://www.pciconcursos.com.br/provas/download/analista-judiciario-psicologo-tre-rs-fcc-2010
Analista Judiciário - Psicólogo,2009,TJ/PI,FCC,Superior,https://www.pciconcursos.com.br/provas/download/analista-judiciario-psicologo-tj-pi-fcc-2009
Analista Judiciário - Psicólogo,2009,TJ/AP,FCC,Superior,https://www.pciconcursos.com.br/provas/download/analista-judiciario-psicologo-tj-ap-fcc-2009
Analista Judiciário - Psicólogo,2009,TRT 3ª,FCC,Superior,https://www.pciconcursos.com.br/provas/download/analista-judiciario-psicologo-trt-3-fcc-2009
Analista Judiciário - Psicólogo,2007,TJ/PE,FCC,Superior,https://www.pciconcursos.com.br/provas/download/analista-judiciario-psicologo-tj-pe-fcc-2007
Analista Judiciário - Psicólogo,2004,TRE/SP,FCC,Superior,https://www.pciconcursos.com.br/provas/download/analista-judiciario-psicologo-tre-sp-fcc-2004
Analista Judiciário - Psicólogo,2003,TRE/BA,FCC,Superior,https://www.pciconcursos.com.br/provas/download/analista-judiciario-psicologo-tre-ba-fcc-2003
Analista Judiciário - Psiquiatria,2012,TRT 4ª,FCC,Superior,https://www.pciconcursos.com.br/provas/download/analista-judiciario-psiquiatria-trt-4-fcc-2012
Analista Judiciário - Psiquiatria,2009,TRT 4ª,FCC,Superior,https://www.pciconcursos.com.br/provas/download/analista-judiciario-psiquiatria-trt-4-fcc-2009
Analista Judiciário - Psiquiatria,2008,TRT 2ª,FCC,Superior,https://www.pciconcursos.com.br/provas/download/analista-judiciario-psiquiatria-trt-2-fcc-2008
Analista Judiciário - Psiquiatria,2008,TRT 18ª,FCC,Superior,https://www.pciconcursos.com.br/provas/download/analista-judiciario-psiquiatria-trt-18-fcc-2008
Analista Judiciário - Psiquiatria,2004,TRE/SP,FCC,Superior,https://www.pciconcursos.com.br/provas/download/analista-judiciario-psiquiatria-tre-sp-fcc-2004
Analista Judiciário - Psiquiatria,2004,TRF 4ª,FCC,Superior,https://www.pciconcursos.com.br/provas/download/analista-judiciario-psiquiatria-trf-4-fcc-2004
Analista Judiciário - Psiquiatria,2001,TRE/RJ,FCC,Superior,https://www.pciconcursos.com.br/provas/download/analista-judiciario-psiquiatria-tre-rj-fcc-2001
Analista Judiciário - Redes,2005,TRT 13ª,FCC,Superior,https://www.pciconcursos.com.br/provas/download/analista-judiciario-redes-trt-13-fcc-2005
Analista Judiciário - Relações Públicas,2011,TRE/PE,FCC,Superior,https://www.pciconcursos.com.br/provas/download/analista-judiciario-relacoes-publicas-tre-pe-fcc-2011
Analista Judiciário - Relações Públicas,2007,TJ/PE,FCC,Superior,https://www.pciconcursos.com.br/provas/download/analista-judiciario-relacoes-publicas-tj-pe-fcc-2007
Analista Judiciário - Revisão de Texto,2014,TJ/AP,FCC,Superior,https://www.pciconcursos.com.br/provas/download/analista-judiciario-revisao-de-texto-tj-ap-fcc-2014
Analista Judiciário - Serviço Social,2015,TRT 3ª,FCC,Superior,https://www.pciconcursos.com.br/provas/download/analista-judiciario-servico-social-trt-3-fcc-2015
Analista Judiciário - Serviço Social,2014,TRF 3ª,FCC,Superior,https://www.pciconcursos.com.br/provas/download/analista-judiciario-servico-social-trf-3-fcc-2014
Analista Judiciário - Serviço Social,2014,TJ/AP,FCC,Superior,https://www.pciconcursos.com.br/provas/download/analista-judiciario-servico-social-tj-ap-fcc-2014
Analista Judiciário - Serviço Social,2013,TRT 5ª,FCC,Superior,https://www.pciconcursos.com.br/provas/download/analista-judiciario-servico-social-trt-5-fcc-2013
Analista Judiciário - Serviço Social,2013,TRT 15ª,FCC,Superior,https://www.pciconcursos.com.br/provas/download/analista-judiciario-servico-social-trt-15-fcc-2013
Analista Judiciário - Serviço Social,2012,TRF 2ª,FCC,Superior,https://www.pciconcursos.com.br/provas/download/prova-analista-judiciario-servico-social-trf-2-fcc-2012-84
Analista Judiciário - Serviço Social,2012,TRF 2ª,FCC,Superior,https://www.pciconcursos.com.br/provas/download/analista-judiciario-servico-social-trf-2-fcc-2012
Analista Judiciário - Serviço Social,2011,TRT 23ª,FCC,Superior,https://www.pciconcursos.com.br/provas/download/analista-judiciario-servico-social-trt-23-fcc-2011
Analista Judiciário - Serviço Social,2011,TRT 1ª,FCC,Superior,https://www.pciconcursos.com.br/provas/download/analista-judiciario-servico-social-trt-1-fcc-2011
Analista Judiciário - Serviço Social,2009,TJ/SE,FCC,Superior,https://www.pciconcursos.com.br/provas/download/analista-judiciario-servico-social-tj-se-fcc-2009
Analista Judiciário - Serviço Social,2008,TRT 18ª,FCC,Superior,https://www.pciconcursos.com.br/provas/download/analista-judiciario-servico-social-trt-18-fcc-2008
Analista Judiciário - Serviço Social,2007,TRF 3ª,FCC,Superior,https://www.pciconcursos.com.br/provas/download/analista-judiciario-servico-social-trf-3-fcc-2007
Analista Judiciário - Serviços Social,2009,TRT 3ª,FCC,Superior,https://www.pciconcursos.com.br/provas/download/analista-judiciario-servicos-social-trt-3-fcc-2009
Analista Judiciário - Taquigrafia,2014,TJ/AP,FCC,Superior,https://www.pciconcursos.com.br/provas/download/analista-judiciario-taquigrafia-tj-ap-fcc-2014
Analista Judiciário - Taquigrafia,2012,TRF 2ª,FCC,Superior,https://www.pciconcursos.com.br/provas/download/analista-judiciario-taquigrafia-trf-2-fcc-2012
Analista Judiciário - Taquigrafia,2010,TRF 4ª,FCC,Superior,https://www.pciconcursos.com.br/provas/download/analista-judiciario-taquigrafia-trf-4-fcc-2010
Analista Judiciário - Taquigrafia,2009,TJ/PA,FCC,Superior,https://www.pciconcursos.com.br/provas/download/analista-judiciario-taquigrafia-tj-pa-fcc-2009
Analista Judiciário - Taquigrafia,2009,TRE/PI,FCC,Superior,https://www.pciconcursos.com.br/provas/download/analista-judiciario-taquigrafia-tre-pi-fcc-2009
Analista Judiciário - Taquigrafia,2008,TRF 5ª,FCC,Superior,https://www.pciconcursos.com.br/provas/download/analista-judiciario-taquigrafia-trf-5-fcc-2008
Analista Judiciário - Taquigrafia,2005,TRE/RN,FCC,Superior,https://www.pciconcursos.com.br/provas/download/analista-judiciario-taquigrafia-tre-rn-fcc-2005
Analista Judiciário - Taquigrafia,2003,TRE/AC,FCC,Superior,https://www.pciconcursos.com.br/provas/download/analista-judiciario-taquigrafia-tre-ac-fcc-2003
Analista Judiciário - Tecnologia da Informação,2017,TRT 11ª,FCC,Superior,https://www.pciconcursos.com.br/provas/download/analista-judiciario-tecnologia-da-informacao-trt-11-fcc-2017
Analista Judiciário - Tecnologia da Informação,2017,TRT 24ª,FCC,Superior,https://www.pciconcursos.com.br/provas/download/analista-judiciario-tecnologia-da-informacao-trt-24-fcc-2017
Analista Judiciário - Tecnologia da Informação,2015,TRT 15ª,FCC,Superior,https://www.pciconcursos.com.br/provas/download/analista-judiciario-tecnologia-da-informacao-trt-15-fcc-2015
Analista Judiciário - Tecnologia da Informação,2015,TRT 3ª,FCC,Superior,https://www.pciconcursos.com.br/provas/download/analista-judiciario-tecnologia-da-informacao-trt-3-fcc-2015
Analista Judiciário - Tecnologia Da Informação,2015,TRT 4ª,FCC,Superior,https://www.pciconcursos.com.br/provas/download/analista-judiciario-tecnologia-da-informacao-trt-4-fcc-2015
Analista Judiciário - Tecnologia da Informação,2014,TRT 2ª,FCC,Superior,https://www.pciconcursos.com.br/provas/download/analista-judiciario-tecnologia-da-informacao-trt-2-fcc-2014
Analista Judiciário - Tecnologia da Informação,2014,TRT 1ª,FCC,Superior,https://www.pciconcursos.com.br/provas/download/analista-judiciario-tecnologia-da-informacao-trt-1-fcc-2014
Analista Judiciário - Tecnologia da Informação,2014,TRT 13ª,FCC,Superior,https://www.pciconcursos.com.br/provas/download/analista-judiciario-tecnologia-da-informacao-trt-13-fcc-2014
Analista Judiciário - Tecnologia da Informação,2014,TRT 16ª,FCC,Superior,https://www.pciconcursos.com.br/provas/download/analista-judiciario-tecnologia-da-informacao-trt-16-fcc-2014
Analista Judiciário - Tecnologia da Informação,2013,TRT 18º,FCC,Superior,https://www.pciconcursos.com.br/provas/download/analista-judiciario-tecnologia-da-informacao-trt-18-fcc-2013
Analista Judiciário - Tecnologia da Informação,2013,TRT 9ª,FCC,Superior,https://www.pciconcursos.com.br/provas/download/analista-judiciario-tecnologia-da-informacao-trt-9-fcc-2013
Analista Judiciário - Tecnologia da Informação,2013,TRT 12ª,FCC,Superior,https://www.pciconcursos.com.br/provas/download/analista-judiciario-tecnologia-da-informacao-trt-12-fcc-2013
Analista Judiciário - Tecnologia da Informação,2013,TRT 5ª,FCC,Superior,https://www.pciconcursos.com.br/provas/download/analista-judiciario-tecnologia-da-informacao-trt-5-fcc-2013
Analista Judiciário - Tecnologia da Informação,2013,TRT 15ª,FCC,Superior,https://www.pciconcursos.com.br/provas/download/analista-judiciario-tecnologia-da-informacao-trt-15-fcc-2013
Analista Judiciário - Tecnologia da Informação,2012,TRT 11ª,FCC,Superior,https://www.pciconcursos.com.br/provas/download/analista-judiciario-tecnologia-da-informacao-trt-11-fcc-2012
Analista Judiciário - Tecnologia da Informação,2011,TRT 14ª,FCC,Superior,https://www.pciconcursos.com.br/provas/download/analista-judiciario-tecnologia-da-informacao-trt-14-fcc-2011
Analista Judiciário - Tecnologia da Informação,2011,TRT 19ª,FCC,Superior,https://www.pciconcursos.com.br/provas/download/analista-judiciario-tecnologia-da-informacao-trt-19-fcc-2011
Analista Judiciário - Tecnologia da Informação,2011,TRT 1ª,FCC,Superior,https://www.pciconcursos.com.br/provas/download/analista-judiciario-tecnologia-da-informacao-trt-1-fcc-2011
Analista Judiciário - Tecnologia da Informação,2011,TRT 4ª,FCC,Superior,https://www.pciconcursos.com.br/provas/download/analista-judiciario-tecnologia-da-informacao-trt-4-fcc-2011
Analista Judiciário - Tecnologia da Informação,2011,TRT 24ª,FCC,Superior,https://www.pciconcursos.com.br/provas/download/analista-judiciario-tecnologia-da-informacao-trt-24-fcc-2011
Analista Judiciário - Tecnologia da Informação,2011,TRT 23ª,FCC,Superior,https://www.pciconcursos.com.br/provas/download/analista-judiciario-tecnologia-da-informacao-trt-23-fcc-2011
Analista Judiciário - Tecnologia da Informação,2010,TRT 22ª,FCC,Superior,https://www.pciconcursos.com.br/provas/download/analista-judiciario-tecnologia-da-informacao-trt-22-fcc-2010
Analista Judiciário - Tecnologia da Informação,2010,TRT 8ª,FCC,Superior,https://www.pciconcursos.com.br/provas/download/analista-judiciario-tecnologia-da-informacao-trt-8-fcc-2010
Analista Judiciário - Tecnologia da Informação,2010,TRT 20ª,FCC,Superior,https://www.pciconcursos.com.br/provas/download/analista-judiciario-tecnologia-da-informacao-trt-20-fcc-2010
Analista Judiciário - Tecnologia da Informação,2010,TRT 9ª,FCC,Superior,https://www.pciconcursos.com.br/provas/download/analista-judiciario-tecnologia-da-informacao-trt-9-fcc-2010
Analista Judiciário - Tecnologia da Informação,2009,TRT 15ª,FCC,Superior,https://www.pciconcursos.com.br/provas/download/analista-judiciario-tecnologia-da-informacao-trt-15-fcc-2009
Analista Judiciário - Tecnologia da Informação,2009,TRT 16ª,FCC,Superior,https://www.pciconcursos.com.br/provas/download/analista-judiciario-tecnologia-da-informacao-trt-16-fcc-2009
Analista Judiciário - Tecnologia da Informação,2009,TRT 7ª,FCC,Superior,https://www.pciconcursos.com.br/provas/download/analista-judiciario-tecnologia-da-informacao-trt-7-fcc-2009
Analista Judiciário - Tecnologia da Informação,2009,TRT 3ª,FCC,Superior,https://www.pciconcursos.com.br/provas/download/analista-judiciario-tecnologia-da-informacao-trt-3-fcc-2009
Analista Judiciário - Tecnologia da Informação,2008,TRT 2ª,FCC,Superior,https://www.pciconcursos.com.br/provas/download/analista-judiciario-tecnologia-da-informacao-trt-2-fcc-2008
Analista Judiciário - Tecnologia da Informação,2008,TRT 18ª,FCC,Superior,https://www.pciconcursos.com.br/provas/download/analista-judiciario-tecnologia-da-informacao-trt-18-fcc-2008
Analista Judiciário - Tecnologia da Informação - Administração em Redes de Computadores,2014,TJ/AP,FCC,Superior,https://www.pciconcursos.com.br/provas/download/analista-judiciario-tecnologia-da-informacao-administracao-em-redes-de-computadores-tj-ap-fcc-2014
Analista Judiciário - Tecnologia da Informação - Banco de Dados,2014,TJ/AP,FCC,Superior,https://www.pciconcursos.com.br/provas/download/analista-judiciario-tecnologia-da-informacao-banco-de-dados-tj-ap-fcc-2014
Analista Judiciário - Tecnologia da Informação - Desenvolvimento de Sistemas,2014,TJ/AP,FCC,Superior,https://www.pciconcursos.com.br/provas/download/analista-judiciario-tecnologia-da-informacao-desenvolvimento-de-sistemas-tj-ap-fcc-2014
Analista Judiciário - Tecnologia da Informação - Segurança da Informação,2014,TJ/AP,FCC,Superior,https://www.pciconcursos.com.br/provas/download/analista-judiciario-tecnologia-da-informacao-seguranca-da-informacao-tj-ap-fcc-2014
Analista Judiciário - Tecnologia da Informação - Telecomunicações,2014,TJ/AP,FCC,Superior,https://www.pciconcursos.com.br/provas/download/analista-judiciario-tecnologia-da-informacao-telecomunicacoes-tj-ap-fcc-2014
Analista Judiciário Apoio Especializado - Medicina do Trabalho,2012,TST,FCC,Superior,https://www.pciconcursos.com.br/provas/download/analista-judiciario-apoio-especializado-medicina-do-trabalho-tst-fcc-2012
Analista Judiciário Apoio Especializado - Taquigrafia,2012,TST,FCC,Superior,https://www.pciconcursos.com.br/provas/download/analista-judiciario-apoio-especializado-taquigrafia-tst-fcc-2012
Analista Judiciário Área Administrativa,2012,TST,FCC,Superior,https://www.pciconcursos.com.br/provas/download/analista-judiciario-area-administrativa-tst-fcc-2012
Analista Judiciário Área Administrativa,2012,TRF 5ª,FCC,Superior,https://www.pciconcursos.com.br/provas/download/analista-judiciario-area-administrativa-trf-5-fcc-2012
Analista Judiciário Área Apoio Especializado - Análise de Sistemas,2012,TST,FCC,Superior,https://www.pciconcursos.com.br/provas/download/analista-judiciario-area-apoio-especializado-analise-de-sistemas-tst-fcc-2012
Analista Judiciário Área Apoio Especializado - Contabilidade,2012,TST,FCC,Superior,https://www.pciconcursos.com.br/provas/download/analista-judiciario-area-apoio-especializado-contabilidade-tst-fcc-2012
Analista Judiciário Área Apoio Especializado - Suporte em Tecnologia da Informação,2012,TST,FCC,Superior,https://www.pciconcursos.com.br/provas/download/analista-judiciario-area-apoio-especializado-suporte-em-tecnologia-da-informacao-tst-fcc-2012
Analista Judiciário Área Judiciária,2012,TST,FCC,Superior,https://www.pciconcursos.com.br/provas/download/analista-judiciario-area-judiciaria-tst-fcc-2012
Analista Judiciário Área Judiciária,2012,TRF 5ª,FCC,Superior,https://www.pciconcursos.com.br/provas/download/analista-judiciario-area-judiciaria-trf-5-fcc-2012
Analista Judiciário Área Judiciária - Execução de Mandados,2012,TRF 5ª,FCC,Superior,https://www.pciconcursos.com.br/provas/download/analista-judiciario-area-judiciaria-execucao-de-mandados-trf-5-fcc-2012
Analista Judiciário Execução de Mandato,2003,TRT 24ª,FCC,Superior,https://www.pciconcursos.com.br/provas/download/analista-judiciario-execucao-de-mandato-trt-24-fcc-2003
Analista Judiciário Sem Especialidade,2012,TJ/RJ,FCC,Superior,https://www.pciconcursos.com.br/provas/download/analista-judiciario-sem-especialidade-tj-rj-fcc-2012
Analista JudiciárioÁrea Apoio Especializado - Especialidade Medicina,2018,TRT 2ª,FCC,Superior,https://www.pciconcursos.com.br/provas/download/analista-judiciario-area-apoio-especializado-especialidade-medicina-trt-2-fcc-2018
Analista JudiciárioÁrea Judiciária - Especialidade Oficial de Justiça Avaliador Federal,2018,TRT 15ª,FCC,Superior,https://www.pciconcursos.com.br/provas/download/analista-judiciario-area-judiciaria-especialidade-oficial-de-justica-avaliador-federal-trt-15-fcc-2018
Analista Jurídico - Bibliotecário,2012,TJ/RJ,FCC,Superior,https://www.pciconcursos.com.br/provas/download/analista-juridico-bibliotecario-tj-rj-fcc-2012
Analista Jurídico de Defensoria Especialidade - Ciências Jurídicas,2018,DPE/AM,FCC,Superior,https://www.pciconcursos.com.br/provas/download/analista-juridico-de-defensoria-especialidade-ciencias-juridicas-dpe-am-fcc-2018
Analista Jurídico Previdenciário,2017,FUNAPE,FCC,Superior,https://www.pciconcursos.com.br/provas/download/analista-juridico-previdenciario-funape-fcc-2017
Analista Legislativo,2013,Assembleia Legislativa/RN,FCC,Superior,https://www.pciconcursos.com.br/provas/download/analista-legislativo-assembleia-legislativa-rn-fcc-2013
Analista Legislativo,2013,Assembleia Legislativa/PB,FCC,Superior,https://www.pciconcursos.com.br/provas/download/analista-legislativo-assembleia-legislativa-pb-fcc-2013
Analista Legislativo - Analista de Sistemas,2013,Assembleia Legislativa/RN,FCC,Superior,https://www.pciconcursos.com.br/provas/download/analista-legislativo-analista-de-sistemas-assembleia-legislativa-rn-fcc-2013
Analista Legislativo - Arquitetura,2013,Assembleia Legislativa/RN,FCC,Superior,https://www.pciconcursos.com.br/provas/download/analista-legislativo-arquitetura-assembleia-legislativa-rn-fcc-2013
Analista Legislativo - Arquivista,2007,Câmara dos Deputados,FCC,Superior,https://www.pciconcursos.com.br/provas/download/analista-legislativo-arquivista-camara-dos-deputados-fcc-2007
Analista Legislativo - Arquivista,2007,Câmara dos Deputados,FCC,Superior,https://www.pciconcursos.com.br/provas/download/prova-analista-legislativo-arquivista-camara-dos-deputados-fcc-2007-30
Analista Legislativo - Bibliotecário,2007,Câmara dos Deputados,FCC,Superior,https://www.pciconcursos.com.br/provas/download/analista-legislativo-bibliotecario-camara-dos-deputados-fcc-2007
Analista Legislativo - Bibliotecário,2007,Câmara dos Deputados,FCC,Superior,https://www.pciconcursos.com.br/provas/download/prova-analista-legislativo-bibliotecario-camara-dos-deputados-fcc-2007-49
Analista Legislativo - Biblioteconomia,2014,ALEPE,FCC,Superior,https://www.pciconcursos.com.br/provas/download/analista-legislativo-biblioteconomia-alepe-fcc-2014
Analista Legislativo - Biblioteconomia,2013,Assembleia Legislativa/RN,FCC,Superior,https://www.pciconcursos.com.br/provas/download/analista-legislativo-biblioteconomia-assembleia-legislativa-rn-fcc-2013
Analista Legislativo - Cirurgião Dentista,2012,Assembleia Legislativa/SP,FCC,Superior,https://www.pciconcursos.com.br/provas/download/analista-legislativo-cirurgiao-dentista-assembleia-legislativa-sp-fcc-2012
Analista Legislativo - Clínica Médica,2007,Câmara dos Deputados,FCC,Superior,https://www.pciconcursos.com.br/provas/download/analista-legislativo-clinica-medica-camara-dos-deputados-fcc-2007
Analista Legislativo - Comunicação Social - AudioVisual,2007,Câmara dos Deputados,FCC,Superior,https://www.pciconcursos.com.br/provas/download/analista-legislativo-comunicacao-social-audiovisual-camara-dos-deputados-fcc-2007
Analista Legislativo - Comunicação Social - Divulgação Institucional,2007,Câmara dos Deputados,FCC,Superior,https://www.pciconcursos.com.br/provas/download/analista-legislativo-comunicacao-social-divulgacao-institucional-camara-dos-deputados-fcc-2007
Analista Legislativo - Comunicação Social - Imprensa Escrita,2007,Câmara dos Deputados,FCC,Superior,https://www.pciconcursos.com.br/provas/download/analista-legislativo-comunicacao-social-imprensa-escrita-camara-dos-deputados-fcc-2007
Analista Legislativo - Comunicação Social - Mídia Impressa,2014,ALEPE,FCC,Superior,https://www.pciconcursos.com.br/provas/download/analista-legislativo-comunicacao-social-midia-impressa-alepe-fcc-2014
Analista Legislativo - Comunicação Social - Mídias Digitais,2014,ALEPE,FCC,Superior,https://www.pciconcursos.com.br/provas/download/analista-legislativo-comunicacao-social-midias-digitais-alepe-fcc-2014
Analista Legislativo - Comunicação Social - Rádio,2014,ALEPE,FCC,Superior,https://www.pciconcursos.com.br/provas/download/analista-legislativo-comunicacao-social-radio-alepe-fcc-2014
Analista Legislativo - Comunicação Social - Rádio,2007,Câmara dos Deputados,FCC,Superior,https://www.pciconcursos.com.br/provas/download/analista-legislativo-comunicacao-social-radio-camara-dos-deputados-fcc-2007
Analista Legislativo - Comunicação Social - Relações Públicas,2007,Câmara dos Deputados,FCC,Superior,https://www.pciconcursos.com.br/provas/download/analista-legislativo-comunicacao-social-relacoes-publicas-camara-dos-deputados-fcc-2007
Analista Legislativo - Comunicação Social - Televisão,2007,Câmara dos Deputados,FCC,Superior,https://www.pciconcursos.com.br/provas/download/analista-legislativo-comunicacao-social-televisao-camara-dos-deputados-fcc-2007
Analista Legislativo - Comunicação Social - TV,2014,ALEPE,FCC,Superior,https://www.pciconcursos.com.br/provas/download/analista-legislativo-comunicacao-social-tv-alepe-fcc-2014
Analista Legislativo - Consultoria Legislativa - Administração e Políticas Públicas,2014,ALEPE,FCC,Superior,https://www.pciconcursos.com.br/provas/download/analista-legislativo-consultoria-legislativa-administracao-e-politicas-publicas-alepe-fcc-2014
Analista Legislativo - Consultoria Legislativa - Agricultura e Meio Ambiente,2014,ALEPE,FCC,Superior,https://www.pciconcursos.com.br/provas/download/analista-legislativo-consultoria-legislativa-agricultura-e-meio-ambiente-alepe-fcc-2014
"Analista Legislativo - Consultoria Legislativa - Direito Constitucional, Administrativo e Eleitoral",2014,ALEPE,FCC,Superior,https://www.pciconcursos.com.br/provas/download/analista-legislativo-consultoria-legislativa-direito-constitucional-administrativo-e-eleitoral-alepe-fcc-2014
"Analista Legislativo - Consultoria Legislativa - Direito Tributário, Financeiro e Cidadania",2014,ALEPE,FCC,Superior,https://www.pciconcursos.com.br/provas/download/analista-legislativo-consultoria-legislativa-direito-tributario-financeiro-e-cidadania-alepe-fcc-2014
"Analista Legislativo - Consultoria Legislativa - Educação, Cultura e Desporto",2014,ALEPE,FCC,Superior,https://www.pciconcursos.com.br/provas/download/analista-legislativo-consultoria-legislativa-educacao-cultura-e-desporto-alepe-fcc-2014
Analista Legislativo - Consultoria Legislativa - Orçamento Público e Desenvolvimento Econômico,2014,ALEPE,FCC,Superior,https://www.pciconcursos.com.br/provas/download/analista-legislativo-consultoria-legislativa-orcamento-publico-e-desenvolvimento-economico-alepe-fcc-2014
Analista Legislativo - Consultoria Legislativa - Redação e Pronunciamento,2014,ALEPE,FCC,Superior,https://www.pciconcursos.com.br/provas/download/analista-legislativo-consultoria-legislativa-redacao-e-pronunciamento-alepe-fcc-2014
Analista Legislativo - Contabilidade,2014,ALEPE,FCC,Superior,https://www.pciconcursos.com.br/provas/download/analista-legislativo-contabilidade-alepe-fcc-2014
Analista Legislativo - Contador,2007,Câmara dos Deputados,FCC,Superior,https://www.pciconcursos.com.br/provas/download/analista-legislativo-contador-camara-dos-deputados-fcc-2007
Analista Legislativo - Enfermagem,2013,Assembleia Legislativa/RN,FCC,Superior,https://www.pciconcursos.com.br/provas/download/analista-legislativo-enfermagem-assembleia-legislativa-rn-fcc-2013
Analista Legislativo - Enfermagem de Emergência,2007,Câmara dos Deputados,FCC,Superior,https://www.pciconcursos.com.br/provas/download/analista-legislativo-enfermagem-de-emergencia-camara-dos-deputados-fcc-2007
Analista Legislativo - Enfermagem do Trabalho,2007,Câmara dos Deputados,FCC,Superior,https://www.pciconcursos.com.br/provas/download/analista-legislativo-enfermagem-do-trabalho-camara-dos-deputados-fcc-2007
Analista Legislativo - Enfermagem Geral,2007,Câmara dos Deputados,FCC,Superior,https://www.pciconcursos.com.br/provas/download/analista-legislativo-enfermagem-geral-camara-dos-deputados-fcc-2007
Analista Legislativo - Engenharia,2014,ALEPE,FCC,Superior,https://www.pciconcursos.com.br/provas/download/analista-legislativo-engenharia-alepe-fcc-2014
Analista Legislativo - Engenharia Civil,2013,Assembleia Legislativa/RN,FCC,Superior,https://www.pciconcursos.com.br/provas/download/analista-legislativo-engenharia-civil-assembleia-legislativa-rn-fcc-2013
Analista Legislativo - Informática - Infraestrutura,2014,ALEPE,FCC,Superior,https://www.pciconcursos.com.br/provas/download/analista-legislativo-informatica-infraestrutura-alepe-fcc-2014
Analista Legislativo - Informática - Sistemas,2014,ALEPE,FCC,Superior,https://www.pciconcursos.com.br/provas/download/analista-legislativo-informatica-sistemas-alepe-fcc-2014
Analista Legislativo - Informática Legislativa,2007,Câmara dos Deputados,FCC,Superior,https://www.pciconcursos.com.br/provas/download/analista-legislativo-informatica-legislativa-camara-dos-deputados-fcc-2007
Analista Legislativo - Jornalismo,2013,Assembleia Legislativa/RN,FCC,Superior,https://www.pciconcursos.com.br/provas/download/analista-legislativo-jornalismo-assembleia-legislativa-rn-fcc-2013
Analista Legislativo - Medicina Clínica Geral,2013,Assembleia Legislativa/RN,FCC,Superior,https://www.pciconcursos.com.br/provas/download/analista-legislativo-medicina-clinica-geral-assembleia-legislativa-rn-fcc-2013
Analista Legislativo - Medicina de Emergência,2007,Câmara dos Deputados,FCC,Superior,https://www.pciconcursos.com.br/provas/download/analista-legislativo-medicina-de-emergencia-camara-dos-deputados-fcc-2007
Analista Legislativo - Medicina do Trabalho,2007,Câmara dos Deputados,FCC,Superior,https://www.pciconcursos.com.br/provas/download/analista-legislativo-medicina-do-trabalho-camara-dos-deputados-fcc-2007
Analista Legislativo - Nutricionista,2007,Câmara dos Deputados,FCC,Superior,https://www.pciconcursos.com.br/provas/download/analista-legislativo-nutricionista-camara-dos-deputados-fcc-2007
Analista Legislativo - Odontólogo,2007,Câmara dos Deputados,FCC,Superior,https://www.pciconcursos.com.br/provas/download/analista-legislativo-odontologo-camara-dos-deputados-fcc-2007
Analista Legislativo - Psicologia,2013,Assembleia Legislativa/RN,FCC,Superior,https://www.pciconcursos.com.br/provas/download/analista-legislativo-psicologia-assembleia-legislativa-rn-fcc-2013
Analista Legislativo - Psiquiatria,2007,Câmara dos Deputados,FCC,Superior,https://www.pciconcursos.com.br/provas/download/analista-legislativo-psiquiatria-camara-dos-deputados-fcc-2007
Analista Legislativo - Recursos Humanos,2007,Câmara dos Deputados,FCC,Superior,https://www.pciconcursos.com.br/provas/download/analista-legislativo-recursos-humanos-camara-dos-deputados-fcc-2007
Analista Legislativo - Taquígrafo,2012,Assembleia Legislativa/SP,FCC,Superior,https://www.pciconcursos.com.br/provas/download/analista-legislativo-taquigrafo-assembleia-legislativa-sp-fcc-2012
Analista Legislativo - Taquígrafo Legislativo,2007,Câmara dos Deputados,FCC,Superior,https://www.pciconcursos.com.br/provas/download/analista-legislativo-taquigrafo-legislativo-camara-dos-deputados-fcc-2007
Analista Legislativo - Técnico em Material e Patrimônio,2007,Câmara dos Deputados,FCC,Superior,https://www.pciconcursos.com.br/provas/download/analista-legislativo-tecnico-em-material-e-patrimonio-camara-dos-deputados-fcc-2007
Analista Ministerial - Administração,2012,MPE/AP,FCC,Superior,https://www.pciconcursos.com.br/provas/download/analista-ministerial-administracao-mpe-ap-fcc-2012
Analista Ministerial - Administrador,2013,MPE/MA,FCC,Superior,https://www.pciconcursos.com.br/provas/download/analista-ministerial-administrador-mpe-ma-fcc-2013
Analista Ministerial - Administrativo,2013,MPE/MA,FCC,Superior,https://www.pciconcursos.com.br/provas/download/analista-ministerial-administrativo-mpe-ma-fcc-2013
Analista Ministerial - Análise e Desenvolvimento de Sistemas,2013,MPE/MA,FCC,Superior,https://www.pciconcursos.com.br/provas/download/analista-ministerial-analise-e-desenvolvimento-de-sistemas-mpe-ma-fcc-2013
Analista Ministerial - Arquiteto,2013,MPE/MA,FCC,Superior,https://www.pciconcursos.com.br/provas/download/analista-ministerial-arquiteto-mpe-ma-fcc-2013
Analista Ministerial - Arquitetura,2012,MPE/PE,FCC,Superior,https://www.pciconcursos.com.br/provas/download/analista-ministerial-arquitetura-mpe-pe-fcc-2012
Analista Ministerial - Arquitetura,2012,MPE/AP,FCC,Superior,https://www.pciconcursos.com.br/provas/download/analista-ministerial-arquitetura-mpe-ap-fcc-2012
Analista Ministerial - Assistente Social,2013,MPE/MA,FCC,Superior,https://www.pciconcursos.com.br/provas/download/analista-ministerial-assistente-social-mpe-ma-fcc-2013
Analista Ministerial - Auditor de Contas Públicas,2015,MPE/PB,FCC,Superior,https://www.pciconcursos.com.br/provas/download/analista-ministerial-auditor-de-contas-publicas-mpe-pb-fcc-2015
Analista Ministerial - Banco de Dados,2013,MPE/MA,FCC,Superior,https://www.pciconcursos.com.br/provas/download/analista-ministerial-banco-de-dados-mpe-ma-fcc-2013
Analista Ministerial - Biblioteconomia,2012,MPE/AP,FCC,Superior,https://www.pciconcursos.com.br/provas/download/analista-ministerial-biblioteconomia-mpe-ap-fcc-2012
Analista Ministerial - Biblioteconomia,2006,MPE/PE,FCC,Superior,https://www.pciconcursos.com.br/provas/download/analista-ministerial-biblioteconomia-mpe-pe-fcc-2006
Analista Ministerial - Ciências Contábeis,2012,MPE/PE,FCC,Superior,https://www.pciconcursos.com.br/provas/download/analista-ministerial-ciencias-contabeis-mpe-pe-fcc-2012
Analista Ministerial - Ciências Contábeis,2012,MPE/AP,FCC,Superior,https://www.pciconcursos.com.br/provas/download/analista-ministerial-ciencias-contabeis-mpe-ap-fcc-2012
Analista Ministerial - Ciências da Computação,2013,PGJ/CE,FCC,Superior,https://www.pciconcursos.com.br/provas/download/analista-ministerial-ciencias-da-computacao-pgj-ce-fcc-2013
Analista Ministerial - Comunicação Social,2006,MPE/PE,FCC,Superior,https://www.pciconcursos.com.br/provas/download/analista-ministerial-comunicacao-social-mpe-pe-fcc-2006
Analista Ministerial - Comunicação Social/ Jornalismo,2013,MPE/MA,FCC,Superior,https://www.pciconcursos.com.br/provas/download/analista-ministerial-comunicacao-social-jornalismo-mpe-ma-fcc-2013
Analista Ministerial - Comunicação Social/Jornalismo,2012,MPE/PE,FCC,Superior,https://www.pciconcursos.com.br/provas/download/analista-ministerial-comunicacao-social-jornalismo-mpe-pe-fcc-2012
Analista Ministerial - Contabilidade,2006,MPE/PE,FCC,Superior,https://www.pciconcursos.com.br/provas/download/analista-ministerial-contabilidade-mpe-pe-fcc-2006
Analista Ministerial - Contador,2013,MPE/MA,FCC,Superior,https://www.pciconcursos.com.br/provas/download/analista-ministerial-contador-mpe-ma-fcc-2013
Analista Ministerial - Direito,2013,PGJ/CE,FCC,Superior,https://www.pciconcursos.com.br/provas/download/analista-ministerial-direito-pgj-ce-fcc-2013
Analista Ministerial - Direito,2012,MPE/AP,FCC,Superior,https://www.pciconcursos.com.br/provas/download/analista-ministerial-direito-mpe-ap-fcc-2012
Analista Ministerial - Economia,2012,MPE/AP,FCC,Superior,https://www.pciconcursos.com.br/provas/download/analista-ministerial-economia-mpe-ap-fcc-2012
Analista Ministerial - Engenharia Civil,2013,MPE/MA,FCC,Superior,https://www.pciconcursos.com.br/provas/download/analista-ministerial-engenharia-civil-mpe-ma-fcc-2013
Analista Ministerial - Engenharia Civil,2012,MPE/AP,FCC,Superior,https://www.pciconcursos.com.br/provas/download/analista-ministerial-engenharia-civil-mpe-ap-fcc-2012
Analista Ministerial - Engenharia Civil,2012,MPE/PE,FCC,Superior,https://www.pciconcursos.com.br/provas/download/analista-ministerial-engenharia-civil-mpe-pe-fcc-2012
Analista Ministerial - Engenharia Civil,2006,MPE/PE,FCC,Superior,https://www.pciconcursos.com.br/provas/download/analista-ministerial-engenharia-civil-mpe-pe-fcc-2006
Analista Ministerial - Engenharia Elétrica,2013,MPE/MA,FCC,Superior,https://www.pciconcursos.com.br/provas/download/analista-ministerial-engenharia-eletrica-mpe-ma-fcc-2013
Analista Ministerial - Estatística,2006,MPE/PE,FCC,Superior,https://www.pciconcursos.com.br/provas/download/analista-ministerial-estatistica-mpe-pe-fcc-2006
Analista Ministerial - Informática,2012,MPE/PE,FCC,Superior,https://www.pciconcursos.com.br/provas/download/analista-ministerial-informatica-mpe-pe-fcc-2012
Analista Ministerial - Informática,2006,MPE/PE,FCC,Superior,https://www.pciconcursos.com.br/provas/download/analista-ministerial-informatica-mpe-pe-fcc-2006
Analista Ministerial - Jurídica,2006,MPE/PE,FCC,Superior,https://www.pciconcursos.com.br/provas/download/analista-ministerial-juridica-mpe-pe-fcc-2006
Analista Ministerial - Jurídico,2012,MPE/PE,FCC,Superior,https://www.pciconcursos.com.br/provas/download/analista-ministerial-juridico-mpe-pe-fcc-2012
Analista Ministerial - Médica,2006,MPE/PE,FCC,Superior,https://www.pciconcursos.com.br/provas/download/analista-ministerial-medica-mpe-pe-fcc-2006
Analista Ministerial - Medicina,2015,MPE/PB,FCC,Superior,https://www.pciconcursos.com.br/provas/download/analista-ministerial-medicina-mpe-pb-fcc-2015
Analista Ministerial - Odontologia,2015,MPE/PB,FCC,Superior,https://www.pciconcursos.com.br/provas/download/analista-ministerial-odontologia-mpe-pb-fcc-2015
Analista Ministerial - Pedagogia,2006,MPE/PE,FCC,Superior,https://www.pciconcursos.com.br/provas/download/analista-ministerial-pedagogia-mpe-pe-fcc-2006
Analista Ministerial - Planejamento,2006,MPE/PE,FCC,Superior,https://www.pciconcursos.com.br/provas/download/analista-ministerial-planejamento-mpe-pe-fcc-2006
Analista Ministerial - Processual,2006,MPE/PE,FCC,Superior,https://www.pciconcursos.com.br/provas/download/analista-ministerial-processual-mpe-pe-fcc-2006
Analista Ministerial - Processual/ Direito,2013,MPE/MA,FCC,Superior,https://www.pciconcursos.com.br/provas/download/analista-ministerial-processual-direito-mpe-ma-fcc-2013
Analista Ministerial - Psicologia,2012,MPE/PE,FCC,Superior,https://www.pciconcursos.com.br/provas/download/analista-ministerial-psicologia-mpe-pe-fcc-2012
Analista Ministerial - Psicologia,2012,MPE/AP,FCC,Superior,https://www.pciconcursos.com.br/provas/download/analista-ministerial-psicologia-mpe-ap-fcc-2012
Analista Ministerial - Psicologia,2006,MPE/PE,FCC,Superior,https://www.pciconcursos.com.br/provas/download/analista-ministerial-psicologia-mpe-pe-fcc-2006
Analista Ministerial - Psicólogo,2013,MPE/MA,FCC,Superior,https://www.pciconcursos.com.br/provas/download/analista-ministerial-psicologo-mpe-ma-fcc-2013
Analista Ministerial - Rede e Infraestrutura,2013,MPE/MA,FCC,Superior,https://www.pciconcursos.com.br/provas/download/analista-ministerial-rede-e-infraestrutura-mpe-ma-fcc-2013
Analista Ministerial - Segurança da Informação,2013,MPE/MA,FCC,Superior,https://www.pciconcursos.com.br/provas/download/analista-ministerial-seguranca-da-informacao-mpe-ma-fcc-2013
Analista Ministerial - Serviço Social,2012,MPE/PE,FCC,Superior,https://www.pciconcursos.com.br/provas/download/analista-ministerial-servico-social-mpe-pe-fcc-2012
Analista Ministerial - Serviço Social,2012,MPE/AP,FCC,Superior,https://www.pciconcursos.com.br/provas/download/analista-ministerial-servico-social-mpe-ap-fcc-2012
Analista Ministerial - Serviço Social,2006,MPE/PE,FCC,Superior,https://www.pciconcursos.com.br/provas/download/analista-ministerial-servico-social-mpe-pe-fcc-2006
Analista Ministerial - Tecnologia da Informação,2012,MPE/AP,FCC,Superior,https://www.pciconcursos.com.br/provas/download/analista-ministerial-tecnologia-da-informacao-mpe-ap-fcc-2012
Analista Ministerial - Teste e Qualidade de Software,2013,MPE/MA,FCC,Superior,https://www.pciconcursos.com.br/provas/download/analista-ministerial-teste-e-qualidade-de-software-mpe-ma-fcc-2013
Analista Pericial - Antropologia,2007,MPU,FCC,Superior,https://www.pciconcursos.com.br/provas/download/analista-pericial-antropologia-mpu-fcc-2007
Analista Pericial - Arqueologia,2007,MPU,FCC,Superior,https://www.pciconcursos.com.br/provas/download/analista-pericial-arqueologia-mpu-fcc-2007
Analista Pericial - Arquitetura,2007,MPU,FCC,Superior,https://www.pciconcursos.com.br/provas/download/analista-pericial-arquitetura-mpu-fcc-2007
Analista Pericial - Biologia,2007,MPU,FCC,Superior,https://www.pciconcursos.com.br/provas/download/analista-pericial-biologia-mpu-fcc-2007
Analista Pericial - Contabilidade,2007,MPU,FCC,Superior,https://www.pciconcursos.com.br/provas/download/analista-pericial-contabilidade-mpu-fcc-2007
Analista Pericial - Economia,2007,MPU,FCC,Superior,https://www.pciconcursos.com.br/provas/download/analista-pericial-economia-mpu-fcc-2007
Analista Pericial - Engenharia Agronômica,2007,MPU,FCC,Superior,https://www.pciconcursos.com.br/provas/download/analista-pericial-engenharia-agronomica-mpu-fcc-2007
Analista Pericial - Engenharia Ambiental,2007,MPU,FCC,Superior,https://www.pciconcursos.com.br/provas/download/analista-pericial-engenharia-ambiental-mpu-fcc-2007
Analista Pericial - Engenharia Civil,2007,MPU,FCC,Superior,https://www.pciconcursos.com.br/provas/download/analista-pericial-engenharia-civil-mpu-fcc-2007
Analista Pericial - Engenharia de Minas,2007,MPU,FCC,Superior,https://www.pciconcursos.com.br/provas/download/analista-pericial-engenharia-de-minas-mpu-fcc-2007
Analista Pericial - Engenharia Florestal,2007,MPU,FCC,Superior,https://www.pciconcursos.com.br/provas/download/analista-pericial-engenharia-florestal-mpu-fcc-2007
Analista Pericial - Engenharia Química,2007,MPU,FCC,Superior,https://www.pciconcursos.com.br/provas/download/analista-pericial-engenharia-quimica-mpu-fcc-2007
Analista Pericial - Engenharia Sanitária,2007,MPU,FCC,Superior,https://www.pciconcursos.com.br/provas/download/analista-pericial-engenharia-sanitaria-mpu-fcc-2007
Analista Pericial - Engenheiro em Segurança do Trabalho,2007,MPU,FCC,Superior,https://www.pciconcursos.com.br/provas/download/analista-pericial-engenheiro-em-seguranca-do-trabalho-mpu-fcc-2007
Analista Pericial - Geografia,2007,MPU,FCC,Superior,https://www.pciconcursos.com.br/provas/download/analista-pericial-geografia-mpu-fcc-2007
Analista Pericial - Geologia,2007,MPU,FCC,Superior,https://www.pciconcursos.com.br/provas/download/analista-pericial-geologia-mpu-fcc-2007
Analista Pericial - Medicina do Trabalho,2007,MPU,FCC,Superior,https://www.pciconcursos.com.br/provas/download/analista-pericial-medicina-do-trabalho-mpu-fcc-2007
Analista Previdenciário - Administração,2015,MANAUSPREV,FCC,Superior,https://www.pciconcursos.com.br/provas/download/analista-previdenciario-administracao-manausprev-fcc-2015
Analista Previdenciário - Arquivologia,2015,MANAUSPREV,FCC,Superior,https://www.pciconcursos.com.br/provas/download/analista-previdenciario-arquivologia-manausprev-fcc-2015
Analista Previdenciário - Ciências Atuariais,2015,MANAUSPREV,FCC,Superior,https://www.pciconcursos.com.br/provas/download/analista-previdenciario-ciencias-atuariais-manausprev-fcc-2015
Analista Previdenciário - Contabilidade,2015,MANAUSPREV,FCC,Superior,https://www.pciconcursos.com.br/provas/download/analista-previdenciario-contabilidade-manausprev-fcc-2015
Analista Previdenciário - Economia,2015,MANAUSPREV,FCC,Superior,https://www.pciconcursos.com.br/provas/download/analista-previdenciario-economia-manausprev-fcc-2015
Analista Previdenciário - Psicologia,2015,MANAUSPREV,FCC,Superior,https://www.pciconcursos.com.br/provas/download/analista-previdenciario-psicologia-manausprev-fcc-2015
Analista Previdenciário - Serviço Social,2015,MANAUSPREV,FCC,Superior,https://www.pciconcursos.com.br/provas/download/analista-previdenciario-servico-social-manausprev-fcc-2015
Analista Previdenciário - Tecnologia da Informação,2015,MANAUSPREV,FCC,Superior,https://www.pciconcursos.com.br/provas/download/analista-previdenciario-tecnologia-da-informacao-manausprev-fcc-2015
Analista Processual,2013,DPE/RS,FCC,Superior,https://www.pciconcursos.com.br/provas/download/analista-processual-dpe-rs-fcc-2013
Analista Processual,2007,MPU,FCC,Superior,https://www.pciconcursos.com.br/provas/download/analista-processual-mpu-fcc-2007
Analista Superior I - Arquivista,2011,INFRAERO,FCC,Superior,https://www.pciconcursos.com.br/provas/download/analista-superior-i-arquivista-infraero-fcc-2011
Analista Superior I - Assistente Social,2011,INFRAERO,FCC,Superior,https://www.pciconcursos.com.br/provas/download/analista-superior-i-assistente-social-infraero-fcc-2011
Analista Superior I - Assistente Social,2009,INFRAERO,FCC,Superior,https://www.pciconcursos.com.br/provas/download/analista-superior-i-assistente-social-infraero-fcc-2009
Analista Superior I - Bibliotecário,2009,INFRAERO,FCC,Superior,https://www.pciconcursos.com.br/provas/download/analista-superior-i-bibliotecario-infraero-fcc-2009
Analista Superior I - Biólogo,2011,INFRAERO,FCC,Superior,https://www.pciconcursos.com.br/provas/download/analista-superior-i-biologo-infraero-fcc-2011
Analista Superior I - Biólogo,2011,INFRAERO,FCC,Superior,https://www.pciconcursos.com.br/provas/download/prova-analista-superior-i-biologo-infraero-fcc-2011-56
Analista Superior I - Biólogo,2009,INFRAERO,FCC,Superior,https://www.pciconcursos.com.br/provas/download/analista-superior-i-biologo-infraero-fcc-2009
Analista Superior I - Comunicação Social/Jornalismo,2011,INFRAERO,FCC,Superior,https://www.pciconcursos.com.br/provas/download/analista-superior-i-comunicacao-social-jornalismo-infraero-fcc-2011
Analista Superior I - Comunicação Social/Publicidade,2011,INFRAERO,FCC,Superior,https://www.pciconcursos.com.br/provas/download/analista-superior-i-comunicacao-social-publicidade-infraero-fcc-2011
Analista Superior I - Comunicação Social/Relações Públicas,2011,INFRAERO,FCC,Superior,https://www.pciconcursos.com.br/provas/download/analista-superior-i-comunicacao-social-relacoes-publicas-infraero-fcc-2011
Analista Superior I - Enfermeiro do Trabalho,2009,INFRAERO,FCC,Superior,https://www.pciconcursos.com.br/provas/download/analista-superior-i-enfermeiro-do-trabalho-infraero-fcc-2009
Analista Superior I - Especialista em Comunicação Social - Publicidade,2009,INFRAERO,FCC,Superior,https://www.pciconcursos.com.br/provas/download/analista-superior-i-especialista-em-comunicacao-social-publicidade-infraero-fcc-2009
Analista Superior I - Especialista em Comunicação Social - Relações Públicas,2009,INFRAERO,FCC,Superior,https://www.pciconcursos.com.br/provas/download/analista-superior-i-especialista-em-comunicacao-social-relacoes-publicas-infraero-fcc-2009
Analista Superior I - Jornalismo,2009,INFRAERO,FCC,Superior,https://www.pciconcursos.com.br/provas/download/analista-superior-i-jornalismo-infraero-fcc-2009
Analista Superior I - Pedagogo,2011,INFRAERO,FCC,Superior,https://www.pciconcursos.com.br/provas/download/analista-superior-i-pedagogo-infraero-fcc-2011
Analista Superior I - Pedagogo,2009,INFRAERO,FCC,Superior,https://www.pciconcursos.com.br/provas/download/analista-superior-i-pedagogo-infraero-fcc-2009
Analista Superior I - Psicólogo,2011,INFRAERO,FCC,Superior,https://www.pciconcursos.com.br/provas/download/analista-superior-i-psicologo-infraero-fcc-2011
Analista Superior I - Psicólogo,2009,INFRAERO,FCC,Superior,https://www.pciconcursos.com.br/provas/download/analista-superior-i-psicologo-infraero-fcc-2009
Analista Superior II - Administrador,2011,INFRAERO,FCC,Superior,https://www.pciconcursos.com.br/provas/download/analista-superior-ii-administrador-infraero-fcc-2011
Analista Superior II - Administrador,2009,INFRAERO,FCC,Superior,https://www.pciconcursos.com.br/provas/download/analista-superior-ii-administrador-infraero-fcc-2009
Analista Superior II - Advogado,2011,INFRAERO,FCC,Superior,https://www.pciconcursos.com.br/provas/download/analista-superior-ii-advogado-infraero-fcc-2011
Analista Superior II - Advogado,2009,INFRAERO,FCC,Superior,https://www.pciconcursos.com.br/provas/download/analista-superior-ii-advogado-infraero-fcc-2009
Analista Superior II - Auditor,2011,INFRAERO,FCC,Superior,https://www.pciconcursos.com.br/provas/download/analista-superior-ii-auditor-infraero-fcc-2011
Analista Superior II - Auditor Contábil,2011,INFRAERO,FCC,Superior,https://www.pciconcursos.com.br/provas/download/analista-superior-ii-auditor-contabil-infraero-fcc-2011
Analista Superior II - Contador,2011,INFRAERO,FCC,Superior,https://www.pciconcursos.com.br/provas/download/analista-superior-ii-contador-infraero-fcc-2011
Analista Superior II - Contador,2009,INFRAERO,FCC,Superior,https://www.pciconcursos.com.br/provas/download/analista-superior-ii-contador-infraero-fcc-2009
Analista Superior II - Economista,2011,INFRAERO,FCC,Superior,https://www.pciconcursos.com.br/provas/download/analista-superior-ii-economista-infraero-fcc-2011
Analista Superior II - Economista,2009,INFRAERO,FCC,Superior,https://www.pciconcursos.com.br/provas/download/analista-superior-ii-economista-infraero-fcc-2009
Analista Superior II - Estatístico,2011,INFRAERO,FCC,Superior,https://www.pciconcursos.com.br/provas/download/analista-superior-ii-estatistico-infraero-fcc-2011
Analista Superior II - Médico do Trabalho,2009,INFRAERO,FCC,Superior,https://www.pciconcursos.com.br/provas/download/analista-superior-ii-medico-do-trabalho-infraero-fcc-2009
Analista Superior III - Administrador de Banco de Dados,2011,INFRAERO,FCC,Superior,https://www.pciconcursos.com.br/provas/download/analista-superior-iii-administrador-de-banco-de-dados-infraero-fcc-2011
Analista Superior III - Analista de Sistema/Gestor de TI,2011,INFRAERO,FCC,Superior,https://www.pciconcursos.com.br/provas/download/analista-superior-iii-analista-de-sistema-gestor-de-ti-infraero-fcc-2011
Analista Superior III - Analista de Sistemas - Banco de Dados e Administração de Dados,2009,INFRAERO,FCC,Superior,https://www.pciconcursos.com.br/provas/download/analista-superior-iii-analista-de-sistemas-banco-de-dados-e-administracao-de-dados-infraero-fcc-2009
Analista Superior III - Analista de Sistemas - Desenvolvimento e Manutenção,2009,INFRAERO,FCC,Superior,https://www.pciconcursos.com.br/provas/download/analista-superior-iii-analista-de-sistemas-desenvolvimento-e-manutencao-infraero-fcc-2009
Analista Superior III - Analista de Sistemas - Gestão TI,2009,INFRAERO,FCC,Superior,https://www.pciconcursos.com.br/provas/download/analista-superior-iii-analista-de-sistemas-gestao-ti-infraero-fcc-2009
Analista Superior III - Analista de Sistemas - Rede e Suporte,2009,INFRAERO,FCC,Superior,https://www.pciconcursos.com.br/provas/download/analista-superior-iii-analista-de-sistemas-rede-e-suporte-infraero-fcc-2009
Analista Superior III - Analista de Sistemas - Segurança da Informacão,2009,INFRAERO,FCC,Superior,https://www.pciconcursos.com.br/provas/download/analista-superior-iii-analista-de-sistemas-seguranca-da-informacao-infraero-fcc-2009
Analista Superior III - Arquiteto,2009,INFRAERO,FCC,Superior,https://www.pciconcursos.com.br/provas/download/analista-superior-iii-arquiteto-infraero-fcc-2009
Analista Superior III - Arquitetura de Software,2011,INFRAERO,FCC,Superior,https://www.pciconcursos.com.br/provas/download/analista-superior-iii-arquitetura-de-software-infraero-fcc-2011
Analista Superior III - Auditor,2009,INFRAERO,FCC,Superior,https://www.pciconcursos.com.br/provas/download/analista-superior-iii-auditor-infraero-fcc-2009
Analista Superior III - Banco de Dados e Administrador de Dados,2011,INFRAERO,FCC,Superior,https://www.pciconcursos.com.br/provas/download/analista-superior-iii-banco-de-dados-e-administrador-de-dados-infraero-fcc-2011
Analista Superior III - Desenvolvimento e Manutenção,2011,INFRAERO,FCC,Superior,https://www.pciconcursos.com.br/provas/download/analista-superior-iii-desenvolvimento-e-manutencao-infraero-fcc-2011
Analista Superior III - Desenvolvimento e Manutenção,2011,INFRAERO,FCC,Superior,https://www.pciconcursos.com.br/provas/download/prova-analista-superior-iii-desenvolvimento-e-manutencao-infraero-fcc-2011-20
Analista Superior III - Engenharia de Software,2011,INFRAERO,FCC,Superior,https://www.pciconcursos.com.br/provas/download/analista-superior-iii-engenharia-de-software-infraero-fcc-2011
Analista Superior III - Engenheiro Agrônomo,2009,INFRAERO,FCC,Superior,https://www.pciconcursos.com.br/provas/download/analista-superior-iii-engenheiro-agronomo-infraero-fcc-2009
Analista Superior III - Engenheiro Ambiental,2009,INFRAERO,FCC,Superior,https://www.pciconcursos.com.br/provas/download/analista-superior-iii-engenheiro-ambiental-infraero-fcc-2009
Analista Superior III - Engenheiro Civil,2009,INFRAERO,FCC,Superior,https://www.pciconcursos.com.br/provas/download/analista-superior-iii-engenheiro-civil-infraero-fcc-2009
Analista Superior III - Engenheiro Civil - Pavimentação,2009,INFRAERO,FCC,Superior,https://www.pciconcursos.com.br/provas/download/analista-superior-iii-engenheiro-civil-pavimentacao-infraero-fcc-2009
Analista Superior III - Engenheiro Eletricista,2009,INFRAERO,FCC,Superior,https://www.pciconcursos.com.br/provas/download/analista-superior-iii-engenheiro-eletricista-infraero-fcc-2009
Analista Superior III - Engenheiro Eletricista - Modalidade Eletrônica,2009,INFRAERO,FCC,Superior,https://www.pciconcursos.com.br/provas/download/analista-superior-iii-engenheiro-eletricista-modalidade-eletronica-infraero-fcc-2009
Analista Superior III - Engenheiro Eletrônico,2009,INFRAERO,FCC,Superior,https://www.pciconcursos.com.br/provas/download/analista-superior-iii-engenheiro-eletronico-infraero-fcc-2009
Analista Superior III - Engenheiro Eletrônico - Automação Predial e Industrial,2009,INFRAERO,FCC,Superior,https://www.pciconcursos.com.br/provas/download/analista-superior-iii-engenheiro-eletronico-automacao-predial-e-industrial-infraero-fcc-2009
Analista Superior III - Engenheiro em Segurança do Trabalho,2009,INFRAERO,FCC,Superior,https://www.pciconcursos.com.br/provas/download/analista-superior-iii-engenheiro-em-seguranca-do-trabalho-infraero-fcc-2009
Analista Superior III - Engenheiro Florestal,2009,INFRAERO,FCC,Superior,https://www.pciconcursos.com.br/provas/download/analista-superior-iii-engenheiro-florestal-infraero-fcc-2009
Analista Superior III - Engenheiro Mecânico,2009,INFRAERO,FCC,Superior,https://www.pciconcursos.com.br/provas/download/analista-superior-iii-engenheiro-mecanico-infraero-fcc-2009
Analista Superior III - Engenheiro Mecatrônico,2009,INFRAERO,FCC,Superior,https://www.pciconcursos.com.br/provas/download/analista-superior-iii-engenheiro-mecatronico-infraero-fcc-2009
Analista Superior III - Engenheiro Sanitarista,2009,INFRAERO,FCC,Superior,https://www.pciconcursos.com.br/provas/download/analista-superior-iii-engenheiro-sanitarista-infraero-fcc-2009
Analista Superior III - Especialista em Navegação Aérea,2011,INFRAERO,FCC,Superior,https://www.pciconcursos.com.br/provas/download/analista-superior-iii-especialista-em-navegacao-aerea-infraero-fcc-2011
Analista Superior III - Gestão de TI,2011,INFRAERO,FCC,Superior,https://www.pciconcursos.com.br/provas/download/analista-superior-iii-gestao-de-ti-infraero-fcc-2011
Analista Superior III - Médico do Trabalho,2011,INFRAERO,FCC,Superior,https://www.pciconcursos.com.br/provas/download/analista-superior-iii-medico-do-trabalho-infraero-fcc-2011
Analista Superior III - Meteorologista,2009,INFRAERO,FCC,Superior,https://www.pciconcursos.com.br/provas/download/analista-superior-iii-meteorologista-infraero-fcc-2009
Analista Superior III - Metereologista,2011,INFRAERO,FCC,Superior,https://www.pciconcursos.com.br/provas/download/analista-superior-iii-metereologista-infraero-fcc-2011
Analista Superior III - Rede e Suporte,2011,INFRAERO,FCC,Superior,https://www.pciconcursos.com.br/provas/download/analista-superior-iii-rede-e-suporte-infraero-fcc-2011
Analista Superior III - Rede e Suporte,2011,INFRAERO,FCC,Superior,https://www.pciconcursos.com.br/provas/download/prova-analista-superior-iii-rede-e-suporte-infraero-fcc-2011-53
Analista Superior III - Segurança da Informação,2011,INFRAERO,FCC,Superior,https://www.pciconcursos.com.br/provas/download/analista-superior-iii-seguranca-da-informacao-infraero-fcc-2011
Analista Superior III - Segurança da Informação,2011,INFRAERO,FCC,Superior,https://www.pciconcursos.com.br/provas/download/prova-analista-superior-iii-seguranca-da-informacao-infraero-fcc-2011-86
Analista Superior IV - Arquiteto,2011,INFRAERO,FCC,Superior,https://www.pciconcursos.com.br/provas/download/prova-analista-superior-iv-arquiteto-infraero-fcc-2011-20
Analista Superior IV - Arquiteto,2011,INFRAERO,FCC,Superior,https://www.pciconcursos.com.br/provas/download/analista-superior-iv-arquiteto-infraero-fcc-2011
Analista Superior IV - Arquiteto/Planejamento Físico de Aeroportos,2011,INFRAERO,FCC,Superior,https://www.pciconcursos.com.br/provas/download/analista-superior-iv-arquiteto-planejamento-fisico-de-aeroportos-infraero-fcc-2011
Analista Superior IV - Engenheiro Ambiental,2011,INFRAERO,FCC,Superior,https://www.pciconcursos.com.br/provas/download/analista-superior-iv-engenheiro-ambiental-infraero-fcc-2011
Analista Superior IV - Engenheiro Ambiental,2011,INFRAERO,FCC,Superior,https://www.pciconcursos.com.br/provas/download/prova-analista-superior-iv-engenheiro-ambiental-infraero-fcc-2011-76
Analista Superior IV - Engenheiro Cartógrafo,2011,INFRAERO,FCC,Superior,https://www.pciconcursos.com.br/provas/download/analista-superior-iv-engenheiro-cartografo-infraero-fcc-2011
Analista Superior IV - Engenheiro Civil,2011,INFRAERO,FCC,Superior,https://www.pciconcursos.com.br/provas/download/analista-superior-iv-engenheiro-civil-infraero-fcc-2011
Analista Superior IV - Engenheiro Civil/Estruturas,2011,INFRAERO,FCC,Superior,https://www.pciconcursos.com.br/provas/download/analista-superior-iv-engenheiro-civil-estruturas-infraero-fcc-2011
Analista Superior IV - Engenheiro Civil/Estruturas e Edificações,2011,INFRAERO,FCC,Superior,https://www.pciconcursos.com.br/provas/download/analista-superior-iv-engenheiro-civil-estruturas-e-edificacoes-infraero-fcc-2011
Analista Superior IV - Engenheiro Civil/Hidrosanitário,2011,INFRAERO,FCC,Superior,https://www.pciconcursos.com.br/provas/download/prova-analista-superior-iv-engenheiro-civil-hidrosanitario-infraero-fcc-2011-76
Analista Superior IV - Engenheiro Civil/Hidrosanitário,2011,INFRAERO,FCC,Superior,https://www.pciconcursos.com.br/provas/download/analista-superior-iv-engenheiro-civil-hidrosanitario-infraero-fcc-2011
Analista Superior IV - Engenheiro Civil/Manutenção Predial,2011,INFRAERO,FCC,Superior,https://www.pciconcursos.com.br/provas/download/analista-superior-iv-engenheiro-civil-manutencao-predial-infraero-fcc-2011
Analista Superior IV - Engenheiro Civil/Orçamentação,2011,INFRAERO,FCC,Superior,https://www.pciconcursos.com.br/provas/download/prova-analista-superior-iv-engenheiro-civil-orcamentacao-infraero-fcc-2011-64
Analista Superior IV - Engenheiro Civil/Orçamentação,2011,INFRAERO,FCC,Superior,https://www.pciconcursos.com.br/provas/download/analista-superior-iv-engenheiro-civil-orcamentacao-infraero-fcc-2011
Analista Superior IV - Engenheiro Civil/Pavimentação,2011,INFRAERO,FCC,Superior,https://www.pciconcursos.com.br/provas/download/analista-superior-iv-engenheiro-civil-pavimentacao-infraero-fcc-2011
Analista Superior IV - Engenheiro Civil/Pavimentação,2011,INFRAERO,FCC,Superior,https://www.pciconcursos.com.br/provas/download/prova-analista-superior-iv-engenheiro-civil-pavimentacao-infraero-fcc-2011-76
Analista Superior IV - Engenheiro Civil/Planejamento Físico de Aeroportos,2011,INFRAERO,FCC,Superior,https://www.pciconcursos.com.br/provas/download/analista-superior-iv-engenheiro-civil-planejamento-fisico-de-aeroportos-infraero-fcc-2011
Analista Superior IV - Engenheiro de Infraestrutura Aeronáutica,2011,INFRAERO,FCC,Superior,https://www.pciconcursos.com.br/provas/download/analista-superior-iv-engenheiro-de-infraestrutura-aeronautica-infraero-fcc-2011
Analista Superior IV - Engenheiro de Infraestrutura Aeronáutica,2011,INFRAERO,FCC,Superior,https://www.pciconcursos.com.br/provas/download/prova-analista-superior-iv-engenheiro-de-infraestrutura-aeronautica-infraero-fcc-2011-86
Analista Superior IV - Engenheiro de Segurança do Trabalho,2011,INFRAERO,FCC,Superior,https://www.pciconcursos.com.br/provas/download/analista-superior-iv-engenheiro-de-seguranca-do-trabalho-infraero-fcc-2011
Analista Superior IV - Engenheiro de Telecomunicações,2011,INFRAERO,FCC,Superior,https://www.pciconcursos.com.br/provas/download/analista-superior-iv-engenheiro-de-telecomunicacoes-infraero-fcc-2011
Analista Superior IV - Engenheiro Eletricista,2011,INFRAERO,FCC,Superior,https://www.pciconcursos.com.br/provas/download/analista-superior-iv-engenheiro-eletricista-infraero-fcc-2011
Analista Superior IV - Engenheiro Eletricista,2011,INFRAERO,FCC,Superior,https://www.pciconcursos.com.br/provas/download/prova-analista-superior-iv-engenheiro-eletricista-infraero-fcc-2011-23
Analista Superior IV - Engenheiro Eletricista/Eletrônica,2011,INFRAERO,FCC,Superior,https://www.pciconcursos.com.br/provas/download/analista-superior-iv-engenheiro-eletricista-eletronica-infraero-fcc-2011
Analista Superior IV - Engenheiro Eletrônico,2011,INFRAERO,FCC,Superior,https://www.pciconcursos.com.br/provas/download/analista-superior-iv-engenheiro-eletronico-infraero-fcc-2011
Analista Superior IV - Engenheiro Eletrônico,2011,INFRAERO,FCC,Superior,https://www.pciconcursos.com.br/provas/download/prova-analista-superior-iv-engenheiro-eletronico-infraero-fcc-2011-74
Analista Superior IV - Engenheiro Eletrônico/Automação Predial/Industrial,2011,INFRAERO,FCC,Superior,https://www.pciconcursos.com.br/provas/download/analista-superior-iv-engenheiro-eletronico-automacao-predial-industrial-infraero-fcc-2011
Analista Superior IV - Engenheiro Eletrônico/Sistema de Proteção ao Voo,2011,INFRAERO,FCC,Superior,https://www.pciconcursos.com.br/provas/download/analista-superior-iv-engenheiro-eletronico-sistema-de-protecao-ao-voo-infraero-fcc-2011
Analista Superior IV - Engenheiro Florestal,2011,INFRAERO,FCC,Superior,https://www.pciconcursos.com.br/provas/download/analista-superior-iv-engenheiro-florestal-infraero-fcc-2011
Analista Superior IV - Engenheiro Mecânico,2011,INFRAERO,FCC,Superior,https://www.pciconcursos.com.br/provas/download/analista-superior-iv-engenheiro-mecanico-infraero-fcc-2011
Analista Superior IV - Engenheiro Mecatrônico,2011,INFRAERO,FCC,Superior,https://www.pciconcursos.com.br/provas/download/analista-superior-iv-engenheiro-mecatronico-infraero-fcc-2011
Analista Superior IV - Engenheiro Sanitarista,2011,INFRAERO,FCC,Superior,https://www.pciconcursos.com.br/provas/download/analista-superior-iv-engenheiro-sanitarista-infraero-fcc-2011
Analista Técnico de Controle Externo - Auditoria de Obras Públicas,2012,TCE/AM,FCC,Superior,https://www.pciconcursos.com.br/provas/download/analista-tecnico-de-controle-externo-auditoria-de-obras-publicas-tce-am-fcc-2012
Analista Técnico de Controle Externo - Auditoria de Obras Públicas,2008,TCE/AM,FCC,Superior,https://www.pciconcursos.com.br/provas/download/analista-tecnico-de-controle-externo-auditoria-de-obras-publicas-tce-am-fcc-2008
Analista Técnico de Controle Externo - Auditoria Governamental,2013,TCE/AM,FCC,Superior,https://www.pciconcursos.com.br/provas/download/analista-tecnico-de-controle-externo-auditoria-governamental-tce-am-fcc-2013
Analista Técnico de Controle Externo - Auditoria Governamental,2008,TCE/AM,FCC,Superior,https://www.pciconcursos.com.br/provas/download/analista-tecnico-de-controle-externo-auditoria-governamental-tce-am-fcc-2008
Analista Técnico de Controle Externo - Ministério Público,2013,TCE/AM,FCC,Superior,https://www.pciconcursos.com.br/provas/download/analista-tecnico-de-controle-externo-ministerio-publico-tce-am-fcc-2013
Analista Técnico de Controle Externo - Tecnologia da Informação,2012,TCE/AM,FCC,Superior,https://www.pciconcursos.com.br/provas/download/analista-tecnico-de-controle-externo-tecnologia-da-informacao-tce-am-fcc-2012
Analista Técnico de Controle Externo - Tecnologia da Informação,2008,TCE/AM,FCC,Superior,https://www.pciconcursos.com.br/provas/download/analista-tecnico-de-controle-externo-tecnologia-da-informacao-tce-am-fcc-2008
Analista Técnico Educacional - Administração,2014,CETAM,FCC,Superior,https://www.pciconcursos.com.br/provas/download/analista-tecnico-educacional-administracao-cetam-fcc-2014
Analista Técnico Educacional - Agronomia,2014,CETAM,FCC,Superior,https://www.pciconcursos.com.br/provas/download/analista-tecnico-educacional-agronomia-cetam-fcc-2014
Analista Técnico Educacional - Biblioteconomia,2014,CETAM,FCC,Superior,https://www.pciconcursos.com.br/provas/download/analista-tecnico-educacional-biblioteconomia-cetam-fcc-2014
Analista Técnico Educacional - Ciências Contábeis,2014,CETAM,FCC,Superior,https://www.pciconcursos.com.br/provas/download/analista-tecnico-educacional-ciencias-contabeis-cetam-fcc-2014
Analista Técnico Educacional - Comunicação Social,2014,CETAM,FCC,Superior,https://www.pciconcursos.com.br/provas/download/analista-tecnico-educacional-comunicacao-social-cetam-fcc-2014
Analista Técnico Educacional - Direito,2014,CETAM,FCC,Superior,https://www.pciconcursos.com.br/provas/download/analista-tecnico-educacional-direito-cetam-fcc-2014
Analista Técnico Educacional - Economia,2014,CETAM,FCC,Superior,https://www.pciconcursos.com.br/provas/download/analista-tecnico-educacional-economia-cetam-fcc-2014
Analista Técnico Educacional - Enfermagem,2014,CETAM,FCC,Superior,https://www.pciconcursos.com.br/provas/download/analista-tecnico-educacional-enfermagem-cetam-fcc-2014
Analista Técnico Educacional - Engenharia Civil,2014,CETAM,FCC,Superior,https://www.pciconcursos.com.br/provas/download/analista-tecnico-educacional-engenharia-civil-cetam-fcc-2014
Analista Técnico Educacional - Engenharia de Pesca,2014,CETAM,FCC,Superior,https://www.pciconcursos.com.br/provas/download/analista-tecnico-educacional-engenharia-de-pesca-cetam-fcc-2014
Analista Técnico Educacional - Engenharia de Produção,2014,CETAM,FCC,Superior,https://www.pciconcursos.com.br/provas/download/analista-tecnico-educacional-engenharia-de-producao-cetam-fcc-2014
Analista Técnico Educacional - Engenharia Elétrica,2014,CETAM,FCC,Superior,https://www.pciconcursos.com.br/provas/download/analista-tecnico-educacional-engenharia-eletrica-cetam-fcc-2014
Analista Técnico Educacional - Engenharia Florestal,2014,CETAM,FCC,Superior,https://www.pciconcursos.com.br/provas/download/analista-tecnico-educacional-engenharia-florestal-cetam-fcc-2014
Analista Técnico Educacional - Estatística,2014,CETAM,FCC,Superior,https://www.pciconcursos.com.br/provas/download/analista-tecnico-educacional-estatistica-cetam-fcc-2014
Analista Técnico Educacional - Nutrição,2014,CETAM,FCC,Superior,https://www.pciconcursos.com.br/provas/download/analista-tecnico-educacional-nutricao-cetam-fcc-2014
Analista Técnico Educacional - Odontologia,2014,CETAM,FCC,Superior,https://www.pciconcursos.com.br/provas/download/analista-tecnico-educacional-odontologia-cetam-fcc-2014
Analista Técnico Educacional - Pedagogia,2014,CETAM,FCC,Superior,https://www.pciconcursos.com.br/provas/download/analista-tecnico-educacional-pedagogia-cetam-fcc-2014
Analista Técnico Educacional - Psicologia,2014,CETAM,FCC,Superior,https://www.pciconcursos.com.br/provas/download/analista-tecnico-educacional-psicologia-cetam-fcc-2014
Analista Técnico Educacional - Serviço Social,2014,CETAM,FCC,Superior,https://www.pciconcursos.com.br/provas/download/analista-tecnico-educacional-servico-social-cetam-fcc-2014
Analista Técnico Educacional - Tecnologia da Informação,2014,CETAM,FCC,Superior,https://www.pciconcursos.com.br/provas/download/analista-tecnico-educacional-tecnologia-da-informacao-cetam-fcc-2014
Analista Técnico Educacional - Turismo,2014,CETAM,FCC,Superior,https://www.pciconcursos.com.br/provas/download/analista-tecnico-educacional-turismo-cetam-fcc-2014
Analista Tecnologia da Informação,2016,Copergás,FCC,Superior,https://www.pciconcursos.com.br/provas/download/analista-tecnologia-da-informacao-copergas-fcc-2016-88
Analista Tecnologia da Informação,2016,COPERGÁS,FCC,Superior,https://www.pciconcursos.com.br/provas/download/analista-tecnologia-da-informacao-copergas-fcc-2016
Analista Tecnológico - Analista de Geoprocessamento,2016,Pref. Teresina/PI,FCC,Superior,https://www.pciconcursos.com.br/provas/download/analista-tecnologico-analista-de-geoprocessamento-prefeitura-teresina-pi-fcc-2016
Analista Tecnológico - Analista de Negócios,2016,Pref. Teresina/PI,FCC,Superior,https://www.pciconcursos.com.br/provas/download/analista-tecnologico-analista-de-negocios-prefeitura-teresina-pi-fcc-2016
Analista Tecnológico - Analista de Sistemas,2016,Pref. Teresina/PI,FCC,Superior,https://www.pciconcursos.com.br/provas/download/analista-tecnologico-analista-de-sistemas-prefeitura-teresina-pi-fcc-2016
Analista Tecnológico - Analista de Suporte Técnico,2016,Pref. Teresina/PI,FCC,Superior,https://www.pciconcursos.com.br/provas/download/analista-tecnologico-analista-de-suporte-tecnico-prefeitura-teresina-pi-fcc-2016
Analista Trainee,2008,METRÔ/SP,FCC,Superior,https://www.pciconcursos.com.br/provas/download/analista-trainee-metro-sp-fcc-2008
Analista Trainee - Administração de Empresas,2010,METRÔ/SP,FCC,Superior,https://www.pciconcursos.com.br/provas/download/analista-trainee-administracao-de-empresas-metro-sp-fcc-2010
Analista Trainee - Administração de Empresas,2008,METRÔ/SP,FCC,Superior,https://www.pciconcursos.com.br/provas/download/analista-trainee-administracao-de-empresas-metro-sp-fcc-2008
Analista Trainee - Administração de Empresas,2008,METRÔ/SP,FCC,Superior,https://www.pciconcursos.com.br/provas/download/prova-analista-trainee-administracao-de-empresas-metro-sp-fcc-2008-57
Analista Trainee - Análise de Sistemas,2008,METRÔ/SP,FCC,Superior,https://www.pciconcursos.com.br/provas/download/analista-trainee-analise-de-sistemas-metro-sp-fcc-2008
Analista Trainee - Análise de Sistemas,2008,METRÔ/SP,FCC,Superior,https://www.pciconcursos.com.br/provas/download/prova-analista-trainee-analise-de-sistemas-metro-sp-fcc-2008-52
Analista Trainee - Arquiteto,2008,METRÔ/SP,FCC,Superior,https://www.pciconcursos.com.br/provas/download/analista-trainee-arquiteto-metro-sp-fcc-2008
Analista Trainee - Arquitetura,2010,METRÔ/SP,FCC,Superior,https://www.pciconcursos.com.br/provas/download/analista-trainee-arquitetura-metro-sp-fcc-2010
Analista Trainee - Arquitetura,2008,METRÔ/SP,FCC,Superior,https://www.pciconcursos.com.br/provas/download/analista-trainee-arquitetura-metro-sp-fcc-2008
Analista Trainee - Ciências Contábeis,2010,METRÔ/SP,FCC,Superior,https://www.pciconcursos.com.br/provas/download/analista-trainee-ciencias-contabeis-metro-sp-fcc-2010
Analista Trainee - Ciências Contábeis,2008,METRÔ/SP,FCC,Superior,https://www.pciconcursos.com.br/provas/download/analista-trainee-ciencias-contabeis-metro-sp-fcc-2008
Analista Trainee - Ciências Contábeis,2008,METRÔ/SP,FCC,Superior,https://www.pciconcursos.com.br/provas/download/prova-analista-trainee-ciencias-contabeis-metro-sp-fcc-2008-47
Analista Trainee - Ciências da Computação,2010,METRÔ/SP,FCC,Superior,https://www.pciconcursos.com.br/provas/download/analista-trainee-ciencias-da-computacao-metro-sp-fcc-2010
Analista Trainee - Ciências da Computação,2008,METRÔ/SP,FCC,Superior,https://www.pciconcursos.com.br/provas/download/analista-trainee-ciencias-da-computacao-metro-sp-fcc-2008
Analista Trainee - Ciências da Computação,2008,METRÔ/SP,FCC,Superior,https://www.pciconcursos.com.br/provas/download/prova-analista-trainee-ciencias-da-computacao-metro-sp-fcc-2008-68
Analista Trainee - Ciências Sociais,2010,METRÔ/SP,FCC,Superior,https://www.pciconcursos.com.br/provas/download/analista-trainee-ciencias-sociais-metro-sp-fcc-2010
Analista Trainee - Ciências Sociais,2008,METRÔ/SP,FCC,Superior,https://www.pciconcursos.com.br/provas/download/analista-trainee-ciencias-sociais-metro-sp-fcc-2008
Analista Trainee - Comunicação Social,2010,METRÔ/SP,FCC,Superior,https://www.pciconcursos.com.br/provas/download/analista-trainee-comunicacao-social-metro-sp-fcc-2010
Analista Trainee - Desenho Industrial,2010,METRÔ/SP,FCC,Superior,https://www.pciconcursos.com.br/provas/download/analista-trainee-desenho-industrial-metro-sp-fcc-2010
Analista Trainee - Desenho Industrial,2008,METRÔ/SP,FCC,Superior,https://www.pciconcursos.com.br/provas/download/analista-trainee-desenho-industrial-metro-sp-fcc-2008
Analista Trainee - Desenho Industrial,2008,METRÔ/SP,FCC,Superior,https://www.pciconcursos.com.br/provas/download/prova-analista-trainee-desenho-industrial-metro-sp-fcc-2008-29
Analista Trainee - Economia,2010,METRÔ/SP,FCC,Superior,https://www.pciconcursos.com.br/provas/download/analista-trainee-economia-metro-sp-fcc-2010
Analista Trainee - Economia,2008,METRÔ/SP,FCC,Superior,https://www.pciconcursos.com.br/provas/download/analista-trainee-economia-metro-sp-fcc-2008
Analista Trainee - Economista,2008,METRÔ/SP,FCC,Superior,https://www.pciconcursos.com.br/provas/download/analista-trainee-economista-metro-sp-fcc-2008
Analista Trainee - Geografia,2008,METRÔ/SP,FCC,Superior,https://www.pciconcursos.com.br/provas/download/analista-trainee-geografia-metro-sp-fcc-2008
Analista Trainee - Geógrafo,2008,METRÔ/SP,FCC,Superior,https://www.pciconcursos.com.br/provas/download/analista-trainee-geografo-metro-sp-fcc-2008
Analista Trainee - Geologia,2008,METRÔ/SP,FCC,Superior,https://www.pciconcursos.com.br/provas/download/analista-trainee-geologia-metro-sp-fcc-2008
Analista Trainee - Geólogo,2008,METRÔ/SP,FCC,Superior,https://www.pciconcursos.com.br/provas/download/analista-trainee-geologo-metro-sp-fcc-2008
Analista Trainee - Marketing,2008,METRÔ/SP,FCC,Superior,https://www.pciconcursos.com.br/provas/download/prova-analista-trainee-marketing-metro-sp-fcc-2008-97
Analista Trainee - Marketing,2008,METRÔ/SP,FCC,Superior,https://www.pciconcursos.com.br/provas/download/analista-trainee-marketing-metro-sp-fcc-2008
Analista Trainee - Matemática ou Estatística,2010,METRÔ/SP,FCC,Superior,https://www.pciconcursos.com.br/provas/download/analista-trainee-matematica-ou-estatistica-metro-sp-fcc-2010
Analista Trainee - Matemática ou Estatística,2008,METRÔ/SP,FCC,Superior,https://www.pciconcursos.com.br/provas/download/analista-trainee-matematica-ou-estatistica-metro-sp-fcc-2008
Analista Trainee - Matemático,2008,METRÔ/SP,FCC,Superior,https://www.pciconcursos.com.br/provas/download/analista-trainee-matematico-metro-sp-fcc-2008
Analista Trainee - Pedagogia,2008,METRÔ/SP,FCC,Superior,https://www.pciconcursos.com.br/provas/download/analista-trainee-pedagogia-metro-sp-fcc-2008
Analista Trainee - Pedagogo,2008,METRÔ/SP,FCC,Superior,https://www.pciconcursos.com.br/provas/download/analista-trainee-pedagogo-metro-sp-fcc-2008
Analista Trainee - Psicologia,2010,METRÔ/SP,FCC,Superior,https://www.pciconcursos.com.br/provas/download/analista-trainee-psicologia-metro-sp-fcc-2010
Analista Trainee - Psicologia,2008,METRÔ/SP,FCC,Superior,https://www.pciconcursos.com.br/provas/download/analista-trainee-psicologia-metro-sp-fcc-2008
Analista Trainee - Psicólogo,2008,METRÔ/SP,FCC,Superior,https://www.pciconcursos.com.br/provas/download/analista-trainee-psicologo-metro-sp-fcc-2008
Analista Trainee - Química,2010,METRÔ/SP,FCC,Superior,https://www.pciconcursos.com.br/provas/download/analista-trainee-quimica-metro-sp-fcc-2010
Analista Trainee - Química,2008,METRÔ/SP,FCC,Superior,https://www.pciconcursos.com.br/provas/download/analista-trainee-quimica-metro-sp-fcc-2008
Analista Trainee - Químico,2008,METRÔ/SP,FCC,Superior,https://www.pciconcursos.com.br/provas/download/analista-trainee-quimico-metro-sp-fcc-2008
Arquiteto,2019,Pref. São José do Rio Preto/SP,FCC,Superior,https://www.pciconcursos.com.br/provas/download/arquiteto-prefeitura-sao-jose-do-rio-preto-sp-fcc-2019
Arquiteto e Urbanista,2005,UFT,FCC,Superior,https://www.pciconcursos.com.br/provas/download/arquiteto-e-urbanista-uft-fcc-2005
Arquitetura,2013,FHEMIG,FCC,Superior,https://www.pciconcursos.com.br/provas/download/arquitetura-fhemig-fcc-2013
Assessor - Administração,2008,MPE/RS,FCC,Superior,https://www.pciconcursos.com.br/provas/download/assessor-administracao-mpe-rs-fcc-2008
Assessor - Contabilidade,2008,MPE/RS,FCC,Superior,https://www.pciconcursos.com.br/provas/download/assessor-contabilidade-mpe-rs-fcc-2008
Assessor - Direito Classe R,2008,MPE/RS,FCC,Superior,https://www.pciconcursos.com.br/provas/download/assessor-direito-classe-r-mpe-rs-fcc-2008
Assessor Especializado,2005,IPEA,FCC,Superior,https://www.pciconcursos.com.br/provas/download/assessor-especializado-ipea-fcc-2005
Assessor Jurídico,2014,TCE/PI,FCC,Superior,https://www.pciconcursos.com.br/provas/download/assessor-juridico-tce-pi-fcc-2014
Assessor Jurídico,2009,TCE/PI,FCC,Superior,https://www.pciconcursos.com.br/provas/download/assessor-juridico-tce-pi-fcc-2009
Assessor Jurídico,2002,TCE/PI,FCC,Superior,https://www.pciconcursos.com.br/provas/download/assessor-juridico-tce-pi-fcc-2002
Assessor Jurídico de Gabinete de Juiz de Entrância Final,2010,TJ/PI,FCC,Superior,https://www.pciconcursos.com.br/provas/download/assessor-juridico-de-gabinete-de-juiz-de-entrancia-final-tj-pi-fcc-2010
Assessor Técnico de Controle Interno,2013,Assembleia Legislativa/RN,FCC,Superior,https://www.pciconcursos.com.br/provas/download/assessor-tecnico-de-controle-interno-assembleia-legislativa-rn-fcc-2013
Assistência Farmacêutica,2005,SESAB/BA,FCC,Superior,https://www.pciconcursos.com.br/provas/download/assistencia-farmaceutica-sesab-ba-fcc-2005
Assistente de Gestão de Políticas Públicas Nível I - Gestão Administrativa,2008,Pref. São Paulo/SP,FCC,Superior,https://www.pciconcursos.com.br/provas/download/assistente-de-gestao-de-politicas-publicas-nivel-i-gestao-administrativa-prefeitura-sao-paulo-sp-fcc-2008
Assistente de Gestão de Políticas Públicas Nível I - Gestão Administrativa - IPREM,2008,Pref. São Paulo/SP,FCC,Superior,https://www.pciconcursos.com.br/provas/download/assistente-de-gestao-de-politicas-publicas-nivel-i-gestao-administrativa-iprem-prefeitura-sao-paulo-sp-fcc-2008
Assistente de Promotoria de Justiça,2008,MPE/RS,FCC,Superior,https://www.pciconcursos.com.br/provas/download/assistente-de-promotoria-de-justica-mpe-rs-fcc-2008
Assistente de Suporte Técnico Nível I - Suporte e Infraestrutura - Agrimensura,2008,Pref. São Paulo/SP,FCC,Superior,https://www.pciconcursos.com.br/provas/download/assistente-de-suporte-tecnico-nivel-i-suporte-e-infraestrutura-agrimensura-prefeitura-sao-paulo-sp-fcc-2008
Assistente de Suporte Técnico Nível I - Suporte e Infraestrutura - Eletrotécnica,2008,Pref. São Paulo/SP,FCC,Superior,https://www.pciconcursos.com.br/provas/download/assistente-de-suporte-tecnico-nivel-i-suporte-e-infraestrutura-eletrotecnica-prefeitura-sao-paulo-sp-fcc-2008
Assistente de Suporte Técnico Nível I - Suporte Técnico à Gestão - Contabilidade,2008,Pref. São Paulo/SP,FCC,Superior,https://www.pciconcursos.com.br/provas/download/assistente-de-suporte-tecnico-nivel-i-suporte-tecnico-a-gestao-contabilidade-prefeitura-sao-paulo-sp-fcc-2008
Assistente de Suporte Técnico Nível I - Suporte Técnico à Gestão - Contabilidade - IPREM,2008,Pref. São Paulo/SP,FCC,Superior,https://www.pciconcursos.com.br/provas/download/assistente-de-suporte-tecnico-nivel-i-suporte-tecnico-a-gestao-contabilidade-iprem-prefeitura-sao-paulo-sp-fcc-2008
Assistente Diretor de Escola,2011,SEE/SP,FCC,Superior,https://www.pciconcursos.com.br/provas/download/assistente-diretor-de-escola-see-sp-fcc-2011
Assistente Jurídico,2006,TCE/PB,FCC,Superior,https://www.pciconcursos.com.br/provas/download/assistente-juridico-tce-pb-fcc-2006
Assistente Social,2016,Pref. Campinas/SP,FCC,Superior,https://www.pciconcursos.com.br/provas/download/assistente-social-prefeitura-campinas-sp-fcc-2016
Assistente Social,2015,DPE/RR,FCC,Superior,https://www.pciconcursos.com.br/provas/download/assistente-social-dpe-rr-fcc-2015
Assistente Social,2008,MPE/RS,FCC,Superior,https://www.pciconcursos.com.br/provas/download/assistente-social-mpe-rs-fcc-2008
Assistente Social,2005,TRE/RN,FCC,Superior,https://www.pciconcursos.com.br/provas/download/assistente-social-tre-rn-fcc-2005
Assistente Social,2005,Pref. Santos/SP,FCC,Superior,https://www.pciconcursos.com.br/provas/download/prova-assistente-social-prefeitura-santos-sp-fcc-2005-97
Assistente Social,2005,UFT,FCC,Superior,https://www.pciconcursos.com.br/provas/download/assistente-social-uft-fcc-2005
Assistente Social,2005,Pref. Santos/SP,FCC,Superior,https://www.pciconcursos.com.br/provas/download/assistente-social-prefeitura-santos-sp-fcc-2005
Assistente Social,2005,SESAB/BA,FCC,Superior,https://www.pciconcursos.com.br/provas/download/assistente-social-sesab-ba-fcc-2005
Assistente Técnico Administrativo - Técnico Contábil,2016,Pref. Teresina/PI,FCC,Superior,https://www.pciconcursos.com.br/provas/download/assistente-tecnico-administrativo-tecnico-contabil-prefeitura-teresina-pi-fcc-2016
Assistente Técnico Administrativo - Técnico do Tesouro Municipal,2016,Pref. Teresina/PI,FCC,Superior,https://www.pciconcursos.com.br/provas/download/assistente-tecnico-administrativo-tecnico-do-tesouro-municipal-prefeitura-teresina-pi-fcc-2016
Assistente Técnico Administrativo - Técnico em Informática,2016,Pref. Teresina/PI,FCC,Superior,https://www.pciconcursos.com.br/provas/download/assistente-tecnico-administrativo-tecnico-em-informatica-prefeitura-teresina-pi-fcc-2016
Assistente Técnico de Infraestrutura -Técnico em Edificações,2016,Pref. Teresina/PI,FCC,Superior,https://www.pciconcursos.com.br/provas/download/assistente-tecnico-de-infraestrutura-tecnico-em-edificacoes-prefeitura-teresina-pi-fcc-2016
Assistente Técnico de Saúde - Técnico em Química,2016,Pref. Teresina/PI,FCC,Superior,https://www.pciconcursos.com.br/provas/download/assistente-tecnico-de-saude-tecnico-em-quimica-prefeitura-teresina-pi-fcc-2016
Assistente Técnico de Saúde - Técnico em Saneamento,2016,Pref. Teresina/PI,FCC,Superior,https://www.pciconcursos.com.br/provas/download/assistente-tecnico-de-saude-tecnico-em-saneamento-prefeitura-teresina-pi-fcc-2016
Assistente Tecnológico - Programador,2016,Pref. Teresina/PI,FCC,Superior,https://www.pciconcursos.com.br/provas/download/assistente-tecnologico-programador-prefeitura-teresina-pi-fcc-2016
Atividade Notarial e de Registro,2007,CGJ/ES,FCC,Superior,https://www.pciconcursos.com.br/provas/download/atividade-notarial-e-de-registro-cgj-es-fcc-2007
Atuário,2007,TCE/MG,FCC,Superior,https://www.pciconcursos.com.br/provas/download/atuario-tce-mg-fcc-2007
Auditor,2015,TCE/AM,FCC,Superior,https://www.pciconcursos.com.br/provas/download/auditor-tce-am-fcc-2015
Auditor,2013,TCE/SP,FCC,Superior,https://www.pciconcursos.com.br/provas/download/auditor-tce-sp-fcc-2013
Auditor,2008,TCE/AL,FCC,Superior,https://www.pciconcursos.com.br/provas/download/auditor-tce-al-fcc-2008
Auditor,2007,TCE/AM,FCC,Superior,https://www.pciconcursos.com.br/provas/download/auditor-tce-am-fcc-2007
Auditor,2006,TCM/CE,FCC,Superior,https://www.pciconcursos.com.br/provas/download/prova-auditor-tcm-ce-fcc-2006-48
Auditor,2006,TCE/CE,FCC,Superior,https://www.pciconcursos.com.br/provas/download/auditor-tce-ce-fcc-2006
Auditor,2006,TCM/CE,FCC,Superior,https://www.pciconcursos.com.br/provas/download/auditor-tcm-ce-fcc-2006
Auditor,2005,AGE/ES,FCC,Superior,https://www.pciconcursos.com.br/provas/download/auditor-age-es-fcc-2005
Auditor,2005,TCE/MG,FCC,Superior,https://www.pciconcursos.com.br/provas/download/prova-auditor-tce-mg-fcc-2005-94
Auditor,2005,TCE/MG,FCC,Superior,https://www.pciconcursos.com.br/provas/download/auditor-tce-mg-fcc-2005
Auditor - Substituto de Conselheiro,2015,TCM/RJ,FCC,Superior,https://www.pciconcursos.com.br/provas/download/auditor-substituto-de-conselheiro-tcm-rj-fcc-2015
Auditor Conselheiro Substituto,2015,TCM/GO,FCC,Superior,https://www.pciconcursos.com.br/provas/download/auditor-conselheiro-substituto-tcm-go-fcc-2015
Auditor Contábil,2002,TCE/PI,FCC,Superior,https://www.pciconcursos.com.br/provas/download/auditor-contabil-tce-pi-fcc-2002
Auditor Contábil,2002,TCE/SE,FCC,Superior,https://www.pciconcursos.com.br/provas/download/auditor-contabil-tce-se-fcc-2002
Auditor de Contas Públicas,2006,TCE/PB,FCC,Superior,https://www.pciconcursos.com.br/provas/download/auditor-de-contas-publicas-tce-pb-fcc-2006
Auditor de Contas Públicas - Direito,2006,TCE/PB,FCC,Superior,https://www.pciconcursos.com.br/provas/download/auditor-de-contas-publicas-direito-tce-pb-fcc-2006
Auditor de Contas Públicas - Engenharia Civil,2006,TCE/PB,FCC,Superior,https://www.pciconcursos.com.br/provas/download/auditor-de-contas-publicas-engenharia-civil-tce-pb-fcc-2006
Auditor de Contas Públicas - Informática,2006,TCE/PB,FCC,Superior,https://www.pciconcursos.com.br/provas/download/auditor-de-contas-publicas-informatica-tce-pb-fcc-2006
Auditor de Controle Externo - Analista de Sistemas,2005,TCE/PI,FCC,Superior,https://www.pciconcursos.com.br/provas/download/auditor-de-controle-externo-analista-de-sistemas-tce-pi-fcc-2005
Auditor de Controle Externo - Área Finalística Contábil,2015,TCM/GO,FCC,Superior,https://www.pciconcursos.com.br/provas/download/auditor-de-controle-externo-area-finalistica-contabil-tcm-go-fcc-2015-58
Auditor de Controle Externo - Área Finalística Controle Externo,2015,TCM/GO,FCC,Superior,https://www.pciconcursos.com.br/provas/download/auditor-de-controle-externo-area-finalistica-controle-externo-tcm-go-fcc-2015
Auditor de Controle Externo - Área Finalística Engenharia,2015,TCM/GO,FCC,Superior,https://www.pciconcursos.com.br/provas/download/auditor-de-controle-externo-area-finalistica-engenharia-tcm-go-fcc-2015
Auditor de Controle Externo - Área Finalística Informática,2015,TCM/GO,FCC,Superior,https://www.pciconcursos.com.br/provas/download/auditor-de-controle-externo-area-finalistica-informatica-tcm-go-fcc-2015
Auditor de Controle Externo - Área Finalística Jurídica,2015,TCM/GO,FCC,Superior,https://www.pciconcursos.com.br/provas/download/auditor-de-controle-externo-area-finalistica-juridica-tcm-go-fcc-2015
Auditor de Controle Externo - Engenharia Civil,2005,TCE/PI,FCC,Superior,https://www.pciconcursos.com.br/provas/download/auditor-de-controle-externo-engenharia-civil-tce-pi-fcc-2005
Auditor de Controle Interno - Abrangência Geral,2015,Pref. São Luís/MA,FCC,Superior,https://www.pciconcursos.com.br/provas/download/auditor-de-controle-interno-abrangencia-geral-prefeitura-sao-luis-ma-fcc-2015
Auditor de Controle Interno - Engenharia Civil,2015,Pref. São Luís/MA,FCC,Superior,https://www.pciconcursos.com.br/provas/download/auditor-de-controle-interno-engenharia-civil-prefeitura-sao-luis-ma-fcc-2015
Auditor de Controle Interno - Engenharia Elétrica,2015,Pref. São Luís/MA,FCC,Superior,https://www.pciconcursos.com.br/provas/download/auditor-de-controle-interno-engenharia-eletrica-prefeitura-sao-luis-ma-fcc-2015
Auditor de Controle Interno - Tecnologia da Informação,2015,Pref. São Luís/MA,FCC,Superior,https://www.pciconcursos.com.br/provas/download/auditor-de-controle-interno-tecnologia-da-informacao-prefeitura-sao-luis-ma-fcc-2015
Auditor de Tributos,2006,Pref. Jaboatão dos Guararapes/PE,FCC,Superior,https://www.pciconcursos.com.br/provas/download/auditor-de-tributos-prefeitura-jaboatao-dos-guararapes-pe-fcc-2006
Auditor do Tribunal de Contas,2008,TCE/SP,FCC,Superior,https://www.pciconcursos.com.br/provas/download/auditor-do-tribunal-de-contas-tce-sp-fcc-2008
Auditor Enfermeiro,2005,SESAB/BA,FCC,Superior,https://www.pciconcursos.com.br/provas/download/auditor-enfermeiro-sesab-ba-fcc-2005
Auditor Farmacêutico,2005,SESAB/BA,FCC,Superior,https://www.pciconcursos.com.br/provas/download/auditor-farmaceutico-sesab-ba-fcc-2005
Auditor Financeiro,2005,SESAB/BA,FCC,Superior,https://www.pciconcursos.com.br/provas/download/auditor-financeiro-sesab-ba-fcc-2005
Auditor Fiscal da Fazenda Estadual,2015,SEFAZ/PI,FCC,Superior,https://www.pciconcursos.com.br/provas/download/auditor-fiscal-da-fazenda-estadual-sefaz-pi-fcc-2015
Auditor Fiscal da Receita Estadual,2006,SEFAZ/PB,FCC,Superior,https://www.pciconcursos.com.br/provas/download/auditor-fiscal-da-receita-estadual-sefaz-pb-fcc-2006
Auditor Fiscal da Receita Estadual - 3ª Categoria,2014,SEFAZ/RJ,FCC,Superior,https://www.pciconcursos.com.br/provas/download/auditor-fiscal-da-receita-estadual-3-categoria-sefaz-rj-fcc-2014
Auditor Fiscal da Receita Estadual - Administração Tributária,2016,SEFAZ - SEGEP/MA,FCC,Superior,https://www.pciconcursos.com.br/provas/download/auditor-fiscal-da-receita-estadual-administracao-tributaria-sefaz-segep-ma-fcc-2016
Auditor Fiscal da Receita Estadual - Classe I,2006,SEFAZ/PB,FCC,Superior,https://www.pciconcursos.com.br/provas/download/auditor-fiscal-da-receita-estadual-classe-i-sefaz-pb-fcc-2006
Auditor Fiscal da Receita Estadual - Nível I - Auditoria e Fiscalização,2018,SEFAZ/SC,FCC,Superior,https://www.pciconcursos.com.br/provas/download/auditor-fiscal-da-receita-estadual-nivel-i-auditoria-e-fiscalizacao-sefaz-sc-fcc-2018
Auditor Fiscal da Receita Municipal,2016,Pref. Teresina/PI,FCC,Superior,https://www.pciconcursos.com.br/provas/download/auditor-fiscal-da-receita-municipal-prefeitura-teresina-pi-fcc-2016
Auditor Fiscal de Controle Externo,2014,TCE/PI,FCC,Superior,https://www.pciconcursos.com.br/provas/download/auditor-fiscal-de-controle-externo-tce-pi-fcc-2014
Auditor Fiscal de Tributos Estaduais,2010,SEFIN/RO,FCC,Superior,https://www.pciconcursos.com.br/provas/download/auditor-fiscal-de-tributos-estaduais-sefin-ro-fcc-2010
Auditor Fiscal de Tributos I - Área Abrangência Geral,2018,Pref. São Luís/MA,FCC,Superior,https://www.pciconcursos.com.br/provas/download/auditor-fiscal-de-tributos-i-area-abrangencia-geral-prefeitura-sao-luis-ma-fcc-2018
Auditor Fiscal de Tributos I - Área Abrangência Tecnologia da Informação TI,2018,Pref. São Luís/MA,FCC,Superior,https://www.pciconcursos.com.br/provas/download/auditor-fiscal-de-tributos-i-area-abrangencia-tecnologia-da-informacao-ti-prefeitura-sao-luis-ma-fcc-2018
Auditor Fiscal do Tesouro Estadual,2014,SEFAZ/PE,FCC,Superior,https://www.pciconcursos.com.br/provas/download/auditor-fiscal-do-tesouro-estadual-sefaz-pe-fcc-2014
Auditor Fiscal Tributário Municipal,2019,Pref. São José do Rio Preto/SP,FCC,Superior,https://www.pciconcursos.com.br/provas/download/auditor-fiscal-tributario-municipal-prefeitura-sao-jose-do-rio-preto-sp-fcc-2019
Auditor Fiscal Tributário Municipal,2007,Pref. São Paulo/SP,FCC,Superior,https://www.pciconcursos.com.br/provas/download/auditor-fiscal-tributario-municipal-prefeitura-sao-paulo-sp-fcc-2007
Auditor Fiscal Tributário Municipal I,2012,Pref. São Paulo/SP,FCC,Superior,https://www.pciconcursos.com.br/provas/download/auditor-fiscal-tributario-municipal-i-prefeitura-sao-paulo-sp-fcc-2012
Auditor Odontólogo,2005,SESAB/BA,FCC,Superior,https://www.pciconcursos.com.br/provas/download/auditor-odontologo-sesab-ba-fcc-2005
Auditor Público Externo - Engenharia Civil,2014,TCE/RS,FCC,Superior,https://www.pciconcursos.com.br/provas/download/auditor-publico-externo-engenharia-civil-tce-rs-fcc-2014
Auditor Substituto de Conselheiro,2010,TCE/RO,FCC,Superior,https://www.pciconcursos.com.br/provas/download/auditor-substituto-de-conselheiro-tce-ro-fcc-2010
Auditor Tributário,2006,Pref. Jaboatão dos Guararapes/PE,FCC,Superior,https://www.pciconcursos.com.br/provas/download/auditor-tributario-prefeitura-jaboatao-dos-guararapes-pe-fcc-2006
Auxliar de Fiscalização Financeira V,2005,TCE/SP,FCC,Superior,https://www.pciconcursos.com.br/provas/download/auxliar-de-fiscalizacao-financeira-v-tce-sp-fcc-2005
Bibliotecário,2014,TCE/PI,FCC,Superior,https://www.pciconcursos.com.br/provas/download/bibliotecario-tce-pi-fcc-2014
Bibliotecário,2012,FPET/SP,FCC,Superior,https://www.pciconcursos.com.br/provas/download/bibliotecario-fpet-sp-fcc-2012
Bibliotecário,2009,ENAP/DF,FCC,Superior,https://www.pciconcursos.com.br/provas/download/bibliotecario-enap-df-fcc-2009
Bibliotecário,2008,TCE/AL,FCC,Superior,https://www.pciconcursos.com.br/provas/download/bibliotecario-tce-al-fcc-2008
Bibliotecário,2006,TCE/PB,FCC,Superior,https://www.pciconcursos.com.br/provas/download/bibliotecario-tce-pb-fcc-2006
Bibliotecário - Documentalista,2005,UFT,FCC,Superior,https://www.pciconcursos.com.br/provas/download/bibliotecario-documentalista-uft-fcc-2005
Biblioteconomista,2015,DPE/RR,FCC,Superior,https://www.pciconcursos.com.br/provas/download/biblioteconomista-dpe-rr-fcc-2015
Bioestatística,2013,FHEMIG,FCC,Superior,https://www.pciconcursos.com.br/provas/download/bioestatistica-fhemig-fcc-2013
Biólogo,2019,Pref. São José do Rio Preto/SP,FCC,Superior,https://www.pciconcursos.com.br/provas/download/biologo-prefeitura-sao-jose-do-rio-preto-sp-fcc-2019
Biólogo,2014,SABESP,FCC,Superior,https://www.pciconcursos.com.br/provas/download/biologo-sabesp-fcc-2014
Biólogo,2012,SABESP,FCC,Superior,https://www.pciconcursos.com.br/provas/download/biologo-sabesp-fcc-2012
Biólogo,2008,MPE/RS,FCC,Superior,https://www.pciconcursos.com.br/provas/download/biologo-mpe-rs-fcc-2008
Biólogo,2005,UFT,FCC,Superior,https://www.pciconcursos.com.br/provas/download/biologo-uft-fcc-2005
Biomédico,2019,Pref. São José do Rio Preto/SP,FCC,Superior,https://www.pciconcursos.com.br/provas/download/biomedico-prefeitura-sao-jose-do-rio-preto-sp-fcc-2019
Ciências Biológicas,2013,FHEMIG,FCC,Superior,https://www.pciconcursos.com.br/provas/download/ciencias-biologicas-fhemig-fcc-2013
Cirurgião Dentista,2019,Pref. São José do Rio Preto/SP,FCC,Superior,https://www.pciconcursos.com.br/provas/download/cirurgiao-dentista-prefeitura-sao-jose-do-rio-preto-sp-fcc-2019
Cirurgião-Dentista - Clínico Geral,2005,Pref. Santos/SP,FCC,Superior,https://www.pciconcursos.com.br/provas/download/cirurgiao-dentista-clinico-geral-prefeitura-santos-sp-fcc-2005
Cirurgião-Dentista Estomatologista,2005,Pref. Santos/SP,FCC,Superior,https://www.pciconcursos.com.br/provas/download/cirurgiao-dentista-estomatologista-prefeitura-santos-sp-fcc-2005
Cirurgião-Dentista Periodontista,2005,Pref. Santos/SP,FCC,Superior,https://www.pciconcursos.com.br/provas/download/cirurgiao-dentista-periodontista-prefeitura-santos-sp-fcc-2005
Conselheiro Substituto - Auditor,2015,TCE/CE,FCC,Superior,https://www.pciconcursos.com.br/provas/download/conselheiro-substituto-auditor-tce-ce-fcc-2015
Consultor Legislativo,2013,Assembleia Legislativa/PB,FCC,Superior,https://www.pciconcursos.com.br/provas/download/consultor-legislativo-assembleia-legislativa-pb-fcc-2013
Consultor Técnico Legislativo - Biblioteconomia,2014,Câmara de São Paulo/SP,FCC,Superior,https://www.pciconcursos.com.br/provas/download/consultor-tecnico-legislativo-biblioteconomia-camara-de-sao-paulo-sp-fcc-2014
Consultor Técnico Legislativo - Informática,2014,Câmara de São Paulo/SP,FCC,Superior,https://www.pciconcursos.com.br/provas/download/consultor-tecnico-legislativo-informatica-camara-de-sao-paulo-sp-fcc-2014
Consultor Técnico Legislativo - Odontologia,2014,Câmara de São Paulo/SP,FCC,Superior,https://www.pciconcursos.com.br/provas/download/consultor-tecnico-legislativo-odontologia-camara-de-sao-paulo-sp-fcc-2014
Consultor Técnico Legislativo - Registro e Revisão,2014,Câmara de São Paulo/SP,FCC,Superior,https://www.pciconcursos.com.br/provas/download/consultor-tecnico-legislativo-registro-e-revisao-camara-de-sao-paulo-sp-fcc-2014
Contador,2015,DPE/RR,FCC,Superior,https://www.pciconcursos.com.br/provas/download/contador-dpe-rr-fcc-2015
Contador,2011,Nossa Caixa,FCC,Superior,https://www.pciconcursos.com.br/provas/download/contador-nossa-caixa-fcc-2011
Contador,2010,DNOCS,FCC,Superior,https://www.pciconcursos.com.br/provas/download/contador-dnocs-fcc-2010
Contador,2010,SERGIPE GÁS,FCC,Superior,https://www.pciconcursos.com.br/provas/download/contador-sergipe-gas-fcc-2010
Contador,2005,UFT,FCC,Superior,https://www.pciconcursos.com.br/provas/download/contador-uft-fcc-2005
Contador,2005,Pref. Santos/SP,FCC,Superior,https://www.pciconcursos.com.br/provas/download/prova-contador-prefeitura-santos-sp-fcc-2005-62
Contador,2005,CEAL,FCC,Superior,https://www.pciconcursos.com.br/provas/download/contador-ceal-fcc-2005
Contador,2005,Pref. Santos/SP,FCC,Superior,https://www.pciconcursos.com.br/provas/download/contador-prefeitura-santos-sp-fcc-2005
Coordenador Pedagógico,2011,Pref. São Paulo/SP,FCC,Superior,https://www.pciconcursos.com.br/provas/download/coordenador-pedagogico-prefeitura-sao-paulo-sp-fcc-2011
Coordenador Pedagógico,2011,SEE/SP,FCC,Superior,https://www.pciconcursos.com.br/provas/download/coordenador-pedagogico-see-sp-fcc-2011
Coordenador Pedagógico,2009,Pref. São Paulo/SP,FCC,Superior,https://www.pciconcursos.com.br/provas/download/coordenador-pedagogico-prefeitura-sao-paulo-sp-fcc-2009
Coordenador Pedagógico,2007,Pref. São Paulo/SP,FCC,Superior,https://www.pciconcursos.com.br/provas/download/coordenador-pedagogico-prefeitura-sao-paulo-sp-fcc-2007
Curso Intensivo de Formação,2010,SEE/ES,FCC,Superior,https://www.pciconcursos.com.br/provas/download/curso-intensivo-de-formacao-see-es-fcc-2010
Defensor Público,2016,DPE/BA,FCC,Superior,https://www.pciconcursos.com.br/provas/download/defensor-publico-dpe-ba-fcc-2016
Defensor Público,2015,DPE/MA,FCC,Superior,https://www.pciconcursos.com.br/provas/download/defensor-publico-dpe-ma-fcc-2015
Defensor Público,2015,DPE/SP,FCC,Superior,https://www.pciconcursos.com.br/provas/download/defensor-publico-dpe-sp-fcc-2015
Defensor Público,2014,DPE/PB,FCC,Superior,https://www.pciconcursos.com.br/provas/download/defensor-publico-dpe-pb-fcc-2014
Defensor Público,2014,DPE/ RS,FCC,Superior,https://www.pciconcursos.com.br/provas/download/defensor-publico-dpe-rs-fcc-2014
Defensor Público,2013,DPE/AM,FCC,Superior,https://www.pciconcursos.com.br/provas/download/defensor-publico-dpe-am-fcc-2013
Defensor Público,2013,DPE/SP,FCC,Superior,https://www.pciconcursos.com.br/provas/download/defensor-publico-dpe-sp-fcc-2013
Defensor Público,2012,DPE/SP,FCC,Superior,https://www.pciconcursos.com.br/provas/download/defensor-publico-dpe-sp-fcc-2012
Defensor Público,2012,DPE/PR,FCC,Superior,https://www.pciconcursos.com.br/provas/download/defensor-publico-dpe-pr-fcc-2012
Defensor Público,2010,DPE/SP,FCC,Superior,https://www.pciconcursos.com.br/provas/download/defensor-publico-dpe-sp-fcc-2010
Defensor Público,2009,DPE/SP,FCC,Superior,https://www.pciconcursos.com.br/provas/download/defensor-publico-dpe-sp-fcc-2009
Defensor Público,2009,DPE/PA,FCC,Superior,https://www.pciconcursos.com.br/provas/download/defensor-publico-dpe-pa-fcc-2009
Defensor Público,2009,DPE/MA,FCC,Superior,https://www.pciconcursos.com.br/provas/download/defensor-publico-dpe-ma-fcc-2009
Defensor Público,2007,DPE/SP,FCC,Superior,https://www.pciconcursos.com.br/provas/download/defensor-publico-dpe-sp-fcc-2007
Defensor Público,2006,DPE/SP,FCC,Superior,https://www.pciconcursos.com.br/provas/download/defensor-publico-dpe-sp-fcc-2006
Defensor Público 1ª classe,2003,DPE/MA,FCC,Superior,https://www.pciconcursos.com.br/provas/download/defensor-publico-1-classe-dpe-ma-fcc-2003
Defensor Público de Classe Inicial,2011,DPE/RS,FCC,Superior,https://www.pciconcursos.com.br/provas/download/defensor-publico-de-classe-inicial-dpe-rs-fcc-2011
Defensor Público de Entrância Inicial,2014,DPE/ CE,FCC,Superior,https://www.pciconcursos.com.br/provas/download/defensor-publico-de-entrancia-inicial-dpe-ce-fcc-2014
Defensor Público Substituto,2009,DPE/MT,FCC,Superior,https://www.pciconcursos.com.br/provas/download/defensor-publico-substituto-dpe-mt-fcc-2009
Defensor(a) Público(a) de Estância Inicial,2022,DPE/CE,FCC,Superior,https://www.pciconcursos.com.br/provas/download/defensor-a-publico-a-de-estancia-inicial-dpe-ce-fcc-2022
Delegado de Polícia,2006,Polícia Civil/MA,FCC,Superior,https://www.pciconcursos.com.br/provas/download/delegado-de-policia-policia-civil-ma-fcc-2006
Dentista,2005,Pref. Santos/SP,FCC,Superior,https://www.pciconcursos.com.br/provas/download/dentista-prefeitura-santos-sp-fcc-2005
Diretor de Escola,2009,Pref. São Paulo/SP,FCC,Superior,https://www.pciconcursos.com.br/provas/download/diretor-de-escola-prefeitura-sao-paulo-sp-fcc-2009
Diretor de Escolar,2011,SEE/SP,FCC,Superior,https://www.pciconcursos.com.br/provas/download/diretor-de-escolar-see-sp-fcc-2011
Diretor Educacional,2016,Pref. Campinas/SP,FCC,Superior,https://www.pciconcursos.com.br/provas/download/diretor-educacional-prefeitura-campinas-sp-fcc-2016
Economia,2013,FHEMIG,FCC,Superior,https://www.pciconcursos.com.br/provas/download/economia-fhemig-fcc-2013
Economista,2010,DNOCS,FCC,Superior,https://www.pciconcursos.com.br/provas/download/economista-dnocs-fcc-2010
Economista,2010,SERGIPE GÁS,FCC,Superior,https://www.pciconcursos.com.br/provas/download/economista-sergipe-gas-fcc-2010
Economista,2005,Pref. Santos/SP,FCC,Superior,https://www.pciconcursos.com.br/provas/download/prova-economista-prefeitura-santos-sp-fcc-2005-64
Economista,2005,CEAL,FCC,Superior,https://www.pciconcursos.com.br/provas/download/economista-ceal-fcc-2005
Economista,2005,Pref. Santos/SP,FCC,Superior,https://www.pciconcursos.com.br/provas/download/economista-prefeitura-santos-sp-fcc-2005
Educação Física,2013,FHEMIG,FCC,Superior,https://www.pciconcursos.com.br/provas/download/educacao-fisica-fhemig-fcc-2013
Enfermeiro,2019,Pref. São José do Rio Preto/SP,FCC,Superior,https://www.pciconcursos.com.br/provas/download/enfermeiro-prefeitura-sao-jose-do-rio-preto-sp-fcc-2019
Enfermeiro,2014,TCE/PI,FCC,Superior,https://www.pciconcursos.com.br/provas/download/enfermeiro-tce-pi-fcc-2014
Enfermeiro,2006,TCE/PB,FCC,Superior,https://www.pciconcursos.com.br/provas/download/enfermeiro-tce-pb-fcc-2006
Enfermeiro,2005,UFT,FCC,Superior,https://www.pciconcursos.com.br/provas/download/enfermeiro-uft-fcc-2005
Enfermeiro,2005,Pref. Santos/SP,FCC,Superior,https://www.pciconcursos.com.br/provas/download/enfermeiro-prefeitura-santos-sp-fcc-2005
Enfermeiro,2005,SESAB/BA,FCC,Superior,https://www.pciconcursos.com.br/provas/download/enfermeiro-sesab-ba-fcc-2005
Enfermeiro do Trabalho,2014,SABESP,FCC,Superior,https://www.pciconcursos.com.br/provas/download/enfermeiro-do-trabalho-sabesp-fcc-2014
Enfermeiro do Trabalho,2014,METRÔ/SP,FCC,Superior,https://www.pciconcursos.com.br/provas/download/enfermeiro-do-trabalho-metro-sp-fcc-2014
Enfermeiro do Trabalho,2012,Banco do Brasil,FCC,Superior,https://www.pciconcursos.com.br/provas/download/enfermeiro-do-trabalho-banco-do-brasil-fcc-2012
Enfermeiro do Trabalho,2009,METRÔ/SP,FCC,Superior,https://www.pciconcursos.com.br/provas/download/enfermeiro-do-trabalho-metro-sp-fcc-2009
Enfermeiro do Trabalho,2005,Pref. Santos/SP,FCC,Superior,https://www.pciconcursos.com.br/provas/download/prova-enfermeiro-do-trabalho-prefeitura-santos-sp-fcc-2005-35
Enfermeiro do Trabalho,2005,Pref. Santos/SP,FCC,Superior,https://www.pciconcursos.com.br/provas/download/enfermeiro-do-trabalho-prefeitura-santos-sp-fcc-2005
Enfermeiro Geral,2005,Pref. Santos/SP,FCC,Superior,https://www.pciconcursos.com.br/provas/download/enfermeiro-geral-prefeitura-santos-sp-fcc-2005
Engenheiro,2010,DNOCS,FCC,Superior,https://www.pciconcursos.com.br/provas/download/engenheiro-dnocs-fcc-2010
Engenheiro - Civil,2018,SABESP,FCC,Superior,https://www.pciconcursos.com.br/provas/download/engenheiro-civil-sabesp-fcc-2018
Engenheiro - Elétrica,2018,SABESP,FCC,Superior,https://www.pciconcursos.com.br/provas/download/engenheiro-eletrica-sabesp-fcc-2018
Engenheiro - Mecânica,2016,Pref. Campinas/SP,FCC,Superior,https://www.pciconcursos.com.br/provas/download/engenheiro-mecanica-prefeitura-campinas-sp-fcc-2016
Engenheiro - Mecatrônica,2014,SABESP,FCC,Superior,https://www.pciconcursos.com.br/provas/download/engenheiro-mecatronica-sabesp-fcc-2014
Engenheiro Agrimensor,2014,SABESP,FCC,Superior,https://www.pciconcursos.com.br/provas/download/engenheiro-agrimensor-sabesp-fcc-2014
Engenheiro Agrônomo,2019,Pref. São José do Rio Preto/SP,FCC,Superior,https://www.pciconcursos.com.br/provas/download/engenheiro-agronomo-prefeitura-sao-jose-do-rio-preto-sp-fcc-2019
Engenheiro Agrônomo,2019,Pref. São José do Rio Preto/SP,FCC,Superior,https://www.pciconcursos.com.br/provas/download/engenheiro-agronomo-prefeitura-sao-jose-do-rio-preto-sp-fcc-2019-91
Engenheiro Agrônomo,2005,SEPO/MA,FCC,Superior,https://www.pciconcursos.com.br/provas/download/engenheiro-agronomo-sepo-ma-fcc-2005
Engenheiro Agrônomo,2005,UFT,FCC,Superior,https://www.pciconcursos.com.br/provas/download/engenheiro-agronomo-uft-fcc-2005
Engenheiro Ambiental,2014,SABESP,FCC,Superior,https://www.pciconcursos.com.br/provas/download/engenheiro-ambiental-sabesp-fcc-2014
Engenheiro Área 1,2010,DNOCS,FCC,Superior,https://www.pciconcursos.com.br/provas/download/engenheiro-area-1-dnocs-fcc-2010
Engenheiro Área 2,2010,DNOCS,FCC,Superior,https://www.pciconcursos.com.br/provas/download/engenheiro-area-2-dnocs-fcc-2010
Engenheiro Área 3,2010,DNOCS,FCC,Superior,https://www.pciconcursos.com.br/provas/download/engenheiro-area-3-dnocs-fcc-2010
Engenheiro Área 4,2010,DNOCS,FCC,Superior,https://www.pciconcursos.com.br/provas/download/engenheiro-area-4-dnocs-fcc-2010
Engenheiro Área 5,2010,DNOCS,FCC,Superior,https://www.pciconcursos.com.br/provas/download/engenheiro-area-5-dnocs-fcc-2010
Engenheiro Civil,2019,Pref. São José do Rio Preto/SP,FCC,Superior,https://www.pciconcursos.com.br/provas/download/engenheiro-civil-prefeitura-sao-jose-do-rio-preto-sp-fcc-2019
Engenheiro Civil,2016,COPERGÁS,FCC,Superior,https://www.pciconcursos.com.br/provas/download/engenheiro-civil-copergas-fcc-2016
Engenheiro Civil,2016,Copergás,FCC,Superior,https://www.pciconcursos.com.br/provas/download/engenheiro-civil-copergas-fcc-2016-39
Engenheiro Civil,2015,DPE/RR,FCC,Superior,https://www.pciconcursos.com.br/provas/download/engenheiro-civil-dpe-rr-fcc-2015
Engenheiro Civil,2014,SABESP,FCC,Superior,https://www.pciconcursos.com.br/provas/download/engenheiro-civil-sabesp-fcc-2014
Engenheiro Civil,2013,Sergipe Gás S/A,FCC,Superior,https://www.pciconcursos.com.br/provas/download/engenheiro-civil-sergipe-gas-s-a-fcc-2013
Engenheiro Civil,2013,CAIXA,FCC,Superior,https://www.pciconcursos.com.br/provas/download/engenheiro-civil-caixa-fcc-2013
Engenheiro Civil,2011,COPERGÁS,FCC,Superior,https://www.pciconcursos.com.br/provas/download/engenheiro-civil-copergas-fcc-2011
Engenheiro Civil,2007,PBGÁS,FCC,Superior,https://www.pciconcursos.com.br/provas/download/engenheiro-civil-pbgas-fcc-2007
Engenheiro Civil,2005,UFT,FCC,Superior,https://www.pciconcursos.com.br/provas/download/engenheiro-civil-uft-fcc-2005
Engenheiro de Segurança,2013,Sergipe Gás S/A,FCC,Superior,https://www.pciconcursos.com.br/provas/download/engenheiro-de-seguranca-sergipe-gas-s-a-fcc-2013
Engenheiro de Segurança do Trabalho,2014,SABESP,FCC,Superior,https://www.pciconcursos.com.br/provas/download/engenheiro-de-seguranca-do-trabalho-sabesp-fcc-2014
Engenheiro de Segurança do Trabalho,2012,Metrô/SP,FCC,Superior,https://www.pciconcursos.com.br/provas/download/engenheiro-de-seguranca-do-trabalho-metro-sp-fcc-2012
Engenheiro de Segurança do Trabalho,2012,Banco do Brasil,FCC,Superior,https://www.pciconcursos.com.br/provas/download/engenheiro-de-seguranca-do-trabalho-banco-do-brasil-fcc-2012
Engenheiro de Segurança do Trabalho I,2012,SABESP,FCC,Superior,https://www.pciconcursos.com.br/provas/download/engenheiro-de-seguranca-do-trabalho-i-sabesp-fcc-2012
Engenheiro Eletricista,2019,Pref. São José do Rio Preto/SP,FCC,Superior,https://www.pciconcursos.com.br/provas/download/engenheiro-eletricista-prefeitura-sao-jose-do-rio-preto-sp-fcc-2019
Engenheiro Eletricista,2005,CEAL,FCC,Superior,https://www.pciconcursos.com.br/provas/download/engenheiro-eletricista-ceal-fcc-2005
Engenheiro Elétrico,2018,EMAE,FCC,Superior,https://www.pciconcursos.com.br/provas/download/engenheiro-eletrico-emae-fcc-2018
Engenheiro Elétrico,2014,SABESP,FCC,Superior,https://www.pciconcursos.com.br/provas/download/engenheiro-eletrico-sabesp-fcc-2014
Engenheiro Elétrico,2007,PBGÁS,FCC,Superior,https://www.pciconcursos.com.br/provas/download/engenheiro-eletrico-pbgas-fcc-2007
Engenheiro Elétrico/ Mecatrônico,2015,DPE/RR,FCC,Superior,https://www.pciconcursos.com.br/provas/download/engenheiro-eletrico-mecatronico-dpe-rr-fcc-2015
Engenheiro Florestal,2005,SEPO/MA,FCC,Superior,https://www.pciconcursos.com.br/provas/download/engenheiro-florestal-sepo-ma-fcc-2005
Engenheiro I - Ambiental,2012,SABESP,FCC,Superior,https://www.pciconcursos.com.br/provas/download/engenheiro-i-ambiental-sabesp-fcc-2012
Engenheiro I - Civil,2012,SABESP,FCC,Superior,https://www.pciconcursos.com.br/provas/download/engenheiro-i-civil-sabesp-fcc-2012
Engenheiro I - Civil / Hidráulica / Sanitária / Ambiental - Especialização em Hidrologia,2012,SABESP,FCC,Superior,https://www.pciconcursos.com.br/provas/download/engenheiro-i-civil-hidraulica-sanitaria-ambiental-especializacao-em-hidrologia-sabesp-fcc-2012
Engenheiro I - Civil/Especialização em Geotecnia,2012,SABESP,FCC,Superior,https://www.pciconcursos.com.br/provas/download/engenheiro-i-civil-especializacao-em-geotecnia-sabesp-fcc-2012
Engenheiro I - Elétrica,2012,SABESP,FCC,Superior,https://www.pciconcursos.com.br/provas/download/engenheiro-i-eletrica-sabesp-fcc-2012
Engenheiro I - Eletrônica,2012,SABESP,FCC,Superior,https://www.pciconcursos.com.br/provas/download/engenheiro-i-eletronica-sabesp-fcc-2012
Engenheiro I - Florestal,2012,SABESP,FCC,Superior,https://www.pciconcursos.com.br/provas/download/engenheiro-i-florestal-sabesp-fcc-2012
Engenheiro I - Materiais,2012,SABESP,FCC,Superior,https://www.pciconcursos.com.br/provas/download/engenheiro-i-materiais-sabesp-fcc-2012
Engenheiro I - Mecânica,2012,SABESP,FCC,Superior,https://www.pciconcursos.com.br/provas/download/engenheiro-i-mecanica-sabesp-fcc-2012
Engenheiro I - Produção,2012,SABESP,FCC,Superior,https://www.pciconcursos.com.br/provas/download/engenheiro-i-producao-sabesp-fcc-2012
Engenheiro I - Sanitarista,2012,SABESP,FCC,Superior,https://www.pciconcursos.com.br/provas/download/engenheiro-i-sanitarista-sabesp-fcc-2012
Engenheiro Júnior - Ambiental,2010,METRÔ/SP,FCC,Superior,https://www.pciconcursos.com.br/provas/download/engenheiro-junior-ambiental-metro-sp-fcc-2010
Engenheiro Júnior - Civil,2010,METRÔ/SP,FCC,Superior,https://www.pciconcursos.com.br/provas/download/engenheiro-junior-civil-metro-sp-fcc-2010
Engenheiro Júnior - Elétrica,2014,METRÔ/SP,FCC,Superior,https://www.pciconcursos.com.br/provas/download/engenheiro-junior-eletrica-metro-sp-fcc-2014
Engenheiro Júnior - Elétrica,2010,METRÔ/SP,FCC,Superior,https://www.pciconcursos.com.br/provas/download/engenheiro-junior-eletrica-metro-sp-fcc-2010
Engenheiro Júnior - Eletrônica,2014,METRÔ/SP,FCC,Superior,https://www.pciconcursos.com.br/provas/download/engenheiro-junior-eletronica-metro-sp-fcc-2014
Engenheiro Júnior - Eletrônica,2010,METRÔ/SP,FCC,Superior,https://www.pciconcursos.com.br/provas/download/engenheiro-junior-eletronica-metro-sp-fcc-2010
Engenheiro Júnior - Materiais,2014,METRÔ/SP,FCC,Superior,https://www.pciconcursos.com.br/provas/download/engenheiro-junior-materiais-metro-sp-fcc-2014
Engenheiro Júnior - Mecânica,2014,METRÔ/SP,FCC,Superior,https://www.pciconcursos.com.br/provas/download/engenheiro-junior-mecanica-metro-sp-fcc-2014
Engenheiro Júnior - Mecânica,2010,METRÔ/SP,FCC,Superior,https://www.pciconcursos.com.br/provas/download/engenheiro-junior-mecanica-metro-sp-fcc-2010
Engenheiro Júnior - Química,2010,METRÔ/SP,FCC,Superior,https://www.pciconcursos.com.br/provas/download/engenheiro-junior-quimica-metro-sp-fcc-2010
Engenheiro Júnior - Segurança do Trabalho,2010,METRÔ/SP,FCC,Superior,https://www.pciconcursos.com.br/provas/download/engenheiro-junior-seguranca-do-trabalho-metro-sp-fcc-2010
Engenheiro Júnior Ambiental,2014,METRÔ/SP,FCC,Superior,https://www.pciconcursos.com.br/provas/download/engenheiro-junior-ambiental-metro-sp-fcc-2014
Engenheiro Júnior Ambiental,2012,Metrô/SP,FCC,Superior,https://www.pciconcursos.com.br/provas/download/engenheiro-junior-ambiental-metro-sp-fcc-2012
Engenheiro Júnior Civil,2014,METRÔ/SP,FCC,Superior,https://www.pciconcursos.com.br/provas/download/engenheiro-junior-civil-metro-sp-fcc-2014
Engenheiro Júnior Civil,2012,Metrô/SP,FCC,Superior,https://www.pciconcursos.com.br/provas/download/engenheiro-junior-civil-metro-sp-fcc-2012
Engenheiro Júnior Elétrica,2012,Metrô/SP,FCC,Superior,https://www.pciconcursos.com.br/provas/download/engenheiro-junior-eletrica-metro-sp-fcc-2012
Engenheiro Júnior Eletrônica,2012,Metrô/SP,FCC,Superior,https://www.pciconcursos.com.br/provas/download/engenheiro-junior-eletronica-metro-sp-fcc-2012
Engenheiro Júnior Mecânica,2012,Metrô/SP,FCC,Superior,https://www.pciconcursos.com.br/provas/download/engenheiro-junior-mecanica-metro-sp-fcc-2012
Engenheiro Mecânico,2016,COPERGÁS,FCC,Superior,https://www.pciconcursos.com.br/provas/download/engenheiro-mecanico-copergas-fcc-2016
Engenheiro Mecânico,2016,Copergás,FCC,Superior,https://www.pciconcursos.com.br/provas/download/engenheiro-mecanico-copergas-fcc-2016-93
Engenheiro Mecânico,2014,SABESP,FCC,Superior,https://www.pciconcursos.com.br/provas/download/engenheiro-mecanico-sabesp-fcc-2014
Engenheiro Mecânico,2013,Sergipe Gás S/A,FCC,Superior,https://www.pciconcursos.com.br/provas/download/engenheiro-mecanico-sergipe-gas-s-a-fcc-2013
Engenheiro Mecânico,2011,COPERGÁS,FCC,Superior,https://www.pciconcursos.com.br/provas/download/engenheiro-mecanico-copergas-fcc-2011
Engenheiro Mecânico,2007,PBGÁS,FCC,Superior,https://www.pciconcursos.com.br/provas/download/engenheiro-mecanico-pbgas-fcc-2007
Engenheiro Perito,2007,TCE/MG,FCC,Superior,https://www.pciconcursos.com.br/provas/download/engenheiro-perito-tce-mg-fcc-2007
Engenheiro Químico,2014,SABESP,FCC,Superior,https://www.pciconcursos.com.br/provas/download/engenheiro-quimico-sabesp-fcc-2014
Engenheiro Químico,2011,COPERGÁS,FCC,Superior,https://www.pciconcursos.com.br/provas/download/engenheiro-quimico-copergas-fcc-2011
Engenheiro Segurança do Trabalho,2014,METRÔ/SP,FCC,Superior,https://www.pciconcursos.com.br/provas/download/engenheiro-seguranca-do-trabalho-metro-sp-fcc-2014
Epidemiologia,2013,FHEMIG,FCC,Superior,https://www.pciconcursos.com.br/provas/download/epidemiologia-fhemig-fcc-2013
Especialista de Educação I - Assistente de Diretor,2005,Pref. Santos/SP,FCC,Superior,https://www.pciconcursos.com.br/provas/download/especialista-de-educacao-i-assistente-de-diretor-prefeitura-santos-sp-fcc-2005
Especialista de Educação I - Coordenador Pedagógico,2005,Pref. Santos/SP,FCC,Superior,https://www.pciconcursos.com.br/provas/download/especialista-de-educacao-i-coordenador-pedagogico-prefeitura-santos-sp-fcc-2005
Especialista de Educação I - Orientador Educacional,2005,Pref. Santos/SP,FCC,Superior,https://www.pciconcursos.com.br/provas/download/especialista-de-educacao-i-orientador-educacional-prefeitura-santos-sp-fcc-2005
Especialista e Desenvolvimento Urbano I - Engenharia Agronômica,2012,Pref. São Paulo/SP,FCC,Superior,https://www.pciconcursos.com.br/provas/download/especialista-e-desenvolvimento-urbano-i-engenharia-agronomica-prefeitura-sao-paulo-sp-fcc-2012
"Especialista em Administração, Orçamento e Finanças Públicas I - Disciplina: Ciências Contábeis",2010,Pref. São Paulo/SP,FCC,Superior,https://www.pciconcursos.com.br/provas/download/especialista-em-administracao-orcamento-e-financas-publicas-i-disciplina-ciencias-contabeis-prefeitura-sao-paulo-sp-fcc-2010
Especialista em Assistência e Desenvolvimento Social I - Serviço Social,2008,Pref. São Paulo/SP,FCC,Superior,https://www.pciconcursos.com.br/provas/download/especialista-em-assistencia-e-desenvolvimento-social-i-servico-social-prefeitura-sao-paulo-sp-fcc-2008
Especialista em Desenvolvimento Urbano I - Engenharia Civil,2008,Pref. São Paulo/SP,FCC,Superior,https://www.pciconcursos.com.br/provas/download/especialista-em-desenvolvimento-urbano-i-engenharia-civil-prefeitura-sao-paulo-sp-fcc-2008
Especialista em Desenvolvimento Urbano I - Engenharia de Alimentos,2008,Pref. São Paulo/SP,FCC,Superior,https://www.pciconcursos.com.br/provas/download/especialista-em-desenvolvimento-urbano-i-engenharia-de-alimentos-prefeitura-sao-paulo-sp-fcc-2008
Especialista em Desenvolvimento Urbano I - Engenharia Química,2008,Pref. São Paulo/SP,FCC,Superior,https://www.pciconcursos.com.br/provas/download/especialista-em-desenvolvimento-urbano-i-engenharia-quimica-prefeitura-sao-paulo-sp-fcc-2008
Especialista em Desenvolvimento Urbano I - Engenheiro Agrônomo,2008,Pref. São Paulo/SP,FCC,Superior,https://www.pciconcursos.com.br/provas/download/especialista-em-desenvolvimento-urbano-i-engenheiro-agronomo-prefeitura-sao-paulo-sp-fcc-2008
Especialista em Desenvolvimento Urbano I - Geólogo,2008,Pref. São Paulo/SP,FCC,Superior,https://www.pciconcursos.com.br/provas/download/especialista-em-desenvolvimento-urbano-i-geologo-prefeitura-sao-paulo-sp-fcc-2008
Especialista em Educação Básica,2012,SEE/MG,FCC,Superior,https://www.pciconcursos.com.br/provas/download/especialista-em-educacao-basica-see-mg-fcc-2012
Especialista em Educação Básica - Supervisão Pedagógica,2012,SEE/MG,FCC,Superior,https://www.pciconcursos.com.br/provas/download/especialista-em-educacao-basica-supervisao-pedagogica-see-mg-fcc-2012
"Especialista em Informações Técnicas, Culturais e Desportivas - Biblioteconomia",2011,Pref. São Paulo/SP,FCC,Superior,https://www.pciconcursos.com.br/provas/download/especialista-em-informacoes-tecnicas-culturais-e-desportivas-biblioteconomia-prefeitura-sao-paulo-sp-fcc-2011
"Especialista em Informações Técnicas, Culturais e Desportivas Nível I - Bibliotecário",2008,Pref. São Paulo/SP,FCC,Superior,https://www.pciconcursos.com.br/provas/download/especialista-em-informacoes-tecnicas-culturais-e-desportivas-nivel-i-bibliotecario-prefeitura-sao-paulo-sp-fcc-2008
Especialista em Meio Ambiente - Ecologia,2016,Pref. Campinas/SP,FCC,Superior,https://www.pciconcursos.com.br/provas/download/especialista-em-meio-ambiente-ecologia-prefeitura-campinas-sp-fcc-2016
Especialista em Meio Ambiente I - Arquitetura,2008,Pref. São Paulo/SP,FCC,Superior,https://www.pciconcursos.com.br/provas/download/especialista-em-meio-ambiente-i-arquitetura-prefeitura-sao-paulo-sp-fcc-2008
Especialista em Meio Ambiente I - Ciências Biológicas,2008,Pref. São Paulo/SP,FCC,Superior,https://www.pciconcursos.com.br/provas/download/especialista-em-meio-ambiente-i-ciencias-biologicas-prefeitura-sao-paulo-sp-fcc-2008
Especialista em Meio Ambiente I - Ciências Sociais,2008,Pref. São Paulo/SP,FCC,Superior,https://www.pciconcursos.com.br/provas/download/especialista-em-meio-ambiente-i-ciencias-sociais-prefeitura-sao-paulo-sp-fcc-2008
Especialista em Meio Ambiente I - Ecologia,2008,Pref. São Paulo/SP,FCC,Superior,https://www.pciconcursos.com.br/provas/download/especialista-em-meio-ambiente-i-ecologia-prefeitura-sao-paulo-sp-fcc-2008
Especialista em Meio Ambiente I - Engenharia Agronômica,2008,Pref. São Paulo/SP,FCC,Superior,https://www.pciconcursos.com.br/provas/download/especialista-em-meio-ambiente-i-engenharia-agronomica-prefeitura-sao-paulo-sp-fcc-2008
Especialista em Meio Ambiente I - Engenharia Civil,2008,Pref. São Paulo/SP,FCC,Superior,https://www.pciconcursos.com.br/provas/download/especialista-em-meio-ambiente-i-engenharia-civil-prefeitura-sao-paulo-sp-fcc-2008
Especialista em Meio Ambiente I - Engenharia Florestal,2008,Pref. São Paulo/SP,FCC,Superior,https://www.pciconcursos.com.br/provas/download/especialista-em-meio-ambiente-i-engenharia-florestal-prefeitura-sao-paulo-sp-fcc-2008
Especialista em Meio Ambiente I - Engenharia Mecânica,2008,Pref. São Paulo/SP,FCC,Superior,https://www.pciconcursos.com.br/provas/download/especialista-em-meio-ambiente-i-engenharia-mecanica-prefeitura-sao-paulo-sp-fcc-2008
Especialista em Meio Ambiente I - Engenharia Química,2008,Pref. São Paulo/SP,FCC,Superior,https://www.pciconcursos.com.br/provas/download/especialista-em-meio-ambiente-i-engenharia-quimica-prefeitura-sao-paulo-sp-fcc-2008
Especialista em Meio Ambiente I - Física,2008,Pref. São Paulo/SP,FCC,Superior,https://www.pciconcursos.com.br/provas/download/especialista-em-meio-ambiente-i-fisica-prefeitura-sao-paulo-sp-fcc-2008
Especialista em Meio Ambiente I - Geografia,2008,Pref. São Paulo/SP,FCC,Superior,https://www.pciconcursos.com.br/provas/download/especialista-em-meio-ambiente-i-geografia-prefeitura-sao-paulo-sp-fcc-2008
Especialista em Meio Ambiente I - Geologia,2008,Pref. São Paulo/SP,FCC,Superior,https://www.pciconcursos.com.br/provas/download/especialista-em-meio-ambiente-i-geologia-prefeitura-sao-paulo-sp-fcc-2008
Especialista em Meio Ambiente I - Química,2008,Pref. São Paulo/SP,FCC,Superior,https://www.pciconcursos.com.br/provas/download/especialista-em-meio-ambiente-i-quimica-prefeitura-sao-paulo-sp-fcc-2008
Especialista em Políticas Públicas - Administração e Planejamento,2004,SAEB,FCC,Superior,https://www.pciconcursos.com.br/provas/download/especialista-em-politicas-publicas-administracao-e-planejamento-saeb-fcc-2004
Especialista em Políticas Públicas - Desenvolvimento Econômico,2004,SAEB,FCC,Superior,https://www.pciconcursos.com.br/provas/download/especialista-em-politicas-publicas-desenvolvimento-economico-saeb-fcc-2004
Especialista em Políticas Públicas - Orçamento e Finanças,2004,SAEB,FCC,Superior,https://www.pciconcursos.com.br/provas/download/especialista-em-politicas-publicas-orcamento-e-financas-saeb-fcc-2004
Especialista em Políticas Públicas - Políticas Sociais,2004,SAEB,FCC,Superior,https://www.pciconcursos.com.br/provas/download/especialista-em-politicas-publicas-politicas-sociais-saeb-fcc-2004
"Especialista Inform. Técnicas, Culturas e Desportivas I - Educação Física/Esportes",2011,Pref. São Paulo/SP,FCC,Superior,https://www.pciconcursos.com.br/provas/download/especialista-inform-tecnicas-culturas-e-desportivas-i-educacao-fisica-esportes-prefeitura-sao-paulo-sp-fcc-2011
Estagiário - Administração de Empresas,2014,SABESP,FCC,Superior,https://www.pciconcursos.com.br/provas/download/estagiario-administracao-de-empresas-sabesp-fcc-2014
Estagiário - Análise de Sistemas,2014,SABESP,FCC,Superior,https://www.pciconcursos.com.br/provas/download/estagiario-analise-de-sistemas-sabesp-fcc-2014
Estagiário - Ciências Biológicas,2014,SABESP,FCC,Superior,https://www.pciconcursos.com.br/provas/download/estagiario-ciencias-biologicas-sabesp-fcc-2014
Estagiário - Ciências Contábeis,2014,SABESP,FCC,Superior,https://www.pciconcursos.com.br/provas/download/estagiario-ciencias-contabeis-sabesp-fcc-2014
Estagiário - Ciências da Computação,2014,SABESP,FCC,Superior,https://www.pciconcursos.com.br/provas/download/estagiario-ciencias-da-computacao-sabesp-fcc-2014
Estagiário - Ciências Econômicas,2014,SABESP,FCC,Superior,https://www.pciconcursos.com.br/provas/download/estagiario-ciencias-economicas-sabesp-fcc-2014
Estagiário - Comunicação Social - Jornalismo,2014,SABESP,FCC,Superior,https://www.pciconcursos.com.br/provas/download/estagiario-comunicacao-social-jornalismo-sabesp-fcc-2014
Estagiário - Comunicação Social - Publicidade e Propaganda,2014,SABESP,FCC,Superior,https://www.pciconcursos.com.br/provas/download/estagiario-comunicacao-social-publicidade-e-propaganda-sabesp-fcc-2014
Estagiário - Comunicação Social - Relações Públicas,2014,SABESP,FCC,Superior,https://www.pciconcursos.com.br/provas/download/estagiario-comunicacao-social-relacoes-publicas-sabesp-fcc-2014
Estagiário - Comunicação Visual,2014,SABESP,FCC,Superior,https://www.pciconcursos.com.br/provas/download/estagiario-comunicacao-visual-sabesp-fcc-2014
Estagiário - Design Gráfico,2014,SABESP,FCC,Superior,https://www.pciconcursos.com.br/provas/download/estagiario-design-grafico-sabesp-fcc-2014
Estagiário - Direito,2014,SABESP,FCC,Superior,https://www.pciconcursos.com.br/provas/download/estagiario-direito-sabesp-fcc-2014
Estagiário - Engenharia Ambiental,2014,SABESP,FCC,Superior,https://www.pciconcursos.com.br/provas/download/estagiario-engenharia-ambiental-sabesp-fcc-2014
Estagiário - Engenharia Cartográfica,2014,SABESP,FCC,Superior,https://www.pciconcursos.com.br/provas/download/estagiario-engenharia-cartografica-sabesp-fcc-2014
Estagiário - Engenharia Civil,2014,SABESP,FCC,Superior,https://www.pciconcursos.com.br/provas/download/estagiario-engenharia-civil-sabesp-fcc-2014
Estagiário - Engenharia Elétrica,2014,SABESP,FCC,Superior,https://www.pciconcursos.com.br/provas/download/estagiario-engenharia-eletrica-sabesp-fcc-2014
Estagiário - Engenharia Mecânica,2014,SABESP,FCC,Superior,https://www.pciconcursos.com.br/provas/download/estagiario-engenharia-mecanica-sabesp-fcc-2014
Estagiário - Engenharia Química,2014,SABESP,FCC,Superior,https://www.pciconcursos.com.br/provas/download/estagiario-engenharia-quimica-sabesp-fcc-2014
Estagiário - Informática,2014,SABESP,FCC,Superior,https://www.pciconcursos.com.br/provas/download/estagiario-informatica-sabesp-fcc-2014
Estagiário - Psicologia,2014,SABESP,FCC,Superior,https://www.pciconcursos.com.br/provas/download/estagiario-psicologia-sabesp-fcc-2014
Estagiário - Química,2014,SABESP,FCC,Superior,https://www.pciconcursos.com.br/provas/download/estagiario-quimica-sabesp-fcc-2014
Estagiário - Secretariado Executivo,2014,SABESP,FCC,Superior,https://www.pciconcursos.com.br/provas/download/estagiario-secretariado-executivo-sabesp-fcc-2014
Estagiário - Serviço Social,2014,SABESP,FCC,Superior,https://www.pciconcursos.com.br/provas/download/estagiario-servico-social-sabesp-fcc-2014
Estagiário - Sistema de Informação,2014,SABESP,FCC,Superior,https://www.pciconcursos.com.br/provas/download/estagiario-sistema-de-informacao-sabesp-fcc-2014
Estagiário - Tecnologia em Análise e Desenvolvimento de Sistemas,2014,SABESP,FCC,Superior,https://www.pciconcursos.com.br/provas/download/estagiario-tecnologia-em-analise-e-desenvolvimento-de-sistemas-sabesp-fcc-2014
Estagiário - Tecnologia em Construção Civil - Edificações,2014,SABESP,FCC,Superior,https://www.pciconcursos.com.br/provas/download/estagiario-tecnologia-em-construcao-civil-edificacoes-sabesp-fcc-2014
Estagiário - Tecnologia em Hidráulica e Saneamento Ambiental,2014,SABESP,FCC,Superior,https://www.pciconcursos.com.br/provas/download/estagiario-tecnologia-em-hidraulica-e-saneamento-ambiental-sabesp-fcc-2014
Estagiário de Análise de Sistemas,2015,SABESP,FCC,Superior,https://www.pciconcursos.com.br/provas/download/estagiario-de-analise-de-sistemas-sabesp-fcc-2015
Estagiário de Tecnologia em Construção Civil - Edificações,2015,SABESP,FCC,Superior,https://www.pciconcursos.com.br/provas/download/estagiario-de-tecnologia-em-construcao-civil-edificacoes-sabesp-fcc-2015
Estagiário de Tecnologia em Construção Civil - Hidráulica,2015,SABESP,FCC,Superior,https://www.pciconcursos.com.br/provas/download/estagiario-de-tecnologia-em-construcao-civil-hidraulica-sabesp-fcc-2015
Estagiário de Tecnologia em Hidráulica e Saneamento Ambiental,2015,SABESP,FCC,Superior,https://www.pciconcursos.com.br/provas/download/estagiario-de-tecnologia-em-hidraulica-e-saneamento-ambiental-sabesp-fcc-2015
Estagiário em Administração de Empresas,2015,SABESP,FCC,Superior,https://www.pciconcursos.com.br/provas/download/estagiario-em-administracao-de-empresas-sabesp-fcc-2015
Estagiário em Ciências Biológicas,2015,SABESP,FCC,Superior,https://www.pciconcursos.com.br/provas/download/estagiario-em-ciencias-biologicas-sabesp-fcc-2015
Estagiário em Ciências Contábeis,2015,SABESP,FCC,Superior,https://www.pciconcursos.com.br/provas/download/estagiario-em-ciencias-contabeis-sabesp-fcc-2015
Estagiário em Ciências da Computação,2015,SABESP,FCC,Superior,https://www.pciconcursos.com.br/provas/download/estagiario-em-ciencias-da-computacao-sabesp-fcc-2015
Estagiário em Ciências Econômicas,2015,SABESP,FCC,Superior,https://www.pciconcursos.com.br/provas/download/estagiario-em-ciencias-economicas-sabesp-fcc-2015
Estagiário em Comunicação Social - Fotografia,2015,SABESP,FCC,Superior,https://www.pciconcursos.com.br/provas/download/estagiario-em-comunicacao-social-fotografia-sabesp-fcc-2015
Estagiário em Comunicação Visual,2015,SABESP,FCC,Superior,https://www.pciconcursos.com.br/provas/download/estagiario-em-comunicacao-visual-sabesp-fcc-2015
Estagiário em Designer Gráfico,2015,SABESP,FCC,Superior,https://www.pciconcursos.com.br/provas/download/estagiario-em-designer-grafico-sabesp-fcc-2015
Estagiário em Direito,2015,SABESP,FCC,Superior,https://www.pciconcursos.com.br/provas/download/estagiario-em-direito-sabesp-fcc-2015
Estagiário em Engenharia Ambiental,2015,SABESP,FCC,Superior,https://www.pciconcursos.com.br/provas/download/estagiario-em-engenharia-ambiental-sabesp-fcc-2015
Estagiário em Engenharia Cartográfica,2015,SABESP,FCC,Superior,https://www.pciconcursos.com.br/provas/download/estagiario-em-engenharia-cartografica-sabesp-fcc-2015
Estagiário em Engenharia Civil,2015,SABESP,FCC,Superior,https://www.pciconcursos.com.br/provas/download/estagiario-em-engenharia-civil-sabesp-fcc-2015
Estagiário em Engenharia de Produção,2015,SABESP,FCC,Superior,https://www.pciconcursos.com.br/provas/download/estagiario-em-engenharia-de-producao-sabesp-fcc-2015
Estagiário em Engenharia Elétrica,2015,SABESP,FCC,Superior,https://www.pciconcursos.com.br/provas/download/estagiario-em-engenharia-eletrica-sabesp-fcc-2015
Estagiário em Informática,2015,SABESP,FCC,Superior,https://www.pciconcursos.com.br/provas/download/estagiario-em-informatica-sabesp-fcc-2015
Estagiário em Jornalismo,2015,SABESP,FCC,Superior,https://www.pciconcursos.com.br/provas/download/estagiario-em-jornalismo-sabesp-fcc-2015
Estagiário em Psicologia,2015,SABESP,FCC,Superior,https://www.pciconcursos.com.br/provas/download/estagiario-em-psicologia-sabesp-fcc-2015
Estagiário em Publicidade e Propaganda,2015,SABESP,FCC,Superior,https://www.pciconcursos.com.br/provas/download/estagiario-em-publicidade-e-propaganda-sabesp-fcc-2015
Estagiário em Química,2015,SABESP,FCC,Superior,https://www.pciconcursos.com.br/provas/download/estagiario-em-quimica-sabesp-fcc-2015
Estagiário em Relações Públicas,2015,SABESP,FCC,Superior,https://www.pciconcursos.com.br/provas/download/estagiario-em-relacoes-publicas-sabesp-fcc-2015
Estagiário em Secretariado Executivo,2015,SABESP,FCC,Superior,https://www.pciconcursos.com.br/provas/download/estagiario-em-secretariado-executivo-sabesp-fcc-2015
Estagiário em Serviço Social,2015,SABESP,FCC,Superior,https://www.pciconcursos.com.br/provas/download/estagiario-em-servico-social-sabesp-fcc-2015
Estagiário em Sistemas de Informação,2015,SABESP,FCC,Superior,https://www.pciconcursos.com.br/provas/download/estagiario-em-sistemas-de-informacao-sabesp-fcc-2015
Executivo Público,2010,Casa Civil,FCC,Superior,https://www.pciconcursos.com.br/provas/download/executivo-publico-casa-civil-fcc-2010
Farmacêutico,2019,Pref. São José do Rio Preto/SP,FCC,Superior,https://www.pciconcursos.com.br/provas/download/farmaceutico-prefeitura-sao-jose-do-rio-preto-sp-fcc-2019
Farmacêutico,2005,Pref. Santos/SP,FCC,Superior,https://www.pciconcursos.com.br/provas/download/prova-farmaceutico-prefeitura-santos-sp-fcc-2005-87
Farmacêutico,2005,Pref. Santos/SP,FCC,Superior,https://www.pciconcursos.com.br/provas/download/farmaceutico-prefeitura-santos-sp-fcc-2005
Farmacêutico-Bioquímico,2005,SESAB/BA,FCC,Superior,https://www.pciconcursos.com.br/provas/download/farmaceutico-bioquimico-sesab-ba-fcc-2005
Farmácia com Doutorado em Medicamento,2013,FHEMIG,FCC,Superior,https://www.pciconcursos.com.br/provas/download/farmacia-com-doutorado-em-medicamento-fhemig-fcc-2013
Fiscal de Defesa Animal - Médico Veterinário,2005,AGED/MA,FCC,Superior,https://www.pciconcursos.com.br/provas/download/fiscal-de-defesa-animal-medico-veterinario-aged-ma-fcc-2005
Fiscal de Defesa Vegetal - Engenheiro Agrônomo,2005,AGED/MA,FCC,Superior,https://www.pciconcursos.com.br/provas/download/fiscal-de-defesa-vegetal-engenheiro-agronomo-aged-ma-fcc-2005
Fiscal de Defesa Vegetal - Engenheiro Florestal,2005,AGED/MA,FCC,Superior,https://www.pciconcursos.com.br/provas/download/fiscal-de-defesa-vegetal-engenheiro-florestal-aged-ma-fcc-2005
Fiscal de Tributos,2006,Pref. Santos/SP,FCC,Superior,https://www.pciconcursos.com.br/provas/download/fiscal-de-tributos-prefeitura-santos-sp-fcc-2006
Fiscal de Tributos Municipais,2005,Pref. Santos/SP,FCC,Superior,https://www.pciconcursos.com.br/provas/download/fiscal-de-tributos-municipais-prefeitura-santos-sp-fcc-2005
Fiscal Estadual Agropecuário - Engenheiro Agrônomo,2018,AGED/MA,FCC,Superior,https://www.pciconcursos.com.br/provas/download/fiscal-estadual-agropecuario-engenheiro-agronomo-aged-ma-fcc-2018
Fisioterapeuta,2019,Pref. São José do Rio Preto/SP,FCC,Superior,https://www.pciconcursos.com.br/provas/download/fisioterapeuta-prefeitura-sao-jose-do-rio-preto-sp-fcc-2019
Fisioterapeuta,2005,Pref. Santos/SP,FCC,Superior,https://www.pciconcursos.com.br/provas/download/prova-fisioterapeuta-prefeitura-santos-sp-fcc-2005-27
Fisioterapeuta,2005,Pref. Santos/SP,FCC,Superior,https://www.pciconcursos.com.br/provas/download/fisioterapeuta-prefeitura-santos-sp-fcc-2005
Fisioterapeuta,2005,SESAB/BA,FCC,Superior,https://www.pciconcursos.com.br/provas/download/fisioterapeuta-sesab-ba-fcc-2005
Fonoaudiólogo,2019,Pref. São José do Rio Preto/SP,FCC,Superior,https://www.pciconcursos.com.br/provas/download/fonoaudiologo-prefeitura-sao-jose-do-rio-preto-sp-fcc-2019
Fonoaudiólogo,2016,Pref. Campinas/SP,FCC,Superior,https://www.pciconcursos.com.br/provas/download/fonoaudiologo-prefeitura-campinas-sp-fcc-2016
Fonoaudiólogo,2005,Pref. Santos/SP,FCC,Superior,https://www.pciconcursos.com.br/provas/download/prova-fonoaudiologo-prefeitura-santos-sp-fcc-2005-45
Fonoaudiólogo,2005,Pref. Santos/SP,FCC,Superior,https://www.pciconcursos.com.br/provas/download/fonoaudiologo-prefeitura-santos-sp-fcc-2005
Gerente Comercial Jr.,2001,CEF,FCC,Superior,https://www.pciconcursos.com.br/provas/download/gerente-comercial-jr-cef-fcc-2001
Gestão Pública,2013,FHEMIG,FCC,Superior,https://www.pciconcursos.com.br/provas/download/gestao-publica-fhemig-fcc-2013
Gestor - Economia,1999,MARE,FCC,Superior,https://www.pciconcursos.com.br/provas/download/gestor-economia-mare-fcc-1999
Gestor - Saúde,1999,MARE,FCC,Superior,https://www.pciconcursos.com.br/provas/download/gestor-saude-mare-fcc-1999
Inspetor,2003,CVM,FCC,Superior,https://www.pciconcursos.com.br/provas/download/inspetor-cvm-fcc-2003
Inspetor de Alunos,2006,Pref. Suzano/SP,FCC,Superior,https://www.pciconcursos.com.br/provas/download/inspetor-de-alunos-prefeitura-suzano-sp-fcc-2006
Inspetor de Controle Externo,2007,TCE/MG,FCC,Superior,https://www.pciconcursos.com.br/provas/download/inspetor-de-controle-externo-tce-mg-fcc-2007
Jornalista,2019,Pref. São José do Rio Preto/SP,FCC,Superior,https://www.pciconcursos.com.br/provas/download/jornalista-prefeitura-sao-jose-do-rio-preto-sp-fcc-2019
Jornalista,2014,TCE/PI,FCC,Superior,https://www.pciconcursos.com.br/provas/download/jornalista-tce-pi-fcc-2014
Jornalista,2005,UFT,FCC,Superior,https://www.pciconcursos.com.br/provas/download/jornalista-uft-fcc-2005
Juiz de Direito Substituto,2014,TJ/AP,FCC,Superior,https://www.pciconcursos.com.br/provas/download/juiz-de-direito-substituto-tj-ap-fcc-2014
Juiz de Direito Substituto,2014,TJ/CE,FCC,Superior,https://www.pciconcursos.com.br/provas/download/juiz-de-direito-substituto-tj-ce-fcc-2014
Juiz de Direito Substituto,2009,TJ/AP,FCC,Superior,https://www.pciconcursos.com.br/provas/download/juiz-de-direito-substituto-tj-ap-fcc-2009
Juiz de Direito Substituto,2001,TJ/DF,FCC,Superior,https://www.pciconcursos.com.br/provas/download/juiz-de-direito-substituto-tj-df-fcc-2001
Juiz do Trabalho,2003,TRT 14ª,FCC,Superior,https://www.pciconcursos.com.br/provas/download/juiz-do-trabalho-trt-14-fcc-2003
Juiz do Trabalho Substituto,2016,TRT 1ª,FCC,Superior,https://www.pciconcursos.com.br/provas/download/juiz-do-trabalho-substituto-trt-1-fcc-2016
Juiz do Trabalho Substituto,2015,TRT 6ª,FCC,Superior,https://www.pciconcursos.com.br/provas/download/juiz-do-trabalho-substituto-trt-6-fcc-2015
Juiz do Trabalho Substituto,2015,TRT 1ª,FCC,Superior,https://www.pciconcursos.com.br/provas/download/juiz-do-trabalho-substituto-trt-1-fcc-2015
Juiz do Trabalho Substituto,2015,TRT 23ª,FCC,Superior,https://www.pciconcursos.com.br/provas/download/juiz-do-trabalho-substituto-trt-23-fcc-2015
Juiz do Trabalho Substituto,2015,TRT 15ª,FCC,Superior,https://www.pciconcursos.com.br/provas/download/juiz-do-trabalho-substituto-trt-15-fcc-2015
Juiz do Trabalho Substituto,2014,TRT 18ª,FCC,Superior,https://www.pciconcursos.com.br/provas/download/juiz-do-trabalho-substituto-trt-18-fcc-2014
Juiz do Trabalho Substituto,2014,TRT 1,FCC,Superior,https://www.pciconcursos.com.br/provas/download/juiz-do-trabalho-substituto-trt-1-fcc-2014
Juiz do Trabalho Substituto,2014,TRT 24,FCC,Superior,https://www.pciconcursos.com.br/provas/download/juiz-do-trabalho-substituto-trt-24-fcc-2014
Juiz do Trabalho Substituto,2013,TRT 6ª,FCC,Superior,https://www.pciconcursos.com.br/provas/download/juiz-do-trabalho-substituto-trt-6-fcc-2013
Juiz do Trabalho Substituto,2013,TRT 1,FCC,Superior,https://www.pciconcursos.com.br/provas/download/juiz-do-trabalho-substituto-trt-1-fcc-2013
Juiz do Trabalho Substituto,2012,TRT 11ª,FCC,Superior,https://www.pciconcursos.com.br/provas/download/juiz-do-trabalho-substituto-trt-11-fcc-2012
Juiz do Trabalho Substituto,2012,TRT 20ª,FCC,Superior,https://www.pciconcursos.com.br/provas/download/juiz-do-trabalho-substituto-trt-20-fcc-2012
Juiz do Trabalho Substituto,2012,TRT 4ª,FCC,Superior,https://www.pciconcursos.com.br/provas/download/juiz-do-trabalho-substituto-trt-4-fcc-2012
Juiz do Trabalho Substituto,2012,TRT 1ª,FCC,Superior,https://www.pciconcursos.com.br/provas/download/juiz-do-trabalho-substituto-trt-1-fcc-2012
Juiz do Trabalho Substituto,2012,TRT 18ª,FCC,Superior,https://www.pciconcursos.com.br/provas/download/juiz-do-trabalho-substituto-trt-18-fcc-2012
Juiz Federal Substituto,2001,TRF 5ª,FCC,Superior,https://www.pciconcursos.com.br/provas/download/juiz-federal-substituto-trf-5-fcc-2001
Juiz Substituto,2015,TJ/GO,FCC,Superior,https://www.pciconcursos.com.br/provas/download/juiz-substituto-tj-go-fcc-2015
Juiz Substituto,2015,TJ/PE,FCC,Superior,https://www.pciconcursos.com.br/provas/download/juiz-substituto-tj-pe-fcc-2015
Juiz Substituto,2015,TJ/RR,FCC,Superior,https://www.pciconcursos.com.br/provas/download/juiz-substituto-tj-rr-fcc-2015
Juiz Substituto,2015,TJ/SC,FCC,Superior,https://www.pciconcursos.com.br/provas/download/juiz-substituto-tj-sc-fcc-2015
Juiz Substituto,2015,TJ/AL,FCC,Superior,https://www.pciconcursos.com.br/provas/download/juiz-substituto-tj-al-fcc-2015
Juiz Substituto,2015,TJ/SE,FCC,Superior,https://www.pciconcursos.com.br/provas/download/juiz-substituto-tj-se-fcc-2015
Juiz Substituto,2015,TJ/PI,FCC,Superior,https://www.pciconcursos.com.br/provas/download/juiz-substituto-tj-pi-fcc-2015
Juiz Substituto,2013,TJ/PE,FCC,Superior,https://www.pciconcursos.com.br/provas/download/juiz-substituto-tj-pe-fcc-2013
Juiz Substituto,2012,TJ/GO,FCC,Superior,https://www.pciconcursos.com.br/provas/download/prova-juiz-substituto-tj-go-fcc-2012-30
Juiz Substituto,2012,TJ/GO,FCC,Superior,https://www.pciconcursos.com.br/provas/download/juiz-substituto-tj-go-fcc-2012
Juiz Substituto,2011,TJ/PE,FCC,Superior,https://www.pciconcursos.com.br/provas/download/juiz-substituto-tj-pe-fcc-2011
Juiz Substituto,2010,TJ/MS,FCC,Superior,https://www.pciconcursos.com.br/provas/download/juiz-substituto-tj-ms-fcc-2010
Juiz Substituto,2009,TJ/GO,FCC,Superior,https://www.pciconcursos.com.br/provas/download/juiz-substituto-tj-go-fcc-2009
Juiz Substituto,2008,TJ/RR,FCC,Superior,https://www.pciconcursos.com.br/provas/download/juiz-substituto-tj-rr-fcc-2008
Juiz Substituto,2007,TJ/AL,FCC,Superior,https://www.pciconcursos.com.br/provas/download/juiz-substituto-tj-al-fcc-2007
Juiz Substituto,2007,TRT 11ª,FCC,Superior,https://www.pciconcursos.com.br/provas/download/juiz-substituto-trt-11-fcc-2007
Juiz Substituto,2006,TJ/AL,FCC,Superior,https://www.pciconcursos.com.br/provas/download/juiz-substituto-tj-al-fcc-2006
Juiz Substituto,2005,TRT 11ª,FCC,Superior,https://www.pciconcursos.com.br/provas/download/prova-juiz-substituto-trt-11-fcc-2005-49
Juiz Substituto,2005,TRT 13ª,FCC,Superior,https://www.pciconcursos.com.br/provas/download/juiz-substituto-trt-13-fcc-2005
Juiz Substituto,2005,TRT 14ª,FCC,Superior,https://www.pciconcursos.com.br/provas/download/juiz-substituto-trt-14-fcc-2005
Juiz Substituto,2005,TRT 11ª,FCC,Superior,https://www.pciconcursos.com.br/provas/download/juiz-substituto-trt-11-fcc-2005
Juiz Substituto,2002,TJ/RN,FCC,Superior,https://www.pciconcursos.com.br/provas/download/juiz-substituto-tj-rn-fcc-2002
Juiz Substituto,1999,TJ/RN,FCC,Superior,https://www.pciconcursos.com.br/provas/download/juiz-substituto-tj-rn-fcc-1999
Julgador Administrativo Tributário do Tesouro Estadual,2015,SEFAZ/PE,FCC,Superior,https://www.pciconcursos.com.br/provas/download/julgador-administrativo-tributario-do-tesouro-estadual-sefaz-pe-fcc-2015
Médico,2014,TCE/PI,FCC,Superior,https://www.pciconcursos.com.br/provas/download/medico-tce-pi-fcc-2014
Médico,2009,CREMESP/SP,FCC,Superior,https://www.pciconcursos.com.br/provas/download/medico-cremesp-sp-fcc-2009
Médico,2006,TCE/PB,FCC,Superior,https://www.pciconcursos.com.br/provas/download/medico-tce-pb-fcc-2006
Médico - Anestesiologia,2013,FHEMIG,FCC,Superior,https://www.pciconcursos.com.br/provas/download/medico-anestesiologia-fhemig-fcc-2013
Médico - Cardiologia,2016,Pref. Campinas/SP,FCC,Superior,https://www.pciconcursos.com.br/provas/download/medico-cardiologia-prefeitura-campinas-sp-fcc-2016
Médico - Cardiologia,2013,FHEMIG,FCC,Superior,https://www.pciconcursos.com.br/provas/download/medico-cardiologia-fhemig-fcc-2013
Médico - Cirurgia Cardiovascular,2013,FHEMIG,FCC,Superior,https://www.pciconcursos.com.br/provas/download/medico-cirurgia-cardiovascular-fhemig-fcc-2013
Médico - Cirurgia da Cabeça e Pescoço,2013,FHEMIG,FCC,Superior,https://www.pciconcursos.com.br/provas/download/medico-cirurgia-da-cabeca-e-pescoco-fhemig-fcc-2013
Médico - Cirurgia de Mão,2013,FHEMIG,FCC,Superior,https://www.pciconcursos.com.br/provas/download/medico-cirurgia-de-mao-fhemig-fcc-2013
Médico - Cirurgia Geral,2013,FHEMIG,FCC,Superior,https://www.pciconcursos.com.br/provas/download/medico-cirurgia-geral-fhemig-fcc-2013
Médico - Cirurgia Pediátrica,2013,FHEMIG,FCC,Superior,https://www.pciconcursos.com.br/provas/download/medico-cirurgia-pediatrica-fhemig-fcc-2013
Médico - Cirurgia Plástica,2013,FHEMIG,FCC,Superior,https://www.pciconcursos.com.br/provas/download/medico-cirurgia-plastica-fhemig-fcc-2013
Médico - Cirurgia Vascular,2013,FHEMIG,FCC,Superior,https://www.pciconcursos.com.br/provas/download/medico-cirurgia-vascular-fhemig-fcc-2013
Médico - Clínica Médica,2016,Pref. Campinas/SP,FCC,Superior,https://www.pciconcursos.com.br/provas/download/medico-clinica-medica-prefeitura-campinas-sp-fcc-2016
Médico - Clínica Médica,2013,FHEMIG,FCC,Superior,https://www.pciconcursos.com.br/provas/download/medico-clinica-medica-fhemig-fcc-2013
Médico - Dermatologia,2013,FHEMIG,FCC,Superior,https://www.pciconcursos.com.br/provas/download/medico-dermatologia-fhemig-fcc-2013
Médico - Endocrinologia,2016,Pref. Campinas/SP,FCC,Superior,https://www.pciconcursos.com.br/provas/download/medico-endocrinologia-prefeitura-campinas-sp-fcc-2016
Médico - Endoscopia,2013,FHEMIG,FCC,Superior,https://www.pciconcursos.com.br/provas/download/medico-endoscopia-fhemig-fcc-2013
Médico - Gastroenterologia,2016,Pref. Campinas/SP,FCC,Superior,https://www.pciconcursos.com.br/provas/download/medico-gastroenterologia-prefeitura-campinas-sp-fcc-2016
Médico - Ginecologia e Obstetrícia,2013,FHEMIG,FCC,Superior,https://www.pciconcursos.com.br/provas/download/medico-ginecologia-e-obstetricia-fhemig-fcc-2013
Médico - Hematologia/ Hemoterapia,2016,Pref. Campinas/SP,FCC,Superior,https://www.pciconcursos.com.br/provas/download/medico-hematologia-hemoterapia-prefeitura-campinas-sp-fcc-2016
Médico - Infectologia,2016,Pref. Campinas/SP,FCC,Superior,https://www.pciconcursos.com.br/provas/download/medico-infectologia-prefeitura-campinas-sp-fcc-2016
Médico - Infectologia,2013,FHEMIG,FCC,Superior,https://www.pciconcursos.com.br/provas/download/medico-infectologia-fhemig-fcc-2013
Médico - Mastologia,2016,Pref. Campinas/SP,FCC,Superior,https://www.pciconcursos.com.br/provas/download/medico-mastologia-prefeitura-campinas-sp-fcc-2016
Médico - Mastologia,2013,FHEMIG,FCC,Superior,https://www.pciconcursos.com.br/provas/download/medico-mastologia-fhemig-fcc-2013
Médico - Medicina Física e Reabilitação,2013,FHEMIG,FCC,Superior,https://www.pciconcursos.com.br/provas/download/medico-medicina-fisica-e-reabilitacao-fhemig-fcc-2013
Médico - Medicina Intensiva,2013,FHEMIG,FCC,Superior,https://www.pciconcursos.com.br/provas/download/medico-medicina-intensiva-fhemig-fcc-2013
Médico - Medicina Intensiva Pediátrica,2013,FHEMIG,FCC,Superior,https://www.pciconcursos.com.br/provas/download/medico-medicina-intensiva-pediatrica-fhemig-fcc-2013
Médico - Neurocirurgia,2013,FHEMIG,FCC,Superior,https://www.pciconcursos.com.br/provas/download/medico-neurocirurgia-fhemig-fcc-2013
Médico - Neurologia,2016,Pref. Campinas/SP,FCC,Superior,https://www.pciconcursos.com.br/provas/download/medico-neurologia-prefeitura-campinas-sp-fcc-2016
Médico - Neurologia,2013,FHEMIG,FCC,Superior,https://www.pciconcursos.com.br/provas/download/medico-neurologia-fhemig-fcc-2013
Médico - Nutrologia,2013,FHEMIG,FCC,Superior,https://www.pciconcursos.com.br/provas/download/medico-nutrologia-fhemig-fcc-2013
Médico - Oftalmologia,2016,Pref. Campinas/SP,FCC,Superior,https://www.pciconcursos.com.br/provas/download/medico-oftalmologia-prefeitura-campinas-sp-fcc-2016
Médico - Oftalmologia,2013,FHEMIG,FCC,Superior,https://www.pciconcursos.com.br/provas/download/medico-oftalmologia-fhemig-fcc-2013
Médico - Oftalmologia - CNCDO,2013,FHEMIG,FCC,Superior,https://www.pciconcursos.com.br/provas/download/medico-oftalmologia-cncdo-fhemig-fcc-2013
Médico - Ortopedia e Traumatologia,2013,FHEMIG,FCC,Superior,https://www.pciconcursos.com.br/provas/download/medico-ortopedia-e-traumatologia-fhemig-fcc-2013
Médico - Otorrinolaringologia,2016,Pref. Campinas/SP,FCC,Superior,https://www.pciconcursos.com.br/provas/download/medico-otorrinolaringologia-prefeitura-campinas-sp-fcc-2016
Médico - Otorrinolaringologia,2013,FHEMIG,FCC,Superior,https://www.pciconcursos.com.br/provas/download/medico-otorrinolaringologia-fhemig-fcc-2013
Médico - Patologia,2013,FHEMIG,FCC,Superior,https://www.pciconcursos.com.br/provas/download/medico-patologia-fhemig-fcc-2013
Médico - Pediatra Neonatologia,2013,FHEMIG,FCC,Superior,https://www.pciconcursos.com.br/provas/download/medico-pediatra-neonatologia-fhemig-fcc-2013
Médico - Pediatria,2013,FHEMIG,FCC,Superior,https://www.pciconcursos.com.br/provas/download/medico-pediatria-fhemig-fcc-2013
Médico - Pneumologia,2016,Pref. Campinas/SP,FCC,Superior,https://www.pciconcursos.com.br/provas/download/medico-pneumologia-prefeitura-campinas-sp-fcc-2016
Médico - Pneumologia,2013,FHEMIG,FCC,Superior,https://www.pciconcursos.com.br/provas/download/medico-pneumologia-fhemig-fcc-2013
Médico - Psiquiatria,2013,FHEMIG,FCC,Superior,https://www.pciconcursos.com.br/provas/download/medico-psiquiatria-fhemig-fcc-2013
Médico - Radiologia e Diagnóstico por Imagem,2013,FHEMIG,FCC,Superior,https://www.pciconcursos.com.br/provas/download/medico-radiologia-e-diagnostico-por-imagem-fhemig-fcc-2013
Médico - Reumatologia,2016,Pref. Campinas/SP,FCC,Superior,https://www.pciconcursos.com.br/provas/download/medico-reumatologia-prefeitura-campinas-sp-fcc-2016
Médico - Reumatologia,2013,FHEMIG,FCC,Superior,https://www.pciconcursos.com.br/provas/download/medico-reumatologia-fhemig-fcc-2013
Médico - Urologia,2013,FHEMIG,FCC,Superior,https://www.pciconcursos.com.br/provas/download/medico-urologia-fhemig-fcc-2013
Médico Anatomopatologista,2005,Pref. Santos/SP,FCC,Superior,https://www.pciconcursos.com.br/provas/download/medico-anatomopatologista-prefeitura-santos-sp-fcc-2005
Médico Anestesiologista,2005,Pref. Santos/SP,FCC,Superior,https://www.pciconcursos.com.br/provas/download/medico-anestesiologista-prefeitura-santos-sp-fcc-2005
Médico Auditor,2005,SESAB/BA,FCC,Superior,https://www.pciconcursos.com.br/provas/download/medico-auditor-sesab-ba-fcc-2005
Médico Cirurgião Geral,2005,Pref. Santos/SP,FCC,Superior,https://www.pciconcursos.com.br/provas/download/medico-cirurgiao-geral-prefeitura-santos-sp-fcc-2005
Médico Cirurgião Vascular,2005,Pref. Santos/SP,FCC,Superior,https://www.pciconcursos.com.br/provas/download/medico-cirurgiao-vascular-prefeitura-santos-sp-fcc-2005
Médico Clínica Médica,2005,Pref. Santos/SP,FCC,Superior,https://www.pciconcursos.com.br/provas/download/medico-clinica-medica-prefeitura-santos-sp-fcc-2005
Médico Clínico Geral,2008,MPE/RS,FCC,Superior,https://www.pciconcursos.com.br/provas/download/medico-clinico-geral-mpe-rs-fcc-2008
Médico da Família e Comunidade,2019,Pref. São José do Rio Preto/SP,FCC,Superior,https://www.pciconcursos.com.br/provas/download/medico-da-familia-e-comunidade-prefeitura-sao-jose-do-rio-preto-sp-fcc-2019
Médico do Trabalho,2019,Pref. São José do Rio Preto/SP,FCC,Superior,https://www.pciconcursos.com.br/provas/download/medico-do-trabalho-prefeitura-sao-jose-do-rio-preto-sp-fcc-2019
Médico do Trabalho,2016,Metrô SP,FCC,Superior,https://www.pciconcursos.com.br/provas/download/medico-do-trabalho-metro-sp-fcc-2016
Médico do Trabalho,2014,SABESP,FCC,Superior,https://www.pciconcursos.com.br/provas/download/medico-do-trabalho-sabesp-fcc-2014
Médico do Trabalho,2014,METRÔ/SP,FCC,Superior,https://www.pciconcursos.com.br/provas/download/medico-do-trabalho-metro-sp-fcc-2014
Médico do Trabalho,2013,FHEMIG,FCC,Superior,https://www.pciconcursos.com.br/provas/download/medico-do-trabalho-fhemig-fcc-2013
Médico do Trabalho,2013,CAIXA,FCC,Superior,https://www.pciconcursos.com.br/provas/download/medico-do-trabalho-caixa-fcc-2013
Médico do Trabalho,2012,Metrô/SP,FCC,Superior,https://www.pciconcursos.com.br/provas/download/medico-do-trabalho-metro-sp-fcc-2012
Médico do Trabalho,2012,Banco do Brasil,FCC,Superior,https://www.pciconcursos.com.br/provas/download/medico-do-trabalho-banco-do-brasil-fcc-2012
Médico do Trabalho,2009,METRÔ/SP,FCC,Superior,https://www.pciconcursos.com.br/provas/download/medico-do-trabalho-metro-sp-fcc-2009
Médico do Trabalho,2005,CEAL,FCC,Superior,https://www.pciconcursos.com.br/provas/download/medico-do-trabalho-ceal-fcc-2005
Médico do Trabalho,2005,Pref. Santos/SP,FCC,Superior,https://www.pciconcursos.com.br/provas/download/medico-do-trabalho-prefeitura-santos-sp-fcc-2005
Médico Endocrinologista,2005,Pref. Santos/SP,FCC,Superior,https://www.pciconcursos.com.br/provas/download/medico-endocrinologista-prefeitura-santos-sp-fcc-2005
Médico Fiscal,2016,CREMESP/SP,FCC,Superior,https://www.pciconcursos.com.br/provas/download/medico-fiscal-cremesp-sp-fcc-2016
Médico Gastroenterologista,2005,Pref. Santos/SP,FCC,Superior,https://www.pciconcursos.com.br/provas/download/medico-gastroenterologista-prefeitura-santos-sp-fcc-2005
Médico Geriatra,2005,Pref. Santos/SP,FCC,Superior,https://www.pciconcursos.com.br/provas/download/medico-geriatra-prefeitura-santos-sp-fcc-2005
Médico Ginecologista,2019,Pref. São José do Rio Preto/SP,FCC,Superior,https://www.pciconcursos.com.br/provas/download/medico-ginecologista-prefeitura-sao-jose-do-rio-preto-sp-fcc-2019
Médico Ginecologista,2005,Pref. Santos/SP,FCC,Superior,https://www.pciconcursos.com.br/provas/download/medico-ginecologista-prefeitura-santos-sp-fcc-2005
Médico Hematologista,2005,Pref. Santos/SP,FCC,Superior,https://www.pciconcursos.com.br/provas/download/medico-hematologista-prefeitura-santos-sp-fcc-2005
Médico Infectologista,2019,Pref. São José do Rio Preto/SP,FCC,Superior,https://www.pciconcursos.com.br/provas/download/medico-infectologista-prefeitura-sao-jose-do-rio-preto-sp-fcc-2019
Médico Infectologista,2005,Pref. Santos/SP,FCC,Superior,https://www.pciconcursos.com.br/provas/download/medico-infectologista-prefeitura-santos-sp-fcc-2005
Médico Intensivista,2005,Pref. Santos/SP,FCC,Superior,https://www.pciconcursos.com.br/provas/download/medico-intensivista-prefeitura-santos-sp-fcc-2005
Médico Legista,2006,Polícia Civil/MA,FCC,Superior,https://www.pciconcursos.com.br/provas/download/medico-legista-policia-civil-ma-fcc-2006
Médico Neurologista,2019,Pref. São José do Rio Preto/SP,FCC,Superior,https://www.pciconcursos.com.br/provas/download/medico-neurologista-prefeitura-sao-jose-do-rio-preto-sp-fcc-2019
Médico Oftalmologista,2005,Pref. Santos/SP,FCC,Superior,https://www.pciconcursos.com.br/provas/download/medico-oftalmologista-prefeitura-santos-sp-fcc-2005
Médico Oncologista,2019,Pref. São José do Rio Preto/SP,FCC,Superior,https://www.pciconcursos.com.br/provas/download/medico-oncologista-prefeitura-sao-jose-do-rio-preto-sp-fcc-2019
Médico Ortopedista,2019,Pref. São José do Rio Preto/SP,FCC,Superior,https://www.pciconcursos.com.br/provas/download/medico-ortopedista-prefeitura-sao-jose-do-rio-preto-sp-fcc-2019
Médico Otorrinolaringologista,2005,Pref. Santos/SP,FCC,Superior,https://www.pciconcursos.com.br/provas/download/medico-otorrinolaringologista-prefeitura-santos-sp-fcc-2005
Médico Pediatra,2019,Pref. São José do Rio Preto/SP,FCC,Superior,https://www.pciconcursos.com.br/provas/download/medico-pediatra-prefeitura-sao-jose-do-rio-preto-sp-fcc-2019
Médico Pediatra,2005,Pref. Santos/SP,FCC,Superior,https://www.pciconcursos.com.br/provas/download/medico-pediatra-prefeitura-santos-sp-fcc-2005
Médico Plantonista Clínico,2019,Pref. São José do Rio Preto/SP,FCC,Superior,https://www.pciconcursos.com.br/provas/download/medico-plantonista-clinico-prefeitura-sao-jose-do-rio-preto-sp-fcc-2019
Médico Plantonista Pediatra,2019,Pref. São José do Rio Preto/SP,FCC,Superior,https://www.pciconcursos.com.br/provas/download/medico-plantonista-pediatra-prefeitura-sao-jose-do-rio-preto-sp-fcc-2019
Médico Pneumologista,2005,Pref. Santos/SP,FCC,Superior,https://www.pciconcursos.com.br/provas/download/medico-pneumologista-prefeitura-santos-sp-fcc-2005
Médico Programa Saúde da Família,2005,Pref. Santos/SP,FCC,Superior,https://www.pciconcursos.com.br/provas/download/medico-programa-saude-da-familia-prefeitura-santos-sp-fcc-2005
Médico Psiquiatra,2008,MPE/RS,FCC,Superior,https://www.pciconcursos.com.br/provas/download/medico-psiquiatra-mpe-rs-fcc-2008
Médico Psiquiatra,2005,Pref. Santos/SP,FCC,Superior,https://www.pciconcursos.com.br/provas/download/medico-psiquiatra-prefeitura-santos-sp-fcc-2005
Médico Radiologista,2005,Pref. Santos/SP,FCC,Superior,https://www.pciconcursos.com.br/provas/download/medico-radiologista-prefeitura-santos-sp-fcc-2005
Médico Regulador CNCDO,2013,FHEMIG,FCC,Superior,https://www.pciconcursos.com.br/provas/download/medico-regulador-cncdo-fhemig-fcc-2013
Médico Reumatologista,2005,Pref. Santos/SP,FCC,Superior,https://www.pciconcursos.com.br/provas/download/medico-reumatologista-prefeitura-santos-sp-fcc-2005
Médico Sanitarista,2005,Pref. Santos/SP,FCC,Superior,https://www.pciconcursos.com.br/provas/download/medico-sanitarista-prefeitura-santos-sp-fcc-2005
Médico Veterinário,2019,Pref. São José do Rio Preto/SP,FCC,Superior,https://www.pciconcursos.com.br/provas/download/medico-veterinario-prefeitura-sao-jose-do-rio-preto-sp-fcc-2019
Médico Veterinário,2005,SEPO/MA,FCC,Superior,https://www.pciconcursos.com.br/provas/download/medico-veterinario-sepo-ma-fcc-2005
Médico Veterinário,2005,UFT,FCC,Superior,https://www.pciconcursos.com.br/provas/download/medico-veterinario-uft-fcc-2005
Notários,2006,TJ/SE,FCC,Superior,https://www.pciconcursos.com.br/provas/download/notarios-tj-se-fcc-2006
Nutricionista,2019,Pref. São José do Rio Preto/SP,FCC,Superior,https://www.pciconcursos.com.br/provas/download/nutricionista-prefeitura-sao-jose-do-rio-preto-sp-fcc-2019
Nutricionista,2005,Pref. Santos/SP,FCC,Superior,https://www.pciconcursos.com.br/provas/download/prova-nutricionista-prefeitura-santos-sp-fcc-2005-53
Nutricionista,2005,Pref. Santos/SP,FCC,Superior,https://www.pciconcursos.com.br/provas/download/nutricionista-prefeitura-santos-sp-fcc-2005
Nutricionista,2005,SESAB/BA,FCC,Superior,https://www.pciconcursos.com.br/provas/download/nutricionista-sesab-ba-fcc-2005
Oficial de Chancelaria,2009,MRE,FCC,Superior,https://www.pciconcursos.com.br/provas/download/oficial-de-chancelaria-mre-fcc-2009
Oficial de Defensoria Pública,2010,DPE/SP,FCC,Superior,https://www.pciconcursos.com.br/provas/download/oficial-de-defensoria-publica-dpe-sp-fcc-2010
Oficial de Defensoria Pública,2008,DPE/SP,FCC,Superior,https://www.pciconcursos.com.br/provas/download/oficial-de-defensoria-publica-dpe-sp-fcc-2008
Oficial de Justiça - Direito,2007,TJ/PE,FCC,Superior,https://www.pciconcursos.com.br/provas/download/oficial-de-justica-direito-tj-pe-fcc-2007
Oficial de Justiça - Judiciário e Administrativo,2012,TJ/PE,FCC,Superior,https://www.pciconcursos.com.br/provas/download/oficial-de-justica-judiciario-e-administrativo-tj-pe-fcc-2012
Oficial de Justiça Avaliador Federal,2013,TRT 12ª,FCC,Superior,https://www.pciconcursos.com.br/provas/download/oficial-de-justica-avaliador-federal-trt-12-fcc-2013
Oficial de Justiça Avaliador Federal,2013,TRT 18º,FCC,Superior,https://www.pciconcursos.com.br/provas/download/oficial-de-justica-avaliador-federal-trt-18-fcc-2013
Oficial Escolar,2006,Pref. Suzano/SP,FCC,Superior,https://www.pciconcursos.com.br/provas/download/oficial-escolar-prefeitura-suzano-sp-fcc-2006
Orientação Educacional,2012,SEPLAG - Polícia Militar/MG,FCC,Superior,https://www.pciconcursos.com.br/provas/download/orientacao-educacional-seplag-policia-militar-mg-fcc-2012
Outorga de Delegação de Serviços de Notas e Registros,2011,TJ/AP,FCC,Superior,https://www.pciconcursos.com.br/provas/download/outorga-de-delegacao-de-servicos-de-notas-e-registros-tj-ap-fcc-2011
Pedagogia,2013,FHEMIG,FCC,Superior,https://www.pciconcursos.com.br/provas/download/pedagogia-fhemig-fcc-2013
Pedagogo,2014,TCE/PI,FCC,Superior,https://www.pciconcursos.com.br/provas/download/pedagogo-tce-pi-fcc-2014
Pedagogo,2005,UFT,FCC,Superior,https://www.pciconcursos.com.br/provas/download/pedagogo-uft-fcc-2005
Pedagogo Classe C - Nível V,2010,Pref. Teresina/PI,FCC,Superior,https://www.pciconcursos.com.br/provas/download/pedagogo-classe-c-nivel-v-prefeitura-teresina-pi-fcc-2010
Pedagogo Classe D,2005,Pref. Teresina/PI,FCC,Superior,https://www.pciconcursos.com.br/provas/download/pedagogo-classe-d-prefeitura-teresina-pi-fcc-2005
Perito Criminalístico,2014,SAEB/BA,FCC,Superior,https://www.pciconcursos.com.br/provas/download/perito-criminalistico-saeb-ba-fcc-2014
Perito Criminalístico,2006,Polícia Civil/MA,FCC,Superior,https://www.pciconcursos.com.br/provas/download/perito-criminalistico-policia-civil-ma-fcc-2006
Perito Médico da Previdência Social,2006,INSS,FCC,Superior,https://www.pciconcursos.com.br/provas/download/perito-medico-da-previdencia-social-inss-fcc-2006
Perito Médico Legal,2014,SAEB/BA,FCC,Superior,https://www.pciconcursos.com.br/provas/download/perito-medico-legal-saeb-ba-fcc-2014
Perito Médico Previdenciário,2012,INSS,FCC,Superior,https://www.pciconcursos.com.br/provas/download/perito-medico-previdenciario-inss-fcc-2012
Perito Odonto-Legal,2014,SAEB/BA,FCC,Superior,https://www.pciconcursos.com.br/provas/download/perito-odonto-legal-saeb-ba-fcc-2014
Perito Técnico de Polícia Civil,2014,SAEB/BA,FCC,Superior,https://www.pciconcursos.com.br/provas/download/perito-tecnico-de-policia-civil-saeb-ba-fcc-2014
Primeiro-Tenente - Médico Cardiologia,2006,Polícia Militar/MA,FCC,Superior,https://www.pciconcursos.com.br/provas/download/primeiro-tenente-medico-cardiologia-policia-militar-ma-fcc-2006
Primeiro-Tenente - Médico Cirurgia Geral,2006,Polícia Militar/MA,FCC,Superior,https://www.pciconcursos.com.br/provas/download/primeiro-tenente-medico-cirurgia-geral-policia-militar-ma-fcc-2006
Primeiro-Tenente - Médico Neurologia,2006,Polícia Militar/MA,FCC,Superior,https://www.pciconcursos.com.br/provas/download/primeiro-tenente-medico-neurologia-policia-militar-ma-fcc-2006
Primeiro-Tenente - Médico Ortopedia,2006,Polícia Militar/MA,FCC,Superior,https://www.pciconcursos.com.br/provas/download/primeiro-tenente-medico-ortopedia-policia-militar-ma-fcc-2006
Primeiro-Tenente - Médico Psiquiatra,2006,Polícia Militar/MA,FCC,Superior,https://www.pciconcursos.com.br/provas/download/primeiro-tenente-medico-psiquiatra-policia-militar-ma-fcc-2006
Primeiro-Tenente - Psicólogo,2006,Polícia Militar/MA,FCC,Superior,https://www.pciconcursos.com.br/provas/download/primeiro-tenente-psicologo-policia-militar-ma-fcc-2006
Procurador,2018,PGE/TO,FCC,Superior,https://www.pciconcursos.com.br/provas/download/procurador-pge-to-fcc-2018
Procurador,2016,Pref. Campinas/SP,FCC,Superior,https://www.pciconcursos.com.br/provas/download/procurador-prefeitura-campinas-sp-fcc-2016
Procurador,2013,Assembleia Legislativa/PB,FCC,Superior,https://www.pciconcursos.com.br/provas/download/procurador-assembleia-legislativa-pb-fcc-2013
Procurador,2011,TCM/BA,FCC,Superior,https://www.pciconcursos.com.br/provas/download/procurador-tcm-ba-fcc-2011
Procurador,2010,Assembleia Legislativa/SP,FCC,Superior,https://www.pciconcursos.com.br/provas/download/procurador-assembleia-legislativa-sp-fcc-2010
Procurador,2010,TCE/RO,FCC,Superior,https://www.pciconcursos.com.br/provas/download/procurador-tce-ro-fcc-2010
Procurador,2008,TCE/AL,FCC,Superior,https://www.pciconcursos.com.br/provas/download/procurador-tce-al-fcc-2008
Procurador,2008,Pref. São Paulo/SP,FCC,Superior,https://www.pciconcursos.com.br/provas/download/procurador-prefeitura-sao-paulo-sp-fcc-2008
Procurador,2006,BACEN,FCC,Superior,https://www.pciconcursos.com.br/provas/download/procurador-bacen-fcc-2006
Procurador,2006,Banco Central,FCC,Superior,https://www.pciconcursos.com.br/provas/download/procurador-banco-central-fcc-2006
Procurador,2005,TCE/PI,FCC,Superior,https://www.pciconcursos.com.br/provas/download/procurador-tce-pi-fcc-2005
Procurador,2005,TCE/MA,FCC,Superior,https://www.pciconcursos.com.br/provas/download/procurador-tce-ma-fcc-2005
Procurador,2005,PGJ/GO,FCC,Superior,https://www.pciconcursos.com.br/provas/download/procurador-pgj-go-fcc-2005
Procurador,2005,Pref. Santos/SP,FCC,Superior,https://www.pciconcursos.com.br/provas/download/prova-procurador-prefeitura-santos-sp-fcc-2005-79
Procurador,2005,Pref. Santos/SP,FCC,Superior,https://www.pciconcursos.com.br/provas/download/procurador-prefeitura-santos-sp-fcc-2005
Procurador 3ª Classe,2003,PGE/MA,FCC,Superior,https://www.pciconcursos.com.br/provas/download/procurador-3-classe-pge-ma-fcc-2003
Procurador Autárquico,2015,MANAUSPREV,FCC,Superior,https://www.pciconcursos.com.br/provas/download/procurador-autarquico-manausprev-fcc-2015
Procurador Autárquico da ARCE,2012,ARCE,FCC,Superior,https://www.pciconcursos.com.br/provas/download/procurador-autarquico-da-arce-arce-fcc-2012
Procurador Autárquico da ARCE,2006,ARCE,FCC,Superior,https://www.pciconcursos.com.br/provas/download/procurador-autarquico-da-arce-arce-fcc-2006
Procurador da Procuradoria Especial,2015,TCM/RJ,FCC,Superior,https://www.pciconcursos.com.br/provas/download/procurador-da-procuradoria-especial-tcm-rj-fcc-2015
Procurador de Contas,2015,TCE/CE,FCC,Superior,https://www.pciconcursos.com.br/provas/download/procurador-de-contas-tce-ce-fcc-2015
Procurador de Contas,2010,TCE/AP,FCC,Superior,https://www.pciconcursos.com.br/provas/download/procurador-de-contas-tce-ap-fcc-2010
Procurador de Contas,2008,TCE/RR,FCC,Superior,https://www.pciconcursos.com.br/provas/download/procurador-de-contas-tce-rr-fcc-2008
Procurador de Contas,2006,TCE/CE,FCC,Superior,https://www.pciconcursos.com.br/provas/download/procurador-de-contas-tce-ce-fcc-2006
Procurador de Estado,2011,PGE/MT,FCC,Superior,https://www.pciconcursos.com.br/provas/download/procurador-de-estado-pge-mt-fcc-2011
Procurador de Estado,2006,PGE/RR,FCC,Superior,https://www.pciconcursos.com.br/provas/download/procurador-de-estado-pge-rr-fcc-2006
Procurador de Estado,2006,TCE/AM,FCC,Superior,https://www.pciconcursos.com.br/provas/download/procurador-de-estado-tce-am-fcc-2006
Procurador do Estado,2016,PGE/MT,FCC,Superior,https://www.pciconcursos.com.br/provas/download/procurador-do-estado-pge-mt-fcc-2016
Procurador do Estado,2014,PGE/ RN,FCC,Superior,https://www.pciconcursos.com.br/provas/download/procurador-do-estado-pge-rn-fcc-2014
Procurador do Estado,2010,PGE/AM,FCC,Superior,https://www.pciconcursos.com.br/provas/download/procurador-do-estado-pge-am-fcc-2010
Procurador do Estado,2004,PGE/PE,FCC,Superior,https://www.pciconcursos.com.br/provas/download/procurador-do-estado-pge-pe-fcc-2004
Procurador do Estado,2001,MPE/RN,FCC,Superior,https://www.pciconcursos.com.br/provas/download/procurador-do-estado-mpe-rn-fcc-2001
Procurador do Estado - Nível I,2012,PGE/SP,FCC,Superior,https://www.pciconcursos.com.br/provas/download/procurador-do-estado-nivel-i-pge-sp-fcc-2012
Procurador do Estado - Substituto,2011,PGE/RO,FCC,Superior,https://www.pciconcursos.com.br/provas/download/procurador-do-estado-substituto-pge-ro-fcc-2011
Procurador do Estado de Segunda Classe,2016,SEGEP,FCC,Superior,https://www.pciconcursos.com.br/provas/download/procurador-do-estado-de-segunda-classe-segep-fcc-2016
Procurador do Estado Nível I,2009,PGE/SP,FCC,Superior,https://www.pciconcursos.com.br/provas/download/procurador-do-estado-nivel-i-pge-sp-fcc-2009
Procurador do Ministério Público,2011,TCE/SP,FCC,Superior,https://www.pciconcursos.com.br/provas/download/procurador-do-ministerio-publico-tce-sp-fcc-2011
Procurador do Ministério Público,2007,TCE/MG,FCC,Superior,https://www.pciconcursos.com.br/provas/download/procurador-do-ministerio-publico-tce-mg-fcc-2007
Procurador do Município,2016,Pref. São Luís/MA,FCC,Superior,https://www.pciconcursos.com.br/provas/download/procurador-do-municipio-prefeitura-sao-luis-ma-fcc-2016
Procurador do Município,2014,Pref. Cuiabá/MT,FCC,Superior,https://www.pciconcursos.com.br/provas/download/procurador-do-municipio-prefeitura-cuiaba-mt-fcc-2014
Procurador do Município,2012,PGM - Pref. João Pessoa/PB,FCC,Superior,https://www.pciconcursos.com.br/provas/download/procurador-do-municipio-pgm-prefeitura-joao-pessoa-pb-fcc-2012
Procurador Geral do Estado,2005,PGE/SE,FCC,Superior,https://www.pciconcursos.com.br/provas/download/procurador-geral-do-estado-pge-se-fcc-2005
Procurador Geral do Estado,2002,PGE/SP,FCC,Superior,https://www.pciconcursos.com.br/provas/download/procurador-geral-do-estado-pge-sp-fcc-2002
Procurador Judicial,2014,Pref. Recife/PE,FCC,Superior,https://www.pciconcursos.com.br/provas/download/procurador-judicial-prefeitura-recife-pe-fcc-2014
Procurador Judicial,2008,Pref. Recife/PE,FCC,Superior,https://www.pciconcursos.com.br/provas/download/procurador-judicial-prefeitura-recife-pe-fcc-2008
Procurador Judicial,2003,Pref. Recife/PE,FCC,Superior,https://www.pciconcursos.com.br/provas/download/procurador-judicial-prefeitura-recife-pe-fcc-2003
Procurador Legislativo,2014,Câmara de São Paulo/SP,FCC,Superior,https://www.pciconcursos.com.br/provas/download/procurador-legislativo-camara-de-sao-paulo-sp-fcc-2014
Procurador Municipal,2010,Pref. Teresina/PI,FCC,Superior,https://www.pciconcursos.com.br/provas/download/procurador-municipal-prefeitura-teresina-pi-fcc-2010
Procurador Municipal,2006,Pref. Manaus/AM,FCC,Superior,https://www.pciconcursos.com.br/provas/download/procurador-municipal-prefeitura-manaus-am-fcc-2006
Procurador Municipal,2006,Pref. Salvador/BA,FCC,Superior,https://www.pciconcursos.com.br/provas/download/procurador-municipal-prefeitura-salvador-ba-fcc-2006
Procurador Municipal,2006,Pref. Jaboatão/PE,FCC,Superior,https://www.pciconcursos.com.br/provas/download/procurador-municipal-prefeitura-jaboatao-pe-fcc-2006
Procurador Município,2006,Pref. Jaboatão dos Guararapes/PE,FCC,Superior,https://www.pciconcursos.com.br/provas/download/procurador-municipio-prefeitura-jaboatao-dos-guararapes-pe-fcc-2006
Professor - Alemão,2010,SEE/SP,FCC,Superior,https://www.pciconcursos.com.br/provas/download/professor-alemao-see-sp-fcc-2010
Professor - Arte,2010,SEE/SP,FCC,Superior,https://www.pciconcursos.com.br/provas/download/professor-arte-see-sp-fcc-2010
Professor - Biologia,2010,SEE/SP,FCC,Superior,https://www.pciconcursos.com.br/provas/download/professor-biologia-see-sp-fcc-2010
Professor - Ciências /Biologia,2012,SEPLAG - Polícia Militar/MG,FCC,Superior,https://www.pciconcursos.com.br/provas/download/professor-ciencias-biologia-seplag-policia-militar-mg-fcc-2012
Professor - Ciências Físicas ou Biológicas,2010,SEE/SP,FCC,Superior,https://www.pciconcursos.com.br/provas/download/professor-ciencias-fisicas-ou-biologicas-see-sp-fcc-2010
Professor - Educação Especial/Deficiente Auditivo,2010,SEE/SP,FCC,Superior,https://www.pciconcursos.com.br/provas/download/professor-educacao-especial-deficiente-auditivo-see-sp-fcc-2010
Professor - Educação Especial/Deficiente Físico,2010,SEE/SP,FCC,Superior,https://www.pciconcursos.com.br/provas/download/professor-educacao-especial-deficiente-fisico-see-sp-fcc-2010
Professor - Educação Especial/Deficiente Mental,2010,SEE/SP,FCC,Superior,https://www.pciconcursos.com.br/provas/download/professor-educacao-especial-deficiente-mental-see-sp-fcc-2010
Professor - Educação Especial/Deficiente Visual,2010,SEE/SP,FCC,Superior,https://www.pciconcursos.com.br/provas/download/professor-educacao-especial-deficiente-visual-see-sp-fcc-2010
Professor - Educação Física,2012,SEPLAG - Polícia Militar/MG,FCC,Superior,https://www.pciconcursos.com.br/provas/download/professor-educacao-fisica-seplag-policia-militar-mg-fcc-2012
Professor - Educação Física,2010,SEE/SP,FCC,Superior,https://www.pciconcursos.com.br/provas/download/professor-educacao-fisica-see-sp-fcc-2010
Professor - Espanhol,2010,SEE/SP,FCC,Superior,https://www.pciconcursos.com.br/provas/download/professor-espanhol-see-sp-fcc-2010
Professor - Filosofia,2010,SEE/SP,FCC,Superior,https://www.pciconcursos.com.br/provas/download/professor-filosofia-see-sp-fcc-2010
Professor - Física,2012,SEPLAG - Polícia Militar/MG,FCC,Superior,https://www.pciconcursos.com.br/provas/download/professor-fisica-seplag-policia-militar-mg-fcc-2012
Professor - Física,2010,SEE/SP,FCC,Superior,https://www.pciconcursos.com.br/provas/download/professor-fisica-see-sp-fcc-2010
Professor - Francês,2010,SEE/SP,FCC,Superior,https://www.pciconcursos.com.br/provas/download/professor-frances-see-sp-fcc-2010
Professor - Geografia,2012,SEPLAG - Polícia Militar/MG,FCC,Superior,https://www.pciconcursos.com.br/provas/download/professor-geografia-seplag-policia-militar-mg-fcc-2012
Professor - Geografia,2010,SEE/SP,FCC,Superior,https://www.pciconcursos.com.br/provas/download/professor-geografia-see-sp-fcc-2010
Professor - História,2012,SEPLAG - Polícia Militar/MG,FCC,Superior,https://www.pciconcursos.com.br/provas/download/professor-historia-seplag-policia-militar-mg-fcc-2012
Professor - História,2010,SEE/SP,FCC,Superior,https://www.pciconcursos.com.br/provas/download/professor-historia-see-sp-fcc-2010
Professor - Inglês,2010,SEE/SP,FCC,Superior,https://www.pciconcursos.com.br/provas/download/professor-ingles-see-sp-fcc-2010
Professor - Italiano,2010,SEE/SP,FCC,Superior,https://www.pciconcursos.com.br/provas/download/professor-italiano-see-sp-fcc-2010
Professor - Japonês,2010,SEE/SP,FCC,Superior,https://www.pciconcursos.com.br/provas/download/professor-japones-see-sp-fcc-2010
Professor - Língua Estrangeira Moderna/Inglês,2012,SEPLAG - Polícia Militar/MG,FCC,Superior,https://www.pciconcursos.com.br/provas/download/professor-lingua-estrangeira-moderna-ingles-seplag-policia-militar-mg-fcc-2012
Professor - Língua Portuguesa,2012,SEPLAG - Polícia Militar/MG,FCC,Superior,https://www.pciconcursos.com.br/provas/download/professor-lingua-portuguesa-seplag-policia-militar-mg-fcc-2012
Professor - Língua Portuguesa,2010,SEE/SP,FCC,Superior,https://www.pciconcursos.com.br/provas/download/professor-lingua-portuguesa-see-sp-fcc-2010
Professor - Matemática,2012,SEPLAG - Polícia Militar/MG,FCC,Superior,https://www.pciconcursos.com.br/provas/download/professor-matematica-seplag-policia-militar-mg-fcc-2012
Professor - Matemática,2010,SEE/SP,FCC,Superior,https://www.pciconcursos.com.br/provas/download/professor-matematica-see-sp-fcc-2010
Professor - Psicologia,2010,SEE/SP,FCC,Superior,https://www.pciconcursos.com.br/provas/download/professor-psicologia-see-sp-fcc-2010
Professor - Química,2012,SEPLAG - Polícia Militar/MG,FCC,Superior,https://www.pciconcursos.com.br/provas/download/professor-quimica-seplag-policia-militar-mg-fcc-2012
Professor - Química,2010,SEE/SP,FCC,Superior,https://www.pciconcursos.com.br/provas/download/professor-quimica-see-sp-fcc-2010
Professor - Série Iniciais do Ensino Fundamental,2010,SEE/SP,FCC,Superior,https://www.pciconcursos.com.br/provas/download/professor-serie-iniciais-do-ensino-fundamental-see-sp-fcc-2010
Professor - Sociologia,2010,SEE/SP,FCC,Superior,https://www.pciconcursos.com.br/provas/download/professor-sociologia-see-sp-fcc-2010
Professor Adjunto I,2016,Pref. Campinas/SP,FCC,Superior,https://www.pciconcursos.com.br/provas/download/professor-adjunto-i-prefeitura-campinas-sp-fcc-2016
Professor Adjunto II - Artes,2016,Pref. Campinas/SP,FCC,Superior,https://www.pciconcursos.com.br/provas/download/professor-adjunto-ii-artes-prefeitura-campinas-sp-fcc-2016
Professor Adjunto II - Educação Física,2016,Pref. Campinas/SP,FCC,Superior,https://www.pciconcursos.com.br/provas/download/professor-adjunto-ii-educacao-fisica-prefeitura-campinas-sp-fcc-2016
Professor Adjunto II - História,2016,Pref. Campinas/SP,FCC,Superior,https://www.pciconcursos.com.br/provas/download/professor-adjunto-ii-historia-prefeitura-campinas-sp-fcc-2016
Professor Adjunto II - Inglês,2016,Pref. Campinas/SP,FCC,Superior,https://www.pciconcursos.com.br/provas/download/professor-adjunto-ii-ingles-prefeitura-campinas-sp-fcc-2016
Professor Auxiliar Docente,2004,SESI/SP,FCC,Superior,https://www.pciconcursos.com.br/provas/download/professor-auxiliar-docente-sesi-sp-fcc-2004
Professor Classe A,2005,Pref. Teresina/PI,FCC,Superior,https://www.pciconcursos.com.br/provas/download/professor-classe-a-prefeitura-teresina-pi-fcc-2005
Professor Classe C - Nível V,2010,Pref. Teresina/PI,FCC,Superior,https://www.pciconcursos.com.br/provas/download/professor-classe-c-nivel-v-prefeitura-teresina-pi-fcc-2010
Professor Classe D,2005,Pref. Teresina/PI,FCC,Superior,https://www.pciconcursos.com.br/provas/download/professor-classe-d-prefeitura-teresina-pi-fcc-2005
Professor de 1ª a 4ª séries - Ensino Fundamental,2004,SESI/SP,FCC,Superior,https://www.pciconcursos.com.br/provas/download/professor-de-1-a-4-series-ensino-fundamental-sesi-sp-fcc-2004
Professor de 1ª a 4ª séries - Ensino Supletivo,2004,SESI/SP,FCC,Superior,https://www.pciconcursos.com.br/provas/download/professor-de-1-a-4-series-ensino-supletivo-sesi-sp-fcc-2004
Professor de Arte,2009,Pref. Teresina/PI,FCC,Superior,https://www.pciconcursos.com.br/provas/download/professor-de-arte-prefeitura-teresina-pi-fcc-2009
Professor de Artes,2016,SEDU/ES,FCC,Superior,https://www.pciconcursos.com.br/provas/download/professor-de-artes-sedu-es-fcc-2016
Professor de Artes,2004,Pref. São Paulo/SP,FCC,Superior,https://www.pciconcursos.com.br/provas/download/professor-de-artes-prefeitura-sao-paulo-sp-fcc-2004
Professor de Artes,2004,SESI/SP,FCC,Superior,https://www.pciconcursos.com.br/provas/download/professor-de-artes-sesi-sp-fcc-2004
Professor de Artes,2003,SEED/SE,FCC,Superior,https://www.pciconcursos.com.br/provas/download/professor-de-artes-seed-se-fcc-2003
Professor de Biologia,2005,SEDUC/MA,FCC,Superior,https://www.pciconcursos.com.br/provas/download/professor-de-biologia-seduc-ma-fcc-2005
Professor de Biologia,2003,SEED/SE,FCC,Superior,https://www.pciconcursos.com.br/provas/download/professor-de-biologia-seed-se-fcc-2003
Professor de Biologia/Ciências,2016,SEDU/ES,FCC,Superior,https://www.pciconcursos.com.br/provas/download/professor-de-biologia-ciencias-sedu-es-fcc-2016
Professor de Ciências,2009,Pref. Teresina/PI,FCC,Superior,https://www.pciconcursos.com.br/provas/download/professor-de-ciencias-prefeitura-teresina-pi-fcc-2009
Professor de Ciências,2004,Pref. São Paulo/SP,FCC,Superior,https://www.pciconcursos.com.br/provas/download/professor-de-ciencias-prefeitura-sao-paulo-sp-fcc-2004
Professor de Ciências Físicas e Biológicas,2004,SESI/SP,FCC,Superior,https://www.pciconcursos.com.br/provas/download/professor-de-ciencias-fisicas-e-biologicas-sesi-sp-fcc-2004
Professor de Educação Básica,2012,SEE/MG,FCC,Superior,https://www.pciconcursos.com.br/provas/download/professor-de-educacao-basica-see-mg-fcc-2012
Professor de Educação Básica - Anos Iniciais do Ensino Fundamental,2012,SEE/MG,FCC,Superior,https://www.pciconcursos.com.br/provas/download/professor-de-educacao-basica-anos-iniciais-do-ensino-fundamental-see-mg-fcc-2012
Professor de Educação Básica - Arte/Artes,2012,SEE/MG,FCC,Superior,https://www.pciconcursos.com.br/provas/download/professor-de-educacao-basica-arte-artes-see-mg-fcc-2012
Professor de Educação Básica - Biologia,2012,SEE/MG,FCC,Superior,https://www.pciconcursos.com.br/provas/download/professor-de-educacao-basica-biologia-see-mg-fcc-2012
Professor de Educação Básica - Educação Especial/ Instrutor de Libras,2009,SEAPS/MA,FCC,Superior,https://www.pciconcursos.com.br/provas/download/professor-de-educacao-basica-educacao-especial-instrutor-de-libras-seaps-ma-fcc-2009
Professor de Educação Básica - Educação Especial/ Intérprete de Libras,2009,SEAPS/MA,FCC,Superior,https://www.pciconcursos.com.br/provas/download/professor-de-educacao-basica-educacao-especial-interprete-de-libras-seaps-ma-fcc-2009
Professor de Educação Básica - Educação Especial/ Revisor Braille,2009,SEAPS/MA,FCC,Superior,https://www.pciconcursos.com.br/provas/download/professor-de-educacao-basica-educacao-especial-revisor-braille-seaps-ma-fcc-2009
Professor de Educação Básica - Educação Física,2012,SEE/MG,FCC,Superior,https://www.pciconcursos.com.br/provas/download/professor-de-educacao-basica-educacao-fisica-see-mg-fcc-2012
Professor de Educação Básica - Ensino Fundamental,2009,SEAPS/MA,FCC,Superior,https://www.pciconcursos.com.br/provas/download/professor-de-educacao-basica-ensino-fundamental-seaps-ma-fcc-2009
Professor de Educação Básica - Ensino Fundamental/ Arte,2009,SEAPS/MA,FCC,Superior,https://www.pciconcursos.com.br/provas/download/professor-de-educacao-basica-ensino-fundamental-arte-seaps-ma-fcc-2009
Professor de Educação Básica - Ensino Fundamental/ Ciências,2009,SEAPS/MA,FCC,Superior,https://www.pciconcursos.com.br/provas/download/professor-de-educacao-basica-ensino-fundamental-ciencias-seaps-ma-fcc-2009
Professor de Educação Básica - Ensino Fundamental/ Educação Física,2009,SEAPS/MA,FCC,Superior,https://www.pciconcursos.com.br/provas/download/professor-de-educacao-basica-ensino-fundamental-educacao-fisica-seaps-ma-fcc-2009
Professor de Educação Básica - Ensino Fundamental/ Ensino Religioso,2009,SEAPS/MA,FCC,Superior,https://www.pciconcursos.com.br/provas/download/professor-de-educacao-basica-ensino-fundamental-ensino-religioso-seaps-ma-fcc-2009
Professor de Educação Básica - Ensino Fundamental/ Filosofia,2009,SEAPS/MA,FCC,Superior,https://www.pciconcursos.com.br/provas/download/professor-de-educacao-basica-ensino-fundamental-filosofia-seaps-ma-fcc-2009
Professor de Educação Básica - Ensino Fundamental/ Geografia,2009,SEAPS/MA,FCC,Superior,https://www.pciconcursos.com.br/provas/download/professor-de-educacao-basica-ensino-fundamental-geografia-seaps-ma-fcc-2009
Professor de Educação Básica - Ensino Fundamental/ História,2009,SEAPS/MA,FCC,Superior,https://www.pciconcursos.com.br/provas/download/professor-de-educacao-basica-ensino-fundamental-historia-seaps-ma-fcc-2009
Professor de Educação Básica - Ensino Fundamental/ Língua Inglesa,2009,SEAPS/MA,FCC,Superior,https://www.pciconcursos.com.br/provas/download/professor-de-educacao-basica-ensino-fundamental-lingua-inglesa-seaps-ma-fcc-2009
Professor de Educação Básica - Ensino Fundamental/ Língua Portuguesa,2009,SEAPS/MA,FCC,Superior,https://www.pciconcursos.com.br/provas/download/professor-de-educacao-basica-ensino-fundamental-lingua-portuguesa-seaps-ma-fcc-2009
Professor de Educação Básica - Ensino Fundamental/ Matemática,2009,SEAPS/MA,FCC,Superior,https://www.pciconcursos.com.br/provas/download/professor-de-educacao-basica-ensino-fundamental-matematica-seaps-ma-fcc-2009
Professor de Educação Básica - Ensino Médio Regular/ Arte,2009,SEAPS/MA,FCC,Superior,https://www.pciconcursos.com.br/provas/download/professor-de-educacao-basica-ensino-medio-regular-arte-seaps-ma-fcc-2009
Professor de Educação Básica - Ensino Médio Regular/ Biologia,2009,SEAPS/MA,FCC,Superior,https://www.pciconcursos.com.br/provas/download/professor-de-educacao-basica-ensino-medio-regular-biologia-seaps-ma-fcc-2009
Professor de Educação Básica - Ensino Médio Regular/ Educação Física,2009,SEAPS/MA,FCC,Superior,https://www.pciconcursos.com.br/provas/download/professor-de-educacao-basica-ensino-medio-regular-educacao-fisica-seaps-ma-fcc-2009
Professor de Educação Básica - Ensino Médio Regular/ Filosofia,2009,SEAPS/MA,FCC,Superior,https://www.pciconcursos.com.br/provas/download/professor-de-educacao-basica-ensino-medio-regular-filosofia-seaps-ma-fcc-2009
Professor de Educação Básica - Ensino Médio Regular/ Física,2009,SEAPS/MA,FCC,Superior,https://www.pciconcursos.com.br/provas/download/professor-de-educacao-basica-ensino-medio-regular-fisica-seaps-ma-fcc-2009
Professor de Educação Básica - Ensino Médio Regular/ Geografia,2009,SEAPS/MA,FCC,Superior,https://www.pciconcursos.com.br/provas/download/professor-de-educacao-basica-ensino-medio-regular-geografia-seaps-ma-fcc-2009
Professor de Educação Básica - Ensino Médio Regular/ História,2009,SEAPS/MA,FCC,Superior,https://www.pciconcursos.com.br/provas/download/professor-de-educacao-basica-ensino-medio-regular-historia-seaps-ma-fcc-2009
Professor de Educação Básica - Ensino Médio Regular/ Língua Espanhola,2009,SEAPS/MA,FCC,Superior,https://www.pciconcursos.com.br/provas/download/professor-de-educacao-basica-ensino-medio-regular-lingua-espanhola-seaps-ma-fcc-2009
Professor de Educação Básica - Ensino Médio Regular/ Língua Inglesa,2009,SEAPS/MA,FCC,Superior,https://www.pciconcursos.com.br/provas/download/professor-de-educacao-basica-ensino-medio-regular-lingua-inglesa-seaps-ma-fcc-2009
Professor de Educação Básica - Ensino Médio Regular/ Língua Portuguesa,2009,SEAPS/MA,FCC,Superior,https://www.pciconcursos.com.br/provas/download/professor-de-educacao-basica-ensino-medio-regular-lingua-portuguesa-seaps-ma-fcc-2009
Professor de Educação Básica - Ensino Médio Regular/ Matemática,2009,SEAPS/MA,FCC,Superior,https://www.pciconcursos.com.br/provas/download/professor-de-educacao-basica-ensino-medio-regular-matematica-seaps-ma-fcc-2009
Professor de Educação Básica - Ensino Médio Regular/ Química,2009,SEAPS/MA,FCC,Superior,https://www.pciconcursos.com.br/provas/download/professor-de-educacao-basica-ensino-medio-regular-quimica-seaps-ma-fcc-2009
Professor de Educação Básica - Ensino Médio Regular/ Sociologia,2009,SEAPS/MA,FCC,Superior,https://www.pciconcursos.com.br/provas/download/professor-de-educacao-basica-ensino-medio-regular-sociologia-seaps-ma-fcc-2009
Professor de Educação Básica - Filosofia,2012,SEE/MG,FCC,Superior,https://www.pciconcursos.com.br/provas/download/professor-de-educacao-basica-filosofia-see-mg-fcc-2012
Professor de Educação Básica - Física,2012,SEE/MG,FCC,Superior,https://www.pciconcursos.com.br/provas/download/professor-de-educacao-basica-fisica-see-mg-fcc-2012
Professor de Educação Básica - Geografia,2012,SEE/MG,FCC,Superior,https://www.pciconcursos.com.br/provas/download/professor-de-educacao-basica-geografia-see-mg-fcc-2012
Professor de Educação Básica - História,2012,SEE/MG,FCC,Superior,https://www.pciconcursos.com.br/provas/download/professor-de-educacao-basica-historia-see-mg-fcc-2012
Professor de Educação Básica - Língua Estrangeira Moderna/Espanhol,2012,SEE/MG,FCC,Superior,https://www.pciconcursos.com.br/provas/download/professor-de-educacao-basica-lingua-estrangeira-moderna-espanhol-see-mg-fcc-2012
Professor de Educação Básica - Matemática,2012,SEE/MG,FCC,Superior,https://www.pciconcursos.com.br/provas/download/professor-de-educacao-basica-matematica-see-mg-fcc-2012
Professor de Educação Básica - Química,2012,SEE/MG,FCC,Superior,https://www.pciconcursos.com.br/provas/download/professor-de-educacao-basica-quimica-see-mg-fcc-2012
Professor de Educação Básica - Sociologia,2012,SEE/MG,FCC,Superior,https://www.pciconcursos.com.br/provas/download/professor-de-educacao-basica-sociologia-see-mg-fcc-2012
Professor de Educação Básica -Língua Estrangeira Moderna/Inglês,2012,SEE/MG,FCC,Superior,https://www.pciconcursos.com.br/provas/download/professor-de-educacao-basica-lingua-estrangeira-moderna-ingles-see-mg-fcc-2012
Professor de Educação Básica I,2011,SEE/SP,FCC,Superior,https://www.pciconcursos.com.br/provas/download/professor-de-educacao-basica-i-see-sp-fcc-2011
Professor de Educação Básica II - Arte,2010,SEE/SP,FCC,Superior,https://www.pciconcursos.com.br/provas/download/professor-de-educacao-basica-ii-arte-see-sp-fcc-2010
Professor de Educação Básica II - Biologia,2010,SEE/SP,FCC,Superior,https://www.pciconcursos.com.br/provas/download/professor-de-educacao-basica-ii-biologia-see-sp-fcc-2010
Professor de Educação Básica II - Ciências Físicas e Biológicas,2010,SEE/SP,FCC,Superior,https://www.pciconcursos.com.br/provas/download/professor-de-educacao-basica-ii-ciencias-fisicas-e-biologicas-see-sp-fcc-2010
Professor de Educação Básica II - Educação Especial/ Deficiência Auditiva,2010,SEE/SP,FCC,Superior,https://www.pciconcursos.com.br/provas/download/professor-de-educacao-basica-ii-educacao-especial-deficiencia-auditiva-see-sp-fcc-2010
Professor de Educação Básica II - Educação Especial/ Deficiência Física,2010,SEE/SP,FCC,Superior,https://www.pciconcursos.com.br/provas/download/professor-de-educacao-basica-ii-educacao-especial-deficiencia-fisica-see-sp-fcc-2010
Professor de Educação Básica II - Educação Especial/ Deficiência Mental,2010,SEE/SP,FCC,Superior,https://www.pciconcursos.com.br/provas/download/professor-de-educacao-basica-ii-educacao-especial-deficiencia-mental-see-sp-fcc-2010
Professor de Educação Básica II - Educação Especial/ Deficiência Visual,2010,SEE/SP,FCC,Superior,https://www.pciconcursos.com.br/provas/download/professor-de-educacao-basica-ii-educacao-especial-deficiencia-visual-see-sp-fcc-2010
Professor de Educação Básica II - Educação Física,2010,SEE/SP,FCC,Superior,https://www.pciconcursos.com.br/provas/download/professor-de-educacao-basica-ii-educacao-fisica-see-sp-fcc-2010
Professor de Educação Básica II - Filosofia,2010,SEE/SP,FCC,Superior,https://www.pciconcursos.com.br/provas/download/professor-de-educacao-basica-ii-filosofia-see-sp-fcc-2010
Professor de Educação Básica II - Física,2010,SEE/SP,FCC,Superior,https://www.pciconcursos.com.br/provas/download/professor-de-educacao-basica-ii-fisica-see-sp-fcc-2010
Professor de Educação Básica II - Geografia,2010,SEE/SP,FCC,Superior,https://www.pciconcursos.com.br/provas/download/professor-de-educacao-basica-ii-geografia-see-sp-fcc-2010
Professor de Educação Básica II - História,2010,SEE/SP,FCC,Superior,https://www.pciconcursos.com.br/provas/download/professor-de-educacao-basica-ii-historia-see-sp-fcc-2010
Professor de Educação Básica II - Inglês,2010,SEE/SP,FCC,Superior,https://www.pciconcursos.com.br/provas/download/professor-de-educacao-basica-ii-ingles-see-sp-fcc-2010
Professor de Educação Básica II - Língua Portuguesa,2010,SEE/SP,FCC,Superior,https://www.pciconcursos.com.br/provas/download/professor-de-educacao-basica-ii-lingua-portuguesa-see-sp-fcc-2010
Professor de Educação Básica II - Matemática,2010,SEE/SP,FCC,Superior,https://www.pciconcursos.com.br/provas/download/professor-de-educacao-basica-ii-matematica-see-sp-fcc-2010
Professor de Educação Básica II - Química,2010,SEE/SP,FCC,Superior,https://www.pciconcursos.com.br/provas/download/professor-de-educacao-basica-ii-quimica-see-sp-fcc-2010
Professor de Educação Básica II - Sociologia,2010,SEE/SP,FCC,Superior,https://www.pciconcursos.com.br/provas/download/professor-de-educacao-basica-ii-sociologia-see-sp-fcc-2010
Professor de Educação Básica III - Ciências,2016,Pref. Campinas/SP,FCC,Superior,https://www.pciconcursos.com.br/provas/download/professor-de-educacao-basica-iii-ciencias-prefeitura-campinas-sp-fcc-2016
Professor de Educação Física,2016,SEDU/ES,FCC,Superior,https://www.pciconcursos.com.br/provas/download/professor-de-educacao-fisica-sedu-es-fcc-2016
Professor de Educação Física,2009,Pref. Teresina/PI,FCC,Superior,https://www.pciconcursos.com.br/provas/download/professor-de-educacao-fisica-prefeitura-teresina-pi-fcc-2009
Professor de Educação Física,2005,Pref. Santos/SP,FCC,Superior,https://www.pciconcursos.com.br/provas/download/professor-de-educacao-fisica-prefeitura-santos-sp-fcc-2005
Professor de Educação Física,2004,SESI/SP,FCC,Superior,https://www.pciconcursos.com.br/provas/download/professor-de-educacao-fisica-sesi-sp-fcc-2004
Professor de Educação Física,2003,SEED/SE,FCC,Superior,https://www.pciconcursos.com.br/provas/download/professor-de-educacao-fisica-seed-se-fcc-2003
Professor de Educação Indígena,2003,SEC/SE,FCC,Superior,https://www.pciconcursos.com.br/provas/download/professor-de-educacao-indigena-sec-se-fcc-2003
Professor de Educação Infantil,2010,Pref. São Paulo/SP,FCC,Superior,https://www.pciconcursos.com.br/provas/download/professor-de-educacao-infantil-prefeitura-sao-paulo-sp-fcc-2010
Professor de Educação Infantil,2004,SESI/SP,FCC,Superior,https://www.pciconcursos.com.br/provas/download/professor-de-educacao-infantil-sesi-sp-fcc-2004
Professor de Educação Infantil,2004,Pref. São Paulo/SP,FCC,Superior,https://www.pciconcursos.com.br/provas/download/professor-de-educacao-infantil-prefeitura-sao-paulo-sp-fcc-2004
Professor de Educação Infantil,2003,SEC/SE,FCC,Superior,https://www.pciconcursos.com.br/provas/download/professor-de-educacao-infantil-sec-se-fcc-2003
Professor de Educação Infantil e Ensino Fundamental I,2010,Pref. São Paulo/SP,FCC,Superior,https://www.pciconcursos.com.br/provas/download/professor-de-educacao-infantil-e-ensino-fundamental-i-prefeitura-sao-paulo-sp-fcc-2010
Professor de Educação Quilombola,2003,SEC/SE,FCC,Superior,https://www.pciconcursos.com.br/provas/download/professor-de-educacao-quilombola-sec-se-fcc-2003
Professor de Ensino Fundamental II - Ciência,2004,Pref. São Paulo/SP,FCC,Superior,https://www.pciconcursos.com.br/provas/download/professor-de-ensino-fundamental-ii-ciencia-prefeitura-sao-paulo-sp-fcc-2004
Professor de Ensino Fundamental II - Ciências,2007,Pref. São Paulo/SP,FCC,Superior,https://www.pciconcursos.com.br/provas/download/professor-de-ensino-fundamental-ii-ciencias-prefeitura-sao-paulo-sp-fcc-2007
Professor de Ensino Fundamental II - Educação Artística,2007,Pref. São Paulo/SP,FCC,Superior,https://www.pciconcursos.com.br/provas/download/professor-de-ensino-fundamental-ii-educacao-artistica-prefeitura-sao-paulo-sp-fcc-2007
Professor de Ensino Fundamental II - Educação Física,2007,Pref. São Paulo/SP,FCC,Superior,https://www.pciconcursos.com.br/provas/download/professor-de-ensino-fundamental-ii-educacao-fisica-prefeitura-sao-paulo-sp-fcc-2007
Professor de Ensino Fundamental II - Geografia,2007,Pref. São Paulo/SP,FCC,Superior,https://www.pciconcursos.com.br/provas/download/professor-de-ensino-fundamental-ii-geografia-prefeitura-sao-paulo-sp-fcc-2007
Professor de Ensino Fundamental II - História,2007,Pref. São Paulo/SP,FCC,Superior,https://www.pciconcursos.com.br/provas/download/professor-de-ensino-fundamental-ii-historia-prefeitura-sao-paulo-sp-fcc-2007
Professor de Ensino Fundamental II - História,2004,Pref. São Paulo/SP,FCC,Superior,https://www.pciconcursos.com.br/provas/download/professor-de-ensino-fundamental-ii-historia-prefeitura-sao-paulo-sp-fcc-2004
Professor de Ensino Fundamental II - Inglês,2007,Pref. São Paulo/SP,FCC,Superior,https://www.pciconcursos.com.br/provas/download/professor-de-ensino-fundamental-ii-ingles-prefeitura-sao-paulo-sp-fcc-2007
Professor de Ensino Fundamental II - Matemática,2007,Pref. São Paulo/SP,FCC,Superior,https://www.pciconcursos.com.br/provas/download/professor-de-ensino-fundamental-ii-matematica-prefeitura-sao-paulo-sp-fcc-2007
Professor de Ensino Fundamental II - Matemática,2004,Pref. São Paulo/SP,FCC,Superior,https://www.pciconcursos.com.br/provas/download/professor-de-ensino-fundamental-ii-matematica-prefeitura-sao-paulo-sp-fcc-2004
Professor de Ensino Fundamental II - Português,2007,Pref. São Paulo/SP,FCC,Superior,https://www.pciconcursos.com.br/provas/download/professor-de-ensino-fundamental-ii-portugues-prefeitura-sao-paulo-sp-fcc-2007
Professor de Ensino Fundamental II - Português,2004,Pref. São Paulo/SP,FCC,Superior,https://www.pciconcursos.com.br/provas/download/professor-de-ensino-fundamental-ii-portugues-prefeitura-sao-paulo-sp-fcc-2004
Professor de Ensino Fundamental II e Médio - Artes,2012,Pref. São Paulo/SP,FCC,Superior,https://www.pciconcursos.com.br/provas/download/professor-de-ensino-fundamental-ii-e-medio-artes-prefeitura-sao-paulo-sp-fcc-2012
Professor de Ensino Fundamental II e Médio - Biologia,2012,Pref. São Paulo/SP,FCC,Superior,https://www.pciconcursos.com.br/provas/download/professor-de-ensino-fundamental-ii-e-medio-biologia-prefeitura-sao-paulo-sp-fcc-2012
Professor de Ensino Fundamental II e Médio - Ciências,2012,Pref. São Paulo/SP,FCC,Superior,https://www.pciconcursos.com.br/provas/download/professor-de-ensino-fundamental-ii-e-medio-ciencias-prefeitura-sao-paulo-sp-fcc-2012
Professor de Ensino Fundamental II e Médio - Educação Física,2012,Pref. São Paulo/SP,FCC,Superior,https://www.pciconcursos.com.br/provas/download/professor-de-ensino-fundamental-ii-e-medio-educacao-fisica-prefeitura-sao-paulo-sp-fcc-2012
Professor de Ensino Fundamental II e Médio - Espanhol,2012,Pref. São Paulo/SP,FCC,Superior,https://www.pciconcursos.com.br/provas/download/professor-de-ensino-fundamental-ii-e-medio-espanhol-prefeitura-sao-paulo-sp-fcc-2012
Professor de Ensino Fundamental II e Médio - Filosofia,2012,Pref. São Paulo/SP,FCC,Superior,https://www.pciconcursos.com.br/provas/download/professor-de-ensino-fundamental-ii-e-medio-filosofia-prefeitura-sao-paulo-sp-fcc-2012
Professor de Ensino Fundamental II e Médio - Física,2012,Pref. São Paulo/SP,FCC,Superior,https://www.pciconcursos.com.br/provas/download/professor-de-ensino-fundamental-ii-e-medio-fisica-prefeitura-sao-paulo-sp-fcc-2012
Professor de Ensino Fundamental II e Médio - Geografia,2012,Pref. São Paulo/SP,FCC,Superior,https://www.pciconcursos.com.br/provas/download/professor-de-ensino-fundamental-ii-e-medio-geografia-prefeitura-sao-paulo-sp-fcc-2012
Professor de Ensino Fundamental II e Médio - História,2012,Pref. São Paulo/SP,FCC,Superior,https://www.pciconcursos.com.br/provas/download/professor-de-ensino-fundamental-ii-e-medio-historia-prefeitura-sao-paulo-sp-fcc-2012
Professor de Ensino Fundamental II e Médio - Inglês,2012,Pref. São Paulo/SP,FCC,Superior,https://www.pciconcursos.com.br/provas/download/professor-de-ensino-fundamental-ii-e-medio-ingles-prefeitura-sao-paulo-sp-fcc-2012
Professor de Ensino Fundamental II e Médio - Matemática,2012,Pref. São Paulo/SP,FCC,Superior,https://www.pciconcursos.com.br/provas/download/professor-de-ensino-fundamental-ii-e-medio-matematica-prefeitura-sao-paulo-sp-fcc-2012
Professor de Ensino Fundamental II e Médio - Português,2012,Pref. São Paulo/SP,FCC,Superior,https://www.pciconcursos.com.br/provas/download/professor-de-ensino-fundamental-ii-e-medio-portugues-prefeitura-sao-paulo-sp-fcc-2012
Professor de Ensino Fundamental II e Médio - Química,2012,Pref. São Paulo/SP,FCC,Superior,https://www.pciconcursos.com.br/provas/download/professor-de-ensino-fundamental-ii-e-medio-quimica-prefeitura-sao-paulo-sp-fcc-2012
Professor de Ensino Fundamental II e Médio - Sociologia,2012,Pref. São Paulo/SP,FCC,Superior,https://www.pciconcursos.com.br/provas/download/professor-de-ensino-fundamental-ii-e-medio-sociologia-prefeitura-sao-paulo-sp-fcc-2012
Professor de Ensino Fundamental II e Médio Artes,2009,SME - Pref. São Paulo/SP,FCC,Superior,https://www.pciconcursos.com.br/provas/download/professor-de-ensino-fundamental-ii-e-medio-artes-sme-prefeitura-sao-paulo-sp-fcc-2009
Professor de Ensino Fundamental II e Médio Biologia,2009,SME - Pref. São Paulo/SP,FCC,Superior,https://www.pciconcursos.com.br/provas/download/professor-de-ensino-fundamental-ii-e-medio-biologia-sme-prefeitura-sao-paulo-sp-fcc-2009
Professor de Ensino Fundamental II e Médio Ciências,2009,SME - Pref. São Paulo/SP,FCC,Superior,https://www.pciconcursos.com.br/provas/download/professor-de-ensino-fundamental-ii-e-medio-ciencias-sme-prefeitura-sao-paulo-sp-fcc-2009
Professor de Ensino Fundamental II e Médio Educação Física,2009,SME - Pref. São Paulo/SP,FCC,Superior,https://www.pciconcursos.com.br/provas/download/professor-de-ensino-fundamental-ii-e-medio-educacao-fisica-sme-prefeitura-sao-paulo-sp-fcc-2009
Professor de Ensino Fundamental II e Médio Física,2009,SME - Pref. São Paulo/SP,FCC,Superior,https://www.pciconcursos.com.br/provas/download/professor-de-ensino-fundamental-ii-e-medio-fisica-sme-prefeitura-sao-paulo-sp-fcc-2009
Professor de Ensino Fundamental II e Médio Geografia,2009,SME - Pref. São Paulo/SP,FCC,Superior,https://www.pciconcursos.com.br/provas/download/professor-de-ensino-fundamental-ii-e-medio-geografia-sme-prefeitura-sao-paulo-sp-fcc-2009
Professor de Ensino Fundamental II e Médio História,2009,SME - Pref. São Paulo/SP,FCC,Superior,https://www.pciconcursos.com.br/provas/download/professor-de-ensino-fundamental-ii-e-medio-historia-sme-prefeitura-sao-paulo-sp-fcc-2009
Professor de Ensino Fundamental II e Médio Inglês,2009,SME - Pref. São Paulo/SP,FCC,Superior,https://www.pciconcursos.com.br/provas/download/professor-de-ensino-fundamental-ii-e-medio-ingles-sme-prefeitura-sao-paulo-sp-fcc-2009
Professor de Ensino Fundamental II e Médio Matemática,2009,SME - Pref. São Paulo/SP,FCC,Superior,https://www.pciconcursos.com.br/provas/download/professor-de-ensino-fundamental-ii-e-medio-matematica-sme-prefeitura-sao-paulo-sp-fcc-2009
Professor de Ensino Fundamental II e Médio Português,2009,SME - Pref. São Paulo/SP,FCC,Superior,https://www.pciconcursos.com.br/provas/download/professor-de-ensino-fundamental-ii-e-medio-portugues-sme-prefeitura-sao-paulo-sp-fcc-2009
Professor de Ensino Fundamental II e Médio Química,2009,SME - Pref. São Paulo/SP,FCC,Superior,https://www.pciconcursos.com.br/provas/download/professor-de-ensino-fundamental-ii-e-medio-quimica-sme-prefeitura-sao-paulo-sp-fcc-2009
Professor de Ensino Médio - Filosofia,2007,Pref. São Paulo/SP,FCC,Superior,https://www.pciconcursos.com.br/provas/download/professor-de-ensino-medio-filosofia-prefeitura-sao-paulo-sp-fcc-2007
Professor de Ensino Médio - Psicologia,2007,Pref. São Paulo/SP,FCC,Superior,https://www.pciconcursos.com.br/provas/download/professor-de-ensino-medio-psicologia-prefeitura-sao-paulo-sp-fcc-2007
Professor de Ensino Médio - Sociologia,2007,Pref. São Paulo/SP,FCC,Superior,https://www.pciconcursos.com.br/provas/download/professor-de-ensino-medio-sociologia-prefeitura-sao-paulo-sp-fcc-2007
Professor de Ensino Religioso,2009,Pref. Teresina/PI,FCC,Superior,https://www.pciconcursos.com.br/provas/download/professor-de-ensino-religioso-prefeitura-teresina-pi-fcc-2009
Professor de Ensino Técnico - Núcleo Técnico - Análises Clínicas,2012,FPET/SP,FCC,Superior,https://www.pciconcursos.com.br/provas/download/professor-de-ensino-tecnico-nucleo-tecnico-analises-clinicas-fpet-sp-fcc-2012
Professor de Ensino Técnico - Núcleo Técnico - Farmácia,2012,FPET/SP,FCC,Superior,https://www.pciconcursos.com.br/provas/download/professor-de-ensino-tecnico-nucleo-tecnico-farmacia-fpet-sp-fcc-2012
Professor de Ensino Técnico - Núcleo Técnico - Gestão de Serviços de Saúde,2012,FPET/SP,FCC,Superior,https://www.pciconcursos.com.br/provas/download/professor-de-ensino-tecnico-nucleo-tecnico-gestao-de-servicos-de-saude-fpet-sp-fcc-2012
Professor de Ensino Técnico - Núcleo Técnico - Psicologia Aplicada à Saúde,2012,FPET/SP,FCC,Superior,https://www.pciconcursos.com.br/provas/download/professor-de-ensino-tecnico-nucleo-tecnico-psicologia-aplicada-a-saude-fpet-sp-fcc-2012
Professor de Ensino Técnico - Núcleo Técnico - Saúde Bucal,2012,FPET/SP,FCC,Superior,https://www.pciconcursos.com.br/provas/download/professor-de-ensino-tecnico-nucleo-tecnico-saude-bucal-fpet-sp-fcc-2012
Professor de Ensino Técnico Núcleo Básico,2012,FPET/SP,FCC,Superior,https://www.pciconcursos.com.br/provas/download/professor-de-ensino-tecnico-nucleo-basico-fpet-sp-fcc-2012
Professor de Filosofia,2016,SEDU/ES,FCC,Superior,https://www.pciconcursos.com.br/provas/download/professor-de-filosofia-sedu-es-fcc-2016
Professor de Filosofia,2003,SEC/SE,FCC,Superior,https://www.pciconcursos.com.br/provas/download/professor-de-filosofia-sec-se-fcc-2003
Professor de Filosofia,2003,SEED/SE,FCC,Superior,https://www.pciconcursos.com.br/provas/download/professor-de-filosofia-seed-se-fcc-2003
Professor de Física,2016,SEDU/ES,FCC,Superior,https://www.pciconcursos.com.br/provas/download/professor-de-fisica-sedu-es-fcc-2016
Professor de Física,2005,SEDUC/MA,FCC,Superior,https://www.pciconcursos.com.br/provas/download/professor-de-fisica-seduc-ma-fcc-2005
Professor de Física,2003,SEED/SE,FCC,Superior,https://www.pciconcursos.com.br/provas/download/professor-de-fisica-seed-se-fcc-2003
Professor de Geografia,2016,SEDU/ES,FCC,Superior,https://www.pciconcursos.com.br/provas/download/professor-de-geografia-sedu-es-fcc-2016
Professor de Geografia,2009,Pref. Teresina/PI,FCC,Superior,https://www.pciconcursos.com.br/provas/download/professor-de-geografia-prefeitura-teresina-pi-fcc-2009
Professor de Geografia,2004,Pref. São Paulo/SP,FCC,Superior,https://www.pciconcursos.com.br/provas/download/professor-de-geografia-prefeitura-sao-paulo-sp-fcc-2004
Professor de Geografia,2004,SESI/SP,FCC,Superior,https://www.pciconcursos.com.br/provas/download/professor-de-geografia-sesi-sp-fcc-2004
Professor de Geografia,2003,SEED/SE,FCC,Superior,https://www.pciconcursos.com.br/provas/download/professor-de-geografia-seed-se-fcc-2003
Professor de História,2016,SEDU/ES,FCC,Superior,https://www.pciconcursos.com.br/provas/download/professor-de-historia-sedu-es-fcc-2016
Professor de História,2009,Pref. Teresina/PI,FCC,Superior,https://www.pciconcursos.com.br/provas/download/professor-de-historia-prefeitura-teresina-pi-fcc-2009
Professor de História,2004,Pref. São Paulo/SP,FCC,Superior,https://www.pciconcursos.com.br/provas/download/professor-de-historia-prefeitura-sao-paulo-sp-fcc-2004
Professor de História,2004,SESI/SP,FCC,Superior,https://www.pciconcursos.com.br/provas/download/professor-de-historia-sesi-sp-fcc-2004
Professor de História,2003,SEED/SE,FCC,Superior,https://www.pciconcursos.com.br/provas/download/professor-de-historia-seed-se-fcc-2003
Professor de Informática,2003,SEC/SE,FCC,Superior,https://www.pciconcursos.com.br/provas/download/professor-de-informatica-sec-se-fcc-2003
Professor de Informática,2003,SEED/SE,FCC,Superior,https://www.pciconcursos.com.br/provas/download/professor-de-informatica-seed-se-fcc-2003
Professor de Inglês,2004,SESI/SP,FCC,Superior,https://www.pciconcursos.com.br/provas/download/professor-de-ingles-sesi-sp-fcc-2004
Professor de Inglês,2004,Pref. São Paulo/SP,FCC,Superior,https://www.pciconcursos.com.br/provas/download/professor-de-ingles-prefeitura-sao-paulo-sp-fcc-2004
Professor de Inglês,2003,SEC/SE,FCC,Superior,https://www.pciconcursos.com.br/provas/download/professor-de-ingles-sec-se-fcc-2003
Professor de Inglês,2003,SEED/SE,FCC,Superior,https://www.pciconcursos.com.br/provas/download/professor-de-ingles-seed-se-fcc-2003
Professor de Língua Estrangeira Moderna/ Inglês,2005,SEDUC/MA,FCC,Superior,https://www.pciconcursos.com.br/provas/download/professor-de-lingua-estrangeira-moderna-ingles-seduc-ma-fcc-2005
Professor de Língua Inglesa,2016,SEDU/ES,FCC,Superior,https://www.pciconcursos.com.br/provas/download/professor-de-lingua-inglesa-sedu-es-fcc-2016
Professor de Língua Inglesa,2009,Pref. Teresina/PI,FCC,Superior,https://www.pciconcursos.com.br/provas/download/professor-de-lingua-inglesa-prefeitura-teresina-pi-fcc-2009
Professor de Língua Portuguesa,2016,SEDU/ES,FCC,Superior,https://www.pciconcursos.com.br/provas/download/professor-de-lingua-portuguesa-sedu-es-fcc-2016
Professor de Língua Portuguesa,2009,Pref. Teresina/PI,FCC,Superior,https://www.pciconcursos.com.br/provas/download/professor-de-lingua-portuguesa-prefeitura-teresina-pi-fcc-2009
Professor de Língua Portuguesa,2005,SEDUC/MA,FCC,Superior,https://www.pciconcursos.com.br/provas/download/professor-de-lingua-portuguesa-seduc-ma-fcc-2005
Professor de Língua Portuguesa,2004,SESI/SP,FCC,Superior,https://www.pciconcursos.com.br/provas/download/professor-de-lingua-portuguesa-sesi-sp-fcc-2004
Professor de Língua Portuguesa,2003,SEED/SE,FCC,Superior,https://www.pciconcursos.com.br/provas/download/professor-de-lingua-portuguesa-seed-se-fcc-2003
Professor de Matemática,2016,SEDU/ES,FCC,Superior,https://www.pciconcursos.com.br/provas/download/professor-de-matematica-sedu-es-fcc-2016
Professor de Matemática,2009,Pref. Teresina/PI,FCC,Superior,https://www.pciconcursos.com.br/provas/download/professor-de-matematica-prefeitura-teresina-pi-fcc-2009
Professor de Matemática,2005,SEDUC/MA,FCC,Superior,https://www.pciconcursos.com.br/provas/download/professor-de-matematica-seduc-ma-fcc-2005
Professor de Matemática,2004,SESI/SP,FCC,Superior,https://www.pciconcursos.com.br/provas/download/professor-de-matematica-sesi-sp-fcc-2004
Professor de Matemática,2004,Pref. São Paulo/SP,FCC,Superior,https://www.pciconcursos.com.br/provas/download/professor-de-matematica-prefeitura-sao-paulo-sp-fcc-2004
Professor de Matemática,2003,SEC/SE,FCC,Superior,https://www.pciconcursos.com.br/provas/download/professor-de-matematica-sec-se-fcc-2003
Professor de Matemática,2003,SEED/SE,FCC,Superior,https://www.pciconcursos.com.br/provas/download/professor-de-matematica-seed-se-fcc-2003
Professor de Música,2003,SEED/SE,FCC,Superior,https://www.pciconcursos.com.br/provas/download/professor-de-musica-seed-se-fcc-2003
Professor de Português,2004,Pref. São Paulo/SP,FCC,Superior,https://www.pciconcursos.com.br/provas/download/professor-de-portugues-prefeitura-sao-paulo-sp-fcc-2004
Professor de Português,2003,SEC/SE,FCC,Superior,https://www.pciconcursos.com.br/provas/download/professor-de-portugues-sec-se-fcc-2003
Professor de Química,2016,SEDU/ES,FCC,Superior,https://www.pciconcursos.com.br/provas/download/professor-de-quimica-sedu-es-fcc-2016
Professor de Química,2005,SEDUC/MA,FCC,Superior,https://www.pciconcursos.com.br/provas/download/professor-de-quimica-seduc-ma-fcc-2005
Professor de Química,2003,SEED/SE,FCC,Superior,https://www.pciconcursos.com.br/provas/download/professor-de-quimica-seed-se-fcc-2003
Professor de Sociologia,2016,SEDU/ES,FCC,Superior,https://www.pciconcursos.com.br/provas/download/professor-de-sociologia-sedu-es-fcc-2016
Professor de Sociologia,2003,SEED/SE,FCC,Superior,https://www.pciconcursos.com.br/provas/download/professor-de-sociologia-seed-se-fcc-2003
Professor II - Alemão,2011,SEE/SP,FCC,Superior,https://www.pciconcursos.com.br/provas/download/professor-ii-alemao-see-sp-fcc-2011
Professor II - Arte,2011,SEE/SP,FCC,Superior,https://www.pciconcursos.com.br/provas/download/professor-ii-arte-see-sp-fcc-2011
Professor II - Artes,2011,Pref. São Paulo/SP,FCC,Superior,https://www.pciconcursos.com.br/provas/download/professor-ii-artes-prefeitura-sao-paulo-sp-fcc-2011
Professor II - Biologia,2011,SEE/SP,FCC,Superior,https://www.pciconcursos.com.br/provas/download/professor-ii-biologia-see-sp-fcc-2011
Professor II - Ciências,2011,Pref. São Paulo/SP,FCC,Superior,https://www.pciconcursos.com.br/provas/download/professor-ii-ciencias-prefeitura-sao-paulo-sp-fcc-2011
Professor II - Ciências Físicas e Biológicas,2011,SEE/SP,FCC,Superior,https://www.pciconcursos.com.br/provas/download/professor-ii-ciencias-fisicas-e-biologicas-see-sp-fcc-2011
Professor II - Educ. Infantil e 1ª a 4ª séries do Ensino Fund. - Educ. dos Remanescentes Quilombolas,2003,SEED/SE,FCC,Superior,https://www.pciconcursos.com.br/provas/download/professor-ii-educ-infantil-e-1-a-4-series-do-ensino-fund-educ-dos-remanescentes-quilombolas-seed-se-fcc-2003
Professor II - Educação,2011,SEE/SP,FCC,Superior,https://www.pciconcursos.com.br/provas/download/professor-ii-educacao-see-sp-fcc-2011
Professor II - Educação Física,2011,Pref. São Paulo/SP,FCC,Superior,https://www.pciconcursos.com.br/provas/download/professor-ii-educacao-fisica-prefeitura-sao-paulo-sp-fcc-2011
Professor II - Educação Física,2011,SEE/SP,FCC,Superior,https://www.pciconcursos.com.br/provas/download/professor-ii-educacao-fisica-see-sp-fcc-2011
Professor II - Educação Infantil e 1ª a 4ª séries do Ensino Fundamental,2003,SEED/SE,FCC,Superior,https://www.pciconcursos.com.br/provas/download/professor-ii-educacao-infantil-e-1-a-4-series-do-ensino-fundamental-seed-se-fcc-2003
Professor II - Espanhol,2011,Pref. São Paulo/SP,FCC,Superior,https://www.pciconcursos.com.br/provas/download/professor-ii-espanhol-prefeitura-sao-paulo-sp-fcc-2011
Professor II - Espanhol,2011,SEE/SP,FCC,Superior,https://www.pciconcursos.com.br/provas/download/professor-ii-espanhol-see-sp-fcc-2011
Professor II - Filosofia,2011,SEE/SP,FCC,Superior,https://www.pciconcursos.com.br/provas/download/professor-ii-filosofia-see-sp-fcc-2011
Professor II - Física,2011,SEE/SP,FCC,Superior,https://www.pciconcursos.com.br/provas/download/professor-ii-fisica-see-sp-fcc-2011
Professor II - Francês,2011,SEE/SP,FCC,Superior,https://www.pciconcursos.com.br/provas/download/professor-ii-frances-see-sp-fcc-2011
Professor II - Geografia,2011,Pref. São Paulo/SP,FCC,Superior,https://www.pciconcursos.com.br/provas/download/professor-ii-geografia-prefeitura-sao-paulo-sp-fcc-2011
Professor II - Geografia,2011,SEE/SP,FCC,Superior,https://www.pciconcursos.com.br/provas/download/professor-ii-geografia-see-sp-fcc-2011
Professor II - História,2011,Pref. São Paulo/SP,FCC,Superior,https://www.pciconcursos.com.br/provas/download/professor-ii-historia-prefeitura-sao-paulo-sp-fcc-2011
Professor II - História,2011,SEE/SP,FCC,Superior,https://www.pciconcursos.com.br/provas/download/professor-ii-historia-see-sp-fcc-2011
Professor II - Inglês,2011,Pref. São Paulo/SP,FCC,Superior,https://www.pciconcursos.com.br/provas/download/professor-ii-ingles-prefeitura-sao-paulo-sp-fcc-2011
Professor II - Inglês,2011,SEE/SP,FCC,Superior,https://www.pciconcursos.com.br/provas/download/professor-ii-ingles-see-sp-fcc-2011
Professor II - Italiano,2011,SEE/SP,FCC,Superior,https://www.pciconcursos.com.br/provas/download/professor-ii-italiano-see-sp-fcc-2011
Professor II - Japonês,2011,SEE/SP,FCC,Superior,https://www.pciconcursos.com.br/provas/download/professor-ii-japones-see-sp-fcc-2011
Professor II - Língua Portuguesa,2011,SEE/SP,FCC,Superior,https://www.pciconcursos.com.br/provas/download/professor-ii-lingua-portuguesa-see-sp-fcc-2011
Professor II - Matemática,2011,Pref. São Paulo/SP,FCC,Superior,https://www.pciconcursos.com.br/provas/download/professor-ii-matematica-prefeitura-sao-paulo-sp-fcc-2011
Professor II - Matemática,2011,SEE/SP,FCC,Superior,https://www.pciconcursos.com.br/provas/download/professor-ii-matematica-see-sp-fcc-2011
Professor II - Português,2011,Pref. São Paulo/SP,FCC,Superior,https://www.pciconcursos.com.br/provas/download/professor-ii-portugues-prefeitura-sao-paulo-sp-fcc-2011
Professor II - Psicologia,2011,SEE/SP,FCC,Superior,https://www.pciconcursos.com.br/provas/download/professor-ii-psicologia-see-sp-fcc-2011
Professor II - Química,2011,SEE/SP,FCC,Superior,https://www.pciconcursos.com.br/provas/download/professor-ii-quimica-see-sp-fcc-2011
Professor II - Sociologia,2011,SEE/SP,FCC,Superior,https://www.pciconcursos.com.br/provas/download/professor-ii-sociologia-see-sp-fcc-2011
Professor II Educação Especial - Deficiência Auditiva,2011,SEE/SP,FCC,Superior,https://www.pciconcursos.com.br/provas/download/professor-ii-educacao-especial-deficiencia-auditiva-see-sp-fcc-2011
Professor II Educação Especial - Deficiência Física,2011,SEE/SP,FCC,Superior,https://www.pciconcursos.com.br/provas/download/professor-ii-educacao-especial-deficiencia-fisica-see-sp-fcc-2011
Professor II Educação Especial - Deficiência Mental,2011,SEE/SP,FCC,Superior,https://www.pciconcursos.com.br/provas/download/professor-ii-educacao-especial-deficiencia-mental-see-sp-fcc-2011
Professor II Educação Especial - Deficiência Visual,2011,SEE/SP,FCC,Superior,https://www.pciconcursos.com.br/provas/download/professor-ii-educacao-especial-deficiencia-visual-see-sp-fcc-2011
Professor Muncipal - 30 horas,2006,Pref. Suzano/SP,FCC,Superior,https://www.pciconcursos.com.br/provas/download/professor-muncipal-30-horas-prefeitura-suzano-sp-fcc-2006
Professor Municipal - 24 horas,2006,Pref. Suzano/SP,FCC,Superior,https://www.pciconcursos.com.br/provas/download/professor-municipal-24-horas-prefeitura-suzano-sp-fcc-2006
Professor Orientador de Aprendizagem - Ensino Fundamental,2004,SESI/SP,FCC,Superior,https://www.pciconcursos.com.br/provas/download/professor-orientador-de-aprendizagem-ensino-fundamental-sesi-sp-fcc-2004
Professor Orientador de Aprendizagem - Ensino Médio,2004,SESI/SP,FCC,Superior,https://www.pciconcursos.com.br/provas/download/professor-orientador-de-aprendizagem-ensino-medio-sesi-sp-fcc-2004
Professor Substituto de Educação Especial,2005,Pref. Santos/SP,FCC,Superior,https://www.pciconcursos.com.br/provas/download/professor-substituto-de-educacao-especial-prefeitura-santos-sp-fcc-2005
Professor Substituto de Ensino Fundamental II - Arte Musical,2005,Pref. Santos/SP,FCC,Superior,https://www.pciconcursos.com.br/provas/download/professor-substituto-de-ensino-fundamental-ii-arte-musical-prefeitura-santos-sp-fcc-2005
Professor Substituto de Ensino Fundamental II - Ciências,2005,Pref. Santos/SP,FCC,Superior,https://www.pciconcursos.com.br/provas/download/professor-substituto-de-ensino-fundamental-ii-ciencias-prefeitura-santos-sp-fcc-2005
Professor Substituto de Ensino Fundamental II - Educação Artística,2005,Pref. Santos/SP,FCC,Superior,https://www.pciconcursos.com.br/provas/download/professor-substituto-de-ensino-fundamental-ii-educacao-artistica-prefeitura-santos-sp-fcc-2005
Professor Substituto de Ensino Fundamental II - Educação Física,2005,Pref. Santos/SP,FCC,Superior,https://www.pciconcursos.com.br/provas/download/professor-substituto-de-ensino-fundamental-ii-educacao-fisica-prefeitura-santos-sp-fcc-2005
Professor Substituto de Ensino Fundamental II - Geografia,2005,Pref. Santos/SP,FCC,Superior,https://www.pciconcursos.com.br/provas/download/professor-substituto-de-ensino-fundamental-ii-geografia-prefeitura-santos-sp-fcc-2005
Professor Substituto de Ensino Fundamental II - História,2005,Pref. Santos/SP,FCC,Superior,https://www.pciconcursos.com.br/provas/download/professor-substituto-de-ensino-fundamental-ii-historia-prefeitura-santos-sp-fcc-2005
Professor Substituto de Ensino Fundamental II - Inglês,2005,Pref. Santos/SP,FCC,Superior,https://www.pciconcursos.com.br/provas/download/professor-substituto-de-ensino-fundamental-ii-ingles-prefeitura-santos-sp-fcc-2005
Professor Substituto de Ensino Fundamental II - Matemática,2005,Pref. Santos/SP,FCC,Superior,https://www.pciconcursos.com.br/provas/download/professor-substituto-de-ensino-fundamental-ii-matematica-prefeitura-santos-sp-fcc-2005
Professor Substituto de Ensino Fundamental II - Português,2005,Pref. Santos/SP,FCC,Superior,https://www.pciconcursos.com.br/provas/download/professor-substituto-de-ensino-fundamental-ii-portugues-prefeitura-santos-sp-fcc-2005
Profissional de Engenharia e Manutenção - Desenhista Projetista,2011,INFRAERO,FCC,Superior,https://www.pciconcursos.com.br/provas/download/profissional-de-engenharia-e-manutencao-desenhista-projetista-infraero-fcc-2011
Profissional de Navegação Aérea,2011,INFRAERO,FCC,Superior,https://www.pciconcursos.com.br/provas/download/profissional-de-navegacao-aerea-infraero-fcc-2011
Profissional de Nível Superior - Administração de Empresas,2016,ELETROSUL,FCC,Superior,https://www.pciconcursos.com.br/provas/download/profissional-de-nivel-superior-administracao-de-empresas-eletrosul-fcc-2016
Profissional de Nível Superior - Ciências Contábeis,2016,ELETROSUL,FCC,Superior,https://www.pciconcursos.com.br/provas/download/profissional-de-nivel-superior-ciencias-contabeis-eletrosul-fcc-2016
Profissional de Nível Superior - Ciências Econômicas,2016,ELETROSUL,FCC,Superior,https://www.pciconcursos.com.br/provas/download/profissional-de-nivel-superior-ciencias-economicas-eletrosul-fcc-2016
Profissional de Nível Superior - Direito,2016,ELETROSUL,FCC,Superior,https://www.pciconcursos.com.br/provas/download/profissional-de-nivel-superior-direito-eletrosul-fcc-2016
Profissional de Nível Superior - Informática,2016,ELETROSUL,FCC,Superior,https://www.pciconcursos.com.br/provas/download/profissional-de-nivel-superior-informatica-eletrosul-fcc-2016
Profissional de Tráfego Aéreo,2011,INFRAERO,FCC,Superior,https://www.pciconcursos.com.br/provas/download/profissional-de-trafego-aereo-infraero-fcc-2011
Programador,2008,TCE/AL,FCC,Superior,https://www.pciconcursos.com.br/provas/download/programador-tce-al-fcc-2008
Programador Visual,2005,UFT,FCC,Superior,https://www.pciconcursos.com.br/provas/download/programador-visual-uft-fcc-2005
Promotor de Justiça,2009,MPE/CE,FCC,Superior,https://www.pciconcursos.com.br/provas/download/promotor-de-justica-mpe-ce-fcc-2009
Promotor de Justiça,2008,MPE/CE,FCC,Superior,https://www.pciconcursos.com.br/provas/download/promotor-de-justica-mpe-ce-fcc-2008
Promotor de Justiça,2006,MPE/AP,FCC,Superior,https://www.pciconcursos.com.br/provas/download/promotor-de-justica-mpe-ap-fcc-2006
Promotor de Justiça,2005,MP/SP,FCC,Superior,https://www.pciconcursos.com.br/provas/download/promotor-de-justica-mp-sp-fcc-2005
Promotor de Justiça,2005,MP/SP,FCC,Superior,https://www.pciconcursos.com.br/provas/download/promotor-de-justica-mp-sp-fcc-2005-39
Promotor de Justiça,2005,MPE/AM,FCC,Superior,https://www.pciconcursos.com.br/provas/download/promotor-de-justica-mpe-am-fcc-2005
Promotor de Justiça,2004,MPE/RN,FCC,Superior,https://www.pciconcursos.com.br/provas/download/promotor-de-justica-mpe-rn-fcc-2004
Promotor de Justiça,2004,MPE/PR,FCC,Superior,https://www.pciconcursos.com.br/provas/download/promotor-de-justica-mpe-pr-fcc-2004
Promotor de Justiça,2002,MPE/PE,FCC,Superior,https://www.pciconcursos.com.br/provas/download/prova-promotor-de-justica-mpe-pe-fcc-2002-72
Promotor de Justiça,2002,MPE/MA,FCC,Superior,https://www.pciconcursos.com.br/provas/download/promotor-de-justica-mpe-ma-fcc-2002
Promotor de Justiça,2002,MPE/PR,FCC,Superior,https://www.pciconcursos.com.br/provas/download/promotor-de-justica-mpe-pr-fcc-2002
Promotor de Justiça,2002,MPE/PE,FCC,Superior,https://www.pciconcursos.com.br/provas/download/promotor-de-justica-mpe-pe-fcc-2002
Promotor de Justiça,2001,MPE/RN,FCC,Superior,https://www.pciconcursos.com.br/provas/download/promotor-de-justica-mpe-rn-fcc-2001
Promotor de Justiça,2001,MPE/BA,FCC,Superior,https://www.pciconcursos.com.br/provas/download/promotor-de-justica-mpe-ba-fcc-2001
Promotor de Justiça,2000,MPE/RN,FCC,Superior,https://www.pciconcursos.com.br/provas/download/promotor-de-justica-mpe-rn-fcc-2000
Promotor de Justiça de 1º Entrância,2012,MPE/AL,FCC,Superior,https://www.pciconcursos.com.br/provas/download/promotor-de-justica-de-1-entrancia-mpe-al-fcc-2012
Promotor de Justiça de Entrância Inicial,2011,MPE/CE,FCC,Superior,https://www.pciconcursos.com.br/provas/download/promotor-de-justica-de-entrancia-inicial-mpe-ce-fcc-2011
Promotor de Justiça e Promotor de Justiça Substituto,2014,MPE/PA,FCC,Superior,https://www.pciconcursos.com.br/provas/download/promotor-de-justica-e-promotor-de-justica-substituto-mpe-pa-fcc-2014
Promotor de Justiça e Promotor de Justiça Susbstituto,2014,MPE/PE,FCC,Superior,https://www.pciconcursos.com.br/provas/download/promotor-de-justica-e-promotor-de-justica-susbstituto-mpe-pe-fcc-2014
Promotor de Justiça e Promotor de Justiça Susbstituto,2008,MPE/PE,FCC,Superior,https://www.pciconcursos.com.br/provas/download/promotor-de-justica-e-promotor-de-justica-susbstituto-mpe-pe-fcc-2008
Promotor de Justiça Substituto,2012,MPE/AP,FCC,Superior,https://www.pciconcursos.com.br/provas/download/promotor-de-justica-substituto-mpe-ap-fcc-2012
Psicologia Geral,2005,Pref. Santos/SP,FCC,Superior,https://www.pciconcursos.com.br/provas/download/psicologia-geral-prefeitura-santos-sp-fcc-2005
Psicólogo,2015,DPE/RR,FCC,Superior,https://www.pciconcursos.com.br/provas/download/psicologo-dpe-rr-fcc-2015
Psicólogo,2008,MPE/RS,FCC,Superior,https://www.pciconcursos.com.br/provas/download/psicologo-mpe-rs-fcc-2008
Psicólogo,2005,Pref. Santos/SP,FCC,Superior,https://www.pciconcursos.com.br/provas/download/psicologo-prefeitura-santos-sp-fcc-2005
Psicólogo,2005,SESAB/BA,FCC,Superior,https://www.pciconcursos.com.br/provas/download/psicologo-sesab-ba-fcc-2005
Psicopedagogia,2005,Pref. Santos/SP,FCC,Superior,https://www.pciconcursos.com.br/provas/download/psicopedagogia-prefeitura-santos-sp-fcc-2005
Químico,2012,SABESP,FCC,Superior,https://www.pciconcursos.com.br/provas/download/quimico-sabesp-fcc-2012
Químico,2005,UFT,FCC,Superior,https://www.pciconcursos.com.br/provas/download/quimico-uft-fcc-2005
Redator de Acórdão e Correspondência,2007,TCE/MG,FCC,Superior,https://www.pciconcursos.com.br/provas/download/redator-de-acordao-e-correspondencia-tce-mg-fcc-2007
Regulador da Assistência em Saúde,2005,SESAB/BA,FCC,Superior,https://www.pciconcursos.com.br/provas/download/regulador-da-assistencia-em-saude-sesab-ba-fcc-2005
Sanitarista - Saúde do Trabalhador,2005,SESAB/BA,FCC,Superior,https://www.pciconcursos.com.br/provas/download/sanitarista-saude-do-trabalhador-sesab-ba-fcc-2005
Sanitarista - Vigilância Epidemiológica,2005,SESAB/BA,FCC,Superior,https://www.pciconcursos.com.br/provas/download/sanitarista-vigilancia-epidemiologica-sesab-ba-fcc-2005
Sanitarista - Vigilância Sanitária e Ambiental,2005,SESAB/BA,FCC,Superior,https://www.pciconcursos.com.br/provas/download/sanitarista-vigilancia-sanitaria-e-ambiental-sesab-ba-fcc-2005
Secretária Executiva,2015,DPE/RR,FCC,Superior,https://www.pciconcursos.com.br/provas/download/secretaria-executiva-dpe-rr-fcc-2015
Secretária Executiva,2010,SERGIPE GÁS,FCC,Superior,https://www.pciconcursos.com.br/provas/download/secretaria-executiva-sergipe-gas-fcc-2010
Secretária Pleno,2010,METRÔ/SP,FCC,Superior,https://www.pciconcursos.com.br/provas/download/secretaria-pleno-metro-sp-fcc-2010
Secretário Escolar,2006,Pref. Suzano/SP,FCC,Superior,https://www.pciconcursos.com.br/provas/download/secretario-escolar-prefeitura-suzano-sp-fcc-2006
Serviço Social,2013,FHEMIG,FCC,Superior,https://www.pciconcursos.com.br/provas/download/servico-social-fhemig-fcc-2013
Serviços Notariais e de Registros - Provimento,2013,TJ/PE,FCC,Superior,https://www.pciconcursos.com.br/provas/download/servicos-notariais-e-de-registros-provimento-tj-pe-fcc-2013
Serviços Notariais e de Registros - Remoção,2013,TJ/PE,FCC,Superior,https://www.pciconcursos.com.br/provas/download/servicos-notariais-e-de-registros-remocao-tj-pe-fcc-2013
Sociólogo,2005,Pref. Santos/SP,FCC,Superior,https://www.pciconcursos.com.br/provas/download/prova-sociologo-prefeitura-santos-sp-fcc-2005-37
Sociólogo,2005,Pref. Santos/SP,FCC,Superior,https://www.pciconcursos.com.br/provas/download/sociologo-prefeitura-santos-sp-fcc-2005
Subprocurador,2002,TCE/SE,FCC,Superior,https://www.pciconcursos.com.br/provas/download/subprocurador-tce-se-fcc-2002
Superior em Direito,2017,SABESP,FCC,Superior,https://www.pciconcursos.com.br/provas/download/superior-em-direito-sabesp-fcc-2017
Supervisor,2003,Pref. São Paulo/SP,FCC,Superior,https://www.pciconcursos.com.br/provas/download/supervisor-prefeitura-sao-paulo-sp-fcc-2003
Supervisor de Ensino,2011,SEE/SP,FCC,Superior,https://www.pciconcursos.com.br/provas/download/supervisor-de-ensino-see-sp-fcc-2011
Supervisor de Linha Operacional,2010,METRÔ/SP,FCC,Superior,https://www.pciconcursos.com.br/provas/download/supervisor-de-linha-operacional-metro-sp-fcc-2010
Supervisor de Linha Operacional,2007,METRÔ/SP,FCC,Superior,https://www.pciconcursos.com.br/provas/download/supervisor-de-linha-operacional-metro-sp-fcc-2007
Supervisor Escolar,2009,Pref. São Paulo/SP,FCC,Superior,https://www.pciconcursos.com.br/provas/download/supervisor-escolar-prefeitura-sao-paulo-sp-fcc-2009
Supervisor Pedagógico,2012,SEPLAG - Polícia Militar/MG,FCC,Superior,https://www.pciconcursos.com.br/provas/download/supervisor-pedagogico-seplag-policia-militar-mg-fcc-2012
Técnico Bancário III - Informática/Desenvolvimento,2012,BANESE,FCC,Superior,https://www.pciconcursos.com.br/provas/download/tecnico-bancario-iii-informatica-desenvolvimento-banese-fcc-2012
Técnico Bancário III - Informática/Suporte,2012,BANESE,FCC,Superior,https://www.pciconcursos.com.br/provas/download/tecnico-bancario-iii-informatica-suporte-banese-fcc-2012
Técnico da Receita Estadual - Arrecadação e Fiscalização de Mercadorias em Trânsito,2016,SEFAZ - SEGEP/MA,FCC,Superior,https://www.pciconcursos.com.br/provas/download/tecnico-da-receita-estadual-arrecadacao-e-fiscalizacao-de-mercadorias-em-transito-sefaz-segep-ma-fcc-2016
Técnico da Receita Estadual - Tecnologia da Informação,2016,SEFAZ - SEGEP/MA,FCC,Superior,https://www.pciconcursos.com.br/provas/download/tecnico-da-receita-estadual-tecnologia-da-informacao-sefaz-segep-ma-fcc-2016
Técnico de Nível Superior - Administrador,2016,Pref. Teresina/PI,FCC,Superior,https://www.pciconcursos.com.br/provas/download/tecnico-de-nivel-superior-administrador-prefeitura-teresina-pi-fcc-2016
Técnico de Nível Superior - Administrador,2016,Pref. Teresina/PI,FCC,Superior,https://www.pciconcursos.com.br/provas/download/tecnico-de-nivel-superior-administrador-prefeitura-teresina-pi-fcc-2016-68
Técnico de Nível Superior - Advogado,2016,Pref. Teresina/PI,FCC,Superior,https://www.pciconcursos.com.br/provas/download/tecnico-de-nivel-superior-advogado-prefeitura-teresina-pi-fcc-2016
Técnico de Nível Superior - Analista Administrativo,2016,Pref. Teresina/PI,FCC,Superior,https://www.pciconcursos.com.br/provas/download/tecnico-de-nivel-superior-analista-administrativo-prefeitura-teresina-pi-fcc-2016
Técnico de Nível Superior - Analista Ambiental - Biologia,2016,Pref. Teresina/PI,FCC,Superior,https://www.pciconcursos.com.br/provas/download/tecnico-de-nivel-superior-analista-ambiental-biologia-prefeitura-teresina-pi-fcc-2016
Técnico de Nível Superior - Analista Ambiental - Engenharia Agronômica,2016,Pref. Teresina/PI,FCC,Superior,https://www.pciconcursos.com.br/provas/download/tecnico-de-nivel-superior-analista-ambiental-engenharia-agronomica-prefeitura-teresina-pi-fcc-2016
Técnico de Nível Superior - Analista Ambiental - Engenharia Ambiental,2016,Pref. Teresina/PI,FCC,Superior,https://www.pciconcursos.com.br/provas/download/tecnico-de-nivel-superior-analista-ambiental-engenharia-ambiental-prefeitura-teresina-pi-fcc-2016
Técnico de Nível Superior - Analista Ambiental - Engenharia Civil,2016,Pref. Teresina/PI,FCC,Superior,https://www.pciconcursos.com.br/provas/download/tecnico-de-nivel-superior-analista-ambiental-engenharia-civil-prefeitura-teresina-pi-fcc-2016
Técnico de Nível Superior - Analista Ambiental - Química,2016,Pref. Teresina/PI,FCC,Superior,https://www.pciconcursos.com.br/provas/download/tecnico-de-nivel-superior-analista-ambiental-quimica-prefeitura-teresina-pi-fcc-2016
Técnico de Nível Superior - Analista de Orçamento e Finanças Públicas,2016,Pref. Teresina/PI,FCC,Superior,https://www.pciconcursos.com.br/provas/download/tecnico-de-nivel-superior-analista-de-orcamento-e-financas-publicas-prefeitura-teresina-pi-fcc-2016
Técnico de Nível Superior - Analista de Sistemas,2016,Pref. Teresina/PI,FCC,Superior,https://www.pciconcursos.com.br/provas/download/tecnico-de-nivel-superior-analista-de-sistemas-prefeitura-teresina-pi-fcc-2016
Técnico de Nível Superior - Analista em Gestão Pública,2016,Pref. Teresina/PI,FCC,Superior,https://www.pciconcursos.com.br/provas/download/tecnico-de-nivel-superior-analista-em-gestao-publica-prefeitura-teresina-pi-fcc-2016
Técnico de Nível Superior - Assistente Social,2016,Pref. Teresina/PI,FCC,Superior,https://www.pciconcursos.com.br/provas/download/tecnico-de-nivel-superior-assistente-social-prefeitura-teresina-pi-fcc-2016
Técnico de Nível Superior - Contador,2016,Pref. Teresina/PI,FCC,Superior,https://www.pciconcursos.com.br/provas/download/tecnico-de-nivel-superior-contador-prefeitura-teresina-pi-fcc-2016
Técnico de Nível Superior - Contador,2016,Pref. Teresina/PI,FCC,Superior,https://www.pciconcursos.com.br/provas/download/tecnico-de-nivel-superior-contador-prefeitura-teresina-pi-fcc-2016-22
Técnico de Nível Superior - Economista,2016,Pref. Teresina/PI,FCC,Superior,https://www.pciconcursos.com.br/provas/download/tecnico-de-nivel-superior-economista-prefeitura-teresina-pi-fcc-2016
Técnico de Nível Superior - Engenheiro Agrimensor,2016,Pref. Teresina/PI,FCC,Superior,https://www.pciconcursos.com.br/provas/download/tecnico-de-nivel-superior-engenheiro-agrimensor-prefeitura-teresina-pi-fcc-2016
Técnico de Nível Superior - Engenheiro Ambiental e/ou Sanitarista,2016,Pref. Teresina/PI,FCC,Superior,https://www.pciconcursos.com.br/provas/download/tecnico-de-nivel-superior-engenheiro-ambiental-e-ou-sanitarista-prefeitura-teresina-pi-fcc-2016
Técnico de Nível Superior - Engenheiro Civil,2016,Pref. Teresina/PI,FCC,Superior,https://www.pciconcursos.com.br/provas/download/tecnico-de-nivel-superior-engenheiro-civil-prefeitura-teresina-pi-fcc-2016
Técnico de Nível Superior - Psicólogo,2016,Pref. Teresina/PI,FCC,Superior,https://www.pciconcursos.com.br/provas/download/tecnico-de-nivel-superior-psicologo-prefeitura-teresina-pi-fcc-2016
Técnico do Seguro Social,2012,INSS,FCC,Superior,https://www.pciconcursos.com.br/provas/download/tecnico-do-seguro-social-inss-fcc-2012
Técnico em Administração,2005,IPEA,FCC,Superior,https://www.pciconcursos.com.br/provas/download/tecnico-em-administracao-ipea-fcc-2005
Técnico em Assuntos Educacionais,2009,ENAP/DF,FCC,Superior,https://www.pciconcursos.com.br/provas/download/tecnico-em-assuntos-educacionais-enap-df-fcc-2009
Técnico em Assuntos Educacionais,2005,UFT,FCC,Superior,https://www.pciconcursos.com.br/provas/download/tecnico-em-assuntos-educacionais-uft-fcc-2005
Técnico em Controle Externo I - Direito,2007,TRE/MG,FCC,Superior,https://www.pciconcursos.com.br/provas/download/tecnico-em-controle-externo-i-direito-tre-mg-fcc-2007
Técnico em Controle Externo III - Economia,2007,TCE/MG,FCC,Superior,https://www.pciconcursos.com.br/provas/download/tecnico-em-controle-externo-iii-economia-tce-mg-fcc-2007
Técnico em Documentação,2007,TCE/MG,FCC,Superior,https://www.pciconcursos.com.br/provas/download/tecnico-em-documentacao-tce-mg-fcc-2007
